Command: C:\Users\Windows\.conda\envs\koopman\python.exe C:\Users\Windows\Desktop\论文4\code-projectv2\scripts\train_mlp_koopman.py --config C:\Users\Windows\Desktop\论文4\code-projectv2\configs\platform1.yaml --save_dir C:\Users\Windows\Desktop\论文4\code-projectv2\results\platform1\Models\mlp_koopman
Started: 2026-05-29T13:23:41.784999
============================================================
============================================================
MLP-Koopman training (baseline)
============================================================
  Config:  C:\Users\Windows\Desktop\论文4\code-projectv2\configs\platform1.yaml
  Output:  C:\Users\Windows\Desktop\论文4\code-projectv2\results\platform1\Models\mlp_koopman
CUDA device: NVIDIA GeForce RTX 5060 Ti
PyTorch CUDA version: 12.8
Using device: cuda
Random seed set to: 42
  State normalised: mean=[ 0.09753077 -0.01582445  0.6733926   0.00189379  0.22411865 -0.00133182], std=[0.42824686 2.9804783  0.2169297  1.9343365  0.11937906 1.5706955 ]
  Control normalised: mean=[0.0345642 3.11136   1.3806984], std=[0.9186094  0.91855556 0.5460997 ]
Dataset [train]:
  Total points: 74655
  Valid samples: 74415
  Trajectories: 15
  State normalised (using training-set statistics)
  Control normalised (using training-set statistics)
Dataset [val]:
  Total points: 19909
  Valid samples: 19845
  Trajectories: 4
  State normalised (using training-set statistics)
  Control normalised (using training-set statistics)
Dataset [test]:
  Total points: 4976
  Valid samples: 4960
  Trajectories: 1
  Train: 74415 / Val: 19845 / Test: 4960
Total parameters: 51,002

============================================================
端到端训练 MLP-Koopman
============================================================

Epoch 1:   0%|          | 0/582 [00:00<?, ?it/s]
Epoch 1:   0%|          | 1/582 [00:05<52:09,  5.39s/it]
Epoch 1:   8%|▊         | 49/582 [00:05<00:42, 12.58it/s]
Epoch 1:  16%|█▋        | 96/582 [00:05<00:16, 28.86it/s]
Epoch 1:  26%|██▌       | 151/582 [00:05<00:07, 54.03it/s]
Epoch 1:  35%|███▍      | 202/582 [00:05<00:04, 83.43it/s]
Epoch 1:  44%|████▍     | 255/582 [00:05<00:02, 121.14it/s]
Epoch 1:  53%|█████▎    | 310/582 [00:05<00:01, 166.94it/s]
Epoch 1:  63%|██████▎   | 365/582 [00:06<00:00, 217.32it/s]
Epoch 1:  72%|███████▏  | 418/582 [00:06<00:00, 266.72it/s]
Epoch 1:  81%|████████  | 471/582 [00:06<00:00, 314.31it/s]
Epoch 1:  90%|█████████ | 525/582 [00:06<00:00, 359.88it/s]
Epoch 1:  99%|█████████▉| 578/582 [00:06<00:00, 397.90it/s]
Epoch 1: 100%|██████████| 582/582 [00:06<00:00, 85.67it/s] 
Epoch 1/300: Train=0.031089  Val=0.018066  LR=3.00e-04

Epoch 2:   0%|          | 0/582 [00:00<?, ?it/s]
Epoch 2:   0%|          | 1/582 [00:05<50:15,  5.19s/it]
Epoch 2:   8%|▊         | 45/582 [00:05<00:44, 11.97it/s]
Epoch 2:  15%|█▌        | 90/582 [00:05<00:17, 28.09it/s]
Epoch 2:  24%|██▍       | 142/582 [00:05<00:08, 52.68it/s]
Epoch 2:  33%|███▎      | 191/582 [00:05<00:04, 81.82it/s]
Epoch 2:  42%|████▏     | 243/582 [00:05<00:02, 119.90it/s]
Epoch 2:  50%|█████     | 291/582 [00:05<00:01, 159.50it/s]
Epoch 2:  59%|█████▊    | 341/582 [00:05<00:01, 205.03it/s]
Epoch 2:  68%|██████▊   | 393/582 [00:05<00:00, 255.73it/s]
Epoch 2:  77%|███████▋  | 446/582 [00:06<00:00, 307.28it/s]
Epoch 2:  86%|████████▌ | 500/582 [00:06<00:00, 355.04it/s]
Epoch 2:  95%|█████████▌| 554/582 [00:06<00:00, 395.37it/s]
Epoch 2: 100%|██████████| 582/582 [00:06<00:00, 87.59it/s] 
Epoch 2/300: Train=0.018519  Val=0.013470  LR=3.00e-04

Epoch 3:   0%|          | 0/582 [00:00<?, ?it/s]
Epoch 3:   0%|          | 1/582 [00:05<50:12,  5.19s/it]
Epoch 3:   8%|▊         | 45/582 [00:05<00:44, 11.97it/s]
Epoch 3:  16%|█▌        | 91/582 [00:05<00:17, 28.47it/s]
Epoch 3:  25%|██▍       | 145/582 [00:05<00:08, 54.04it/s]
Epoch 3:  34%|███▍      | 198/582 [00:05<00:04, 85.76it/s]
Epoch 3:  43%|████▎     | 251/582 [00:05<00:02, 124.32it/s]
Epoch 3:  52%|█████▏    | 302/582 [00:05<00:01, 166.54it/s]
Epoch 3:  61%|██████    | 355/582 [00:05<00:01, 215.67it/s]
Epoch 3:  70%|██████▉   | 407/582 [00:05<00:00, 265.12it/s]
Epoch 3:  79%|███████▉  | 461/582 [00:06<00:00, 316.31it/s]
Epoch 3:  88%|████████▊ | 514/582 [00:06<00:00, 360.19it/s]
Epoch 3:  98%|█████████▊| 568/582 [00:06<00:00, 401.82it/s]
Epoch 3: 100%|██████████| 582/582 [00:06<00:00, 88.22it/s] 
Epoch 3/300: Train=0.015088  Val=0.011796  LR=3.00e-04

Epoch 4:   0%|          | 0/582 [00:00<?, ?it/s]
Epoch 4:   0%|          | 1/582 [00:05<50:21,  5.20s/it]
Epoch 4:   7%|▋         | 42/582 [00:05<00:48, 11.15it/s]
Epoch 4:  14%|█▍        | 84/582 [00:05<00:19, 26.19it/s]
Epoch 4:  23%|██▎       | 134/582 [00:05<00:08, 49.82it/s]
Epoch 4:  32%|███▏      | 186/582 [00:05<00:04, 81.01it/s]
Epoch 4:  41%|████      | 239/582 [00:05<00:02, 119.84it/s]
Epoch 4:  50%|█████     | 292/582 [00:05<00:01, 164.77it/s]
Epoch 4:  60%|█████▉    | 347/582 [00:05<00:01, 217.08it/s]
Epoch 4:  69%|██████▊   | 400/582 [00:06<00:00, 267.48it/s]
Epoch 4:  78%|███████▊  | 452/582 [00:06<00:00, 311.12it/s]
Epoch 4:  87%|████████▋ | 505/582 [00:06<00:00, 357.03it/s]
Epoch 4:  96%|█████████▌| 558/582 [00:06<00:00, 395.09it/s]
Epoch 4: 100%|██████████| 582/582 [00:06<00:00, 87.72it/s] 
Epoch 4/300: Train=0.013578  Val=0.010993  LR=3.00e-04

Epoch 5:   0%|          | 0/582 [00:00<?, ?it/s]
Epoch 5:   0%|          | 1/582 [00:05<50:21,  5.20s/it]
Epoch 5:   7%|▋         | 42/582 [00:05<00:48, 11.15it/s]
Epoch 5:  15%|█▌        | 88/582 [00:05<00:17, 27.64it/s]
Epoch 5:  23%|██▎       | 135/582 [00:05<00:08, 49.69it/s]
Epoch 5:  32%|███▏      | 187/582 [00:05<00:04, 80.92it/s]
Epoch 5:  41%|████      | 239/582 [00:05<00:02, 118.90it/s]
Epoch 5:  50%|█████     | 293/582 [00:05<00:01, 165.12it/s]
Epoch 5:  60%|█████▉    | 347/582 [00:05<00:01, 216.01it/s]
Epoch 5:  68%|██████▊   | 398/582 [00:06<00:00, 263.35it/s]
Epoch 5:  78%|███████▊  | 452/582 [00:06<00:00, 314.81it/s]
Epoch 5:  87%|████████▋ | 504/582 [00:06<00:00, 358.22it/s]
Epoch 5:  96%|█████████▌| 557/582 [00:06<00:00, 397.16it/s]
Epoch 5: 100%|██████████| 582/582 [00:06<00:00, 87.80it/s] 
Epoch 5/300: Train=0.012739  Val=0.010510  LR=3.00e-04

Epoch 6:   0%|          | 0/582 [00:00<?, ?it/s]
Epoch 6:   0%|          | 1/582 [00:05<50:36,  5.23s/it]
Epoch 6:   7%|▋         | 41/582 [00:05<00:49, 10.82it/s]
Epoch 6:  15%|█▌        | 90/582 [00:05<00:17, 28.34it/s]
Epoch 6:  24%|██▍       | 139/582 [00:05<00:08, 51.24it/s]
Epoch 6:  33%|███▎      | 191/582 [00:05<00:04, 82.28it/s]
Epoch 6:  41%|████      | 239/582 [00:05<00:02, 116.54it/s]
Epoch 6:  50%|█████     | 293/582 [00:05<00:01, 162.86it/s]
Epoch 6:  59%|█████▉    | 346/582 [00:05<00:01, 212.30it/s]
Epoch 6:  69%|██████▊   | 399/582 [00:06<00:00, 263.75it/s]
Epoch 6:  77%|███████▋  | 451/582 [00:06<00:00, 311.90it/s]
Epoch 6:  87%|████████▋ | 505/582 [00:06<00:00, 360.17it/s]
Epoch 6:  96%|█████████▌| 557/582 [00:06<00:00, 394.01it/s]
Epoch 6: 100%|██████████| 582/582 [00:06<00:00, 87.26it/s] 
Epoch 6/300: Train=0.012257  Val=0.010316  LR=3.00e-04

Epoch 7:   0%|          | 0/582 [00:00<?, ?it/s]
Epoch 7:   0%|          | 1/582 [00:05<50:16,  5.19s/it]
Epoch 7:   8%|▊         | 44/582 [00:05<00:45, 11.70it/s]
Epoch 7:  17%|█▋        | 97/582 [00:05<00:15, 30.78it/s]
Epoch 7:  26%|██▌       | 150/582 [00:05<00:07, 55.67it/s]
Epoch 7:  35%|███▍      | 203/582 [00:05<00:04, 87.19it/s]
Epoch 7:  44%|████▍     | 255/582 [00:05<00:02, 124.76it/s]
Epoch 7:  52%|█████▏    | 305/582 [00:05<00:01, 165.97it/s]
Epoch 7:  61%|██████▏   | 357/582 [00:05<00:01, 213.83it/s]
Epoch 7:  70%|███████   | 410/582 [00:06<00:00, 264.35it/s]
Epoch 7:  79%|███████▉  | 461/582 [00:06<00:00, 308.77it/s]
Epoch 7:  88%|████████▊ | 514/582 [00:06<00:00, 355.38it/s]
Epoch 7:  97%|█████████▋| 566/582 [00:06<00:00, 392.56it/s]
Epoch 7: 100%|██████████| 582/582 [00:06<00:00, 88.07it/s] 
Epoch 7/300: Train=0.011870  Val=0.010101  LR=3.00e-04

Epoch 8:   0%|          | 0/582 [00:00<?, ?it/s]
Epoch 8:   0%|          | 1/582 [00:05<50:15,  5.19s/it]
Epoch 8:   7%|▋         | 42/582 [00:05<00:48, 11.17it/s]
Epoch 8:  15%|█▌        | 90/582 [00:05<00:17, 28.44it/s]
Epoch 8:  24%|██▍       | 142/582 [00:05<00:08, 52.99it/s]
Epoch 8:  34%|███▍      | 198/582 [00:05<00:04, 86.67it/s]
Epoch 8:  43%|████▎     | 250/582 [00:05<00:02, 124.18it/s]
Epoch 8:  52%|█████▏    | 305/582 [00:05<00:01, 170.75it/s]
Epoch 8:  61%|██████▏   | 357/582 [00:05<00:01, 217.60it/s]
Epoch 8:  70%|███████   | 408/582 [00:06<00:00, 263.72it/s]
Epoch 8:  79%|███████▉  | 459/582 [00:06<00:00, 308.70it/s]
Epoch 8:  88%|████████▊ | 510/582 [00:06<00:00, 341.72it/s]
Epoch 8:  97%|█████████▋| 565/582 [00:06<00:00, 388.00it/s]
Epoch 8: 100%|██████████| 582/582 [00:06<00:00, 87.83it/s] 
Epoch 8/300: Train=0.011535  Val=0.009871  LR=3.00e-04

Epoch 9:   0%|          | 0/582 [00:00<?, ?it/s]
Epoch 9:   0%|          | 1/582 [00:05<50:46,  5.24s/it]
Epoch 9:   7%|▋         | 42/582 [00:05<00:48, 11.06it/s]
Epoch 9:  16%|█▌        | 93/582 [00:05<00:16, 29.25it/s]
Epoch 9:  25%|██▌       | 148/582 [00:05<00:07, 54.99it/s]
Epoch 9:  34%|███▍      | 200/582 [00:05<00:04, 85.63it/s]
Epoch 9:  43%|████▎     | 250/582 [00:05<00:02, 121.12it/s]
Epoch 9:  52%|█████▏    | 301/582 [00:05<00:01, 163.48it/s]
Epoch 9:  61%|██████    | 356/582 [00:05<00:01, 215.09it/s]
Epoch 9:  70%|███████   | 408/582 [00:06<00:00, 263.86it/s]
Epoch 9:  79%|███████▉  | 462/582 [00:06<00:00, 314.93it/s]
Epoch 9:  88%|████████▊ | 514/582 [00:06<00:00, 354.38it/s]
Epoch 9:  97%|█████████▋| 567/582 [00:06<00:00, 393.77it/s]
Epoch 9: 100%|██████████| 582/582 [00:06<00:00, 87.36it/s] 
Epoch 9/300: Train=0.011284  Val=0.009714  LR=3.00e-04

Epoch 10:   0%|          | 0/582 [00:00<?, ?it/s]
Epoch 10:   0%|          | 1/582 [00:05<50:43,  5.24s/it]
Epoch 10:   8%|▊         | 44/582 [00:05<00:46, 11.60it/s]
Epoch 10:  16%|█▌        | 92/582 [00:05<00:17, 28.70it/s]
Epoch 10:  25%|██▌       | 146/582 [00:05<00:08, 54.06it/s]
Epoch 10:  34%|███▎      | 196/582 [00:05<00:04, 83.53it/s]
Epoch 10:  43%|████▎     | 251/582 [00:05<00:02, 123.58it/s]
Epoch 10:  52%|█████▏    | 304/582 [00:05<00:01, 168.13it/s]
Epoch 10:  62%|██████▏   | 358/582 [00:05<00:01, 218.18it/s]
Epoch 10:  70%|███████   | 409/582 [00:06<00:00, 264.99it/s]
Epoch 10:  79%|███████▉  | 462/582 [00:06<00:00, 313.52it/s]
Epoch 10:  88%|████████▊ | 514/582 [00:06<00:00, 354.04it/s]
Epoch 10:  98%|█████████▊| 569/582 [00:06<00:00, 398.17it/s]
Epoch 10: 100%|██████████| 582/582 [00:06<00:00, 87.42it/s] 
Epoch 10/300: Train=0.011036  Val=0.009595  LR=3.00e-04

Epoch 11:   0%|          | 0/582 [00:00<?, ?it/s]
Epoch 11:   0%|          | 1/582 [00:05<50:26,  5.21s/it]
Epoch 11:   7%|▋         | 40/582 [00:05<00:51, 10.60it/s]
Epoch 11:  15%|█▍        | 87/582 [00:05<00:18, 27.46it/s]
Epoch 11:  24%|██▍       | 140/582 [00:05<00:08, 52.45it/s]
Epoch 11:  33%|███▎      | 193/582 [00:05<00:04, 84.04it/s]
Epoch 11:  42%|████▏     | 246/582 [00:05<00:02, 122.42it/s]
Epoch 11:  51%|█████▏    | 299/582 [00:05<00:01, 167.01it/s]
Epoch 11:  60%|█████▉    | 349/582 [00:05<00:01, 211.84it/s]
Epoch 11:  69%|██████▉   | 404/582 [00:06<00:00, 266.19it/s]
Epoch 11:  79%|███████▊  | 457/582 [00:06<00:00, 315.71it/s]
Epoch 11:  88%|████████▊ | 512/582 [00:06<00:00, 364.47it/s]
Epoch 11:  97%|█████████▋| 565/582 [00:06<00:00, 399.11it/s]
Epoch 11: 100%|██████████| 582/582 [00:06<00:00, 87.61it/s] 
Epoch 11/300: Train=0.010837  Val=0.009734  LR=3.00e-04

Epoch 12:   0%|          | 0/582 [00:00<?, ?it/s]
Epoch 12:   0%|          | 1/582 [00:05<50:43,  5.24s/it]
Epoch 12:   7%|▋         | 42/582 [00:05<00:48, 11.07it/s]
Epoch 12:  15%|█▌        | 89/582 [00:05<00:17, 27.83it/s]
Epoch 12:  24%|██▍       | 140/582 [00:05<00:08, 51.74it/s]
Epoch 12:  32%|███▏      | 189/582 [00:05<00:04, 80.69it/s]
Epoch 12:  42%|████▏     | 242/582 [00:05<00:02, 119.36it/s]
Epoch 12:  50%|█████     | 292/582 [00:05<00:01, 161.11it/s]
Epoch 12:  60%|█████▉    | 347/582 [00:05<00:01, 213.50it/s]
Epoch 12:  69%|██████▊   | 399/582 [00:06<00:00, 262.71it/s]
Epoch 12:  77%|███████▋  | 450/582 [00:06<00:00, 306.24it/s]
Epoch 12:  86%|████████▋ | 503/582 [00:06<00:00, 352.45it/s]
Epoch 12:  95%|█████████▌| 555/582 [00:06<00:00, 391.03it/s]
Epoch 12: 100%|██████████| 582/582 [00:06<00:00, 87.16it/s] 
Epoch 12/300: Train=0.010625  Val=0.009411  LR=3.00e-04

Epoch 13:   0%|          | 0/582 [00:00<?, ?it/s]
Epoch 13:   0%|          | 1/582 [00:05<50:36,  5.23s/it]
Epoch 13:   7%|▋         | 41/582 [00:05<00:49, 10.82it/s]
Epoch 13:  16%|█▌        | 92/582 [00:05<00:16, 29.09it/s]
Epoch 13:  25%|██▌       | 146/582 [00:05<00:08, 54.47it/s]
Epoch 13:  34%|███▍      | 199/582 [00:05<00:04, 85.92it/s]
Epoch 13:  43%|████▎     | 252/582 [00:05<00:02, 124.19it/s]
Epoch 13:  53%|█████▎    | 307/582 [00:05<00:01, 170.76it/s]
Epoch 13:  62%|██████▏   | 358/582 [00:05<00:01, 215.56it/s]
Epoch 13:  71%|███████   | 411/582 [00:06<00:00, 265.89it/s]
Epoch 13:  79%|███████▉  | 462/582 [00:06<00:00, 310.99it/s]
Epoch 13:  89%|████████▊ | 516/582 [00:06<00:00, 358.47it/s]
Epoch 13:  98%|█████████▊| 568/582 [00:06<00:00, 393.96it/s]
Epoch 13: 100%|██████████| 582/582 [00:06<00:00, 87.63it/s] 
Epoch 13/300: Train=0.010485  Val=0.009345  LR=3.00e-04

Epoch 14:   0%|          | 0/582 [00:00<?, ?it/s]
Epoch 14:   0%|          | 1/582 [00:05<50:31,  5.22s/it]
Epoch 14:   7%|▋         | 41/582 [00:05<00:49, 10.84it/s]
Epoch 14:  16%|█▌        | 91/582 [00:05<00:17, 28.77it/s]
Epoch 14:  25%|██▌       | 146/582 [00:05<00:07, 54.67it/s]
Epoch 14:  34%|███▍      | 198/582 [00:05<00:04, 85.42it/s]
Epoch 14:  43%|████▎     | 252/582 [00:05<00:02, 124.61it/s]
Epoch 14:  52%|█████▏    | 305/582 [00:05<00:01, 169.14it/s]
Epoch 14:  62%|██████▏   | 358/582 [00:05<00:01, 217.79it/s]
Epoch 14:  71%|███████   | 411/582 [00:06<00:00, 267.54it/s]
Epoch 14:  80%|███████▉  | 464/582 [00:06<00:00, 315.85it/s]
Epoch 14:  89%|████████▊ | 516/582 [00:06<00:00, 355.44it/s]
Epoch 14:  98%|█████████▊| 569/582 [00:06<00:00, 393.74it/s]
Epoch 14: 100%|██████████| 582/582 [00:06<00:00, 87.77it/s] 
Epoch 14/300: Train=0.010254  Val=0.009240  LR=3.00e-04

Epoch 15:   0%|          | 0/582 [00:00<?, ?it/s]
Epoch 15:   0%|          | 1/582 [00:05<50:57,  5.26s/it]
Epoch 15:   8%|▊         | 47/582 [00:05<00:43, 12.34it/s]
Epoch 15:  17%|█▋        | 97/582 [00:05<00:16, 30.07it/s]
Epoch 15:  25%|██▍       | 145/582 [00:05<00:08, 52.24it/s]
Epoch 15:  32%|███▏      | 187/582 [00:05<00:05, 76.40it/s]
Epoch 15:  40%|████      | 233/582 [00:05<00:03, 109.30it/s]
Epoch 15:  49%|████▉     | 287/582 [00:05<00:01, 156.19it/s]
Epoch 15:  58%|█████▊    | 339/582 [00:05<00:01, 204.71it/s]
Epoch 15:  67%|██████▋   | 391/582 [00:06<00:00, 255.54it/s]
Epoch 15:  76%|███████▌  | 442/582 [00:06<00:00, 303.17it/s]
Epoch 15:  85%|████████▌ | 495/582 [00:06<00:00, 351.03it/s]
Epoch 15:  94%|█████████▍| 546/582 [00:06<00:00, 384.28it/s]
Epoch 15: 100%|██████████| 582/582 [00:06<00:00, 86.45it/s] 
Epoch 15/300: Train=0.010163  Val=0.009094  LR=3.00e-04

Epoch 16:   0%|          | 0/582 [00:00<?, ?it/s]
Epoch 16:   0%|          | 1/582 [00:05<50:47,  5.25s/it]
Epoch 16:   7%|▋         | 42/582 [00:05<00:48, 11.05it/s]
Epoch 16:  15%|█▍        | 86/582 [00:05<00:18, 26.67it/s]
Epoch 16:  23%|██▎       | 134/582 [00:05<00:09, 49.08it/s]
Epoch 16:  32%|███▏      | 186/582 [00:05<00:04, 80.10it/s]
Epoch 16:  41%|████      | 237/582 [00:05<00:02, 116.92it/s]
Epoch 16:  50%|█████     | 291/582 [00:05<00:01, 163.19it/s]
Epoch 16:  59%|█████▉    | 345/582 [00:05<00:01, 213.81it/s]
Epoch 16:  69%|██████▊   | 400/582 [00:06<00:00, 267.71it/s]
Epoch 16:  78%|███████▊  | 452/582 [00:06<00:00, 314.38it/s]
Epoch 16:  87%|████████▋ | 505/582 [00:06<00:00, 358.90it/s]
Epoch 16:  96%|█████████▌| 557/582 [00:06<00:00, 395.20it/s]
Epoch 16: 100%|██████████| 582/582 [00:06<00:00, 86.97it/s] 
Epoch 16/300: Train=0.009945  Val=0.009146  LR=3.00e-04

Epoch 17:   0%|          | 0/582 [00:00<?, ?it/s]
Epoch 17:   0%|          | 1/582 [00:05<50:13,  5.19s/it]
Epoch 17:   8%|▊         | 45/582 [00:05<00:44, 11.97it/s]
Epoch 17:  15%|█▌        | 90/582 [00:05<00:17, 28.11it/s]
Epoch 17:  24%|██▍       | 141/582 [00:05<00:08, 52.20it/s]
Epoch 17:  33%|███▎      | 193/582 [00:05<00:04, 83.35it/s]
Epoch 17:  42%|████▏     | 244/582 [00:05<00:02, 120.23it/s]
Epoch 17:  51%|█████     | 297/582 [00:05<00:01, 165.24it/s]
Epoch 17:  60%|█████▉    | 349/582 [00:05<00:01, 213.48it/s]
Epoch 17:  69%|██████▉   | 401/582 [00:05<00:00, 263.34it/s]
Epoch 17:  78%|███████▊  | 456/582 [00:06<00:00, 316.20it/s]
Epoch 17:  87%|████████▋ | 509/582 [00:06<00:00, 361.43it/s]
Epoch 17:  97%|█████████▋| 565/582 [00:06<00:00, 405.64it/s]
Epoch 17: 100%|██████████| 582/582 [00:06<00:00, 88.00it/s] 
Epoch 17/300: Train=0.009913  Val=0.008972  LR=3.00e-04

Epoch 18:   0%|          | 0/582 [00:00<?, ?it/s]
Epoch 18:   0%|          | 1/582 [00:05<49:59,  5.16s/it]
Epoch 18:   7%|▋         | 43/582 [00:05<00:46, 11.50it/s]
Epoch 18:  16%|█▋        | 95/582 [00:05<00:16, 30.32it/s]
Epoch 18:  26%|██▌       | 150/582 [00:05<00:07, 56.42it/s]
Epoch 18:  35%|███▍      | 203/582 [00:05<00:04, 88.07it/s]
Epoch 18:  45%|████▍     | 259/582 [00:05<00:02, 129.13it/s]
Epoch 18:  53%|█████▎    | 311/582 [00:05<00:01, 172.22it/s]
Epoch 18:  62%|██████▏   | 363/582 [00:05<00:00, 219.38it/s]
Epoch 18:  71%|███████   | 414/582 [00:05<00:00, 265.44it/s]
Epoch 18:  81%|████████  | 469/582 [00:06<00:00, 318.36it/s]
Epoch 18:  90%|████████▉ | 523/582 [00:06<00:00, 365.23it/s]
Epoch 18:  99%|█████████▉| 576/582 [00:06<00:00, 402.53it/s]
Epoch 18: 100%|██████████| 582/582 [00:06<00:00, 88.74it/s] 
Epoch 18/300: Train=0.009840  Val=0.008900  LR=3.00e-04

Epoch 19:   0%|          | 0/582 [00:00<?, ?it/s]
Epoch 19:   0%|          | 1/582 [00:05<50:07,  5.18s/it]
Epoch 19:   7%|▋         | 40/582 [00:05<00:50, 10.66it/s]
Epoch 19:  14%|█▎        | 80/582 [00:05<00:20, 25.04it/s]
Epoch 19:  22%|██▏       | 129/582 [00:05<00:09, 48.29it/s]
Epoch 19:  31%|███       | 180/582 [00:05<00:05, 79.01it/s]
Epoch 19:  39%|███▉      | 229/582 [00:05<00:03, 114.65it/s]
Epoch 19:  48%|████▊     | 278/582 [00:05<00:01, 156.02it/s]
Epoch 19:  56%|█████▌    | 327/582 [00:05<00:01, 201.23it/s]
Epoch 19:  65%|██████▌   | 380/582 [00:05<00:00, 253.89it/s]
Epoch 19:  74%|███████▍  | 433/582 [00:06<00:00, 304.67it/s]
Epoch 19:  83%|████████▎ | 485/582 [00:06<00:00, 350.01it/s]
Epoch 19:  92%|█████████▏| 536/582 [00:06<00:00, 385.29it/s]
Epoch 19: 100%|██████████| 582/582 [00:06<00:00, 87.60it/s] 
Epoch 19/300: Train=0.009660  Val=0.008946  LR=3.00e-04

Epoch 20:   0%|          | 0/582 [00:00<?, ?it/s]
Epoch 20:   0%|          | 1/582 [00:05<50:30,  5.22s/it]
Epoch 20:   8%|▊         | 45/582 [00:05<00:45, 11.92it/s]
Epoch 20:  15%|█▌        | 89/582 [00:05<00:17, 27.60it/s]
Epoch 20:  24%|██▍       | 141/582 [00:05<00:08, 52.10it/s]
Epoch 20:  32%|███▏      | 187/582 [00:05<00:04, 79.12it/s]
Epoch 20:  41%|████      | 238/582 [00:05<00:02, 116.32it/s]
Epoch 20:  49%|████▉     | 284/582 [00:05<00:01, 153.94it/s]
Epoch 20:  58%|█████▊    | 337/582 [00:05<00:01, 204.66it/s]
Epoch 20:  67%|██████▋   | 389/582 [00:06<00:00, 255.37it/s]
Epoch 20:  76%|███████▌  | 442/582 [00:06<00:00, 305.80it/s]
Epoch 20:  85%|████████▌ | 495/582 [00:06<00:00, 353.09it/s]
Epoch 20:  94%|█████████▍| 546/582 [00:06<00:00, 384.96it/s]
Epoch 20: 100%|██████████| 582/582 [00:06<00:00, 87.10it/s] 
Epoch 20/300: Train=0.009588  Val=0.008890  LR=3.00e-04

Epoch 21:   0%|          | 0/582 [00:00<?, ?it/s]
Epoch 21:   0%|          | 1/582 [00:05<50:51,  5.25s/it]
Epoch 21:   8%|▊         | 45/582 [00:05<00:45, 11.83it/s]
Epoch 21:  17%|█▋        | 97/582 [00:05<00:15, 30.33it/s]
Epoch 21:  26%|██▌       | 151/582 [00:05<00:07, 55.51it/s]
Epoch 21:  34%|███▍      | 200/582 [00:05<00:04, 84.11it/s]
Epoch 21:  44%|████▎     | 254/582 [00:05<00:02, 123.23it/s]
Epoch 21:  53%|█████▎    | 306/582 [00:05<00:01, 166.46it/s]
Epoch 21:  62%|██████▏   | 361/582 [00:05<00:01, 217.66it/s]
Epoch 21:  71%|███████▏  | 415/582 [00:06<00:00, 268.80it/s]
Epoch 21:  81%|████████  | 469/582 [00:06<00:00, 318.87it/s]
Epoch 21:  90%|████████▉ | 522/582 [00:06<00:00, 356.53it/s]
Epoch 21:  99%|█████████▊| 574/582 [00:06<00:00, 391.09it/s]
Epoch 21: 100%|██████████| 582/582 [00:06<00:00, 87.25it/s] 
Epoch 21/300: Train=0.009501  Val=0.008842  LR=3.00e-04

Epoch 22:   0%|          | 0/582 [00:00<?, ?it/s]
Epoch 22:   0%|          | 1/582 [00:05<50:28,  5.21s/it]
Epoch 22:   8%|▊         | 44/582 [00:05<00:46, 11.66it/s]
Epoch 22:  15%|█▌        | 89/582 [00:05<00:17, 27.74it/s]
Epoch 22:  24%|██▍       | 139/582 [00:05<00:08, 51.24it/s]
Epoch 22:  33%|███▎      | 194/582 [00:05<00:04, 84.25it/s]
Epoch 22:  42%|████▏     | 246/582 [00:05<00:02, 121.96it/s]
Epoch 22:  51%|█████     | 297/582 [00:05<00:01, 164.29it/s]
Epoch 22:  59%|█████▉    | 346/582 [00:05<00:01, 208.45it/s]
Epoch 22:  68%|██████▊   | 397/582 [00:06<00:00, 257.37it/s]
Epoch 22:  77%|███████▋  | 447/582 [00:06<00:00, 301.33it/s]
Epoch 22:  86%|████████▌ | 500/582 [00:06<00:00, 348.09it/s]
Epoch 22:  95%|█████████▌| 554/582 [00:06<00:00, 390.58it/s]
Epoch 22: 100%|██████████| 582/582 [00:06<00:00, 87.35it/s] 
Epoch 22/300: Train=0.009389  Val=0.008740  LR=3.00e-04

Epoch 23:   0%|          | 0/582 [00:00<?, ?it/s]
Epoch 23:   0%|          | 1/582 [00:05<50:29,  5.22s/it]
Epoch 23:   5%|▌         | 31/582 [00:05<01:07,  8.18it/s]
Epoch 23:  14%|█▍        | 81/582 [00:05<00:19, 26.21it/s]
Epoch 23:  23%|██▎       | 135/582 [00:05<00:08, 51.79it/s]
Epoch 23:  32%|███▏      | 187/582 [00:05<00:04, 82.76it/s]
Epoch 23:  40%|████      | 235/582 [00:05<00:02, 117.03it/s]
Epoch 23:  50%|████▉     | 289/582 [00:05<00:01, 163.34it/s]
Epoch 23:  59%|█████▉    | 342/582 [00:05<00:01, 212.76it/s]
Epoch 23:  67%|██████▋   | 392/582 [00:06<00:00, 258.90it/s]
Epoch 23:  76%|███████▋  | 444/582 [00:06<00:00, 307.35it/s]
Epoch 23:  86%|████████▌ | 498/582 [00:06<00:00, 356.48it/s]
Epoch 23:  95%|█████████▍| 552/582 [00:06<00:00, 397.17it/s]
Epoch 23: 100%|██████████| 582/582 [00:06<00:00, 87.42it/s] 
Epoch 23/300: Train=0.009295  Val=0.008662  LR=3.00e-04

Epoch 24:   0%|          | 0/582 [00:00<?, ?it/s]
Epoch 24:   0%|          | 1/582 [00:05<50:30,  5.22s/it]
Epoch 24:   7%|▋         | 41/582 [00:05<00:49, 10.85it/s]
Epoch 24:  15%|█▍        | 87/582 [00:05<00:18, 27.32it/s]
Epoch 24:  24%|██▍       | 139/582 [00:05<00:08, 51.82it/s]
Epoch 24:  33%|███▎      | 190/582 [00:05<00:04, 82.06it/s]
Epoch 24:  42%|████▏     | 244/582 [00:05<00:02, 121.43it/s]
Epoch 24:  51%|█████     | 297/582 [00:05<00:01, 166.09it/s]
Epoch 24:  60%|█████▉    | 349/582 [00:05<00:01, 213.72it/s]
Epoch 24:  69%|██████▉   | 403/582 [00:06<00:00, 265.68it/s]
Epoch 24:  78%|███████▊  | 456/582 [00:06<00:00, 314.61it/s]
Epoch 24:  87%|████████▋ | 508/582 [00:06<00:00, 353.44it/s]
Epoch 24:  96%|█████████▌| 560/582 [00:06<00:00, 390.72it/s]
Epoch 24: 100%|██████████| 582/582 [00:06<00:00, 87.48it/s] 
Epoch 24/300: Train=0.009209  Val=0.008567  LR=3.00e-04

Epoch 25:   0%|          | 0/582 [00:00<?, ?it/s]
Epoch 25:   0%|          | 1/582 [00:05<51:01,  5.27s/it]
Epoch 25:   7%|▋         | 43/582 [00:05<00:47, 11.27it/s]
Epoch 25:  16%|█▋        | 96/582 [00:05<00:16, 30.11it/s]
Epoch 25:  26%|██▌       | 149/582 [00:05<00:07, 54.71it/s]
Epoch 25:  34%|███▎      | 196/582 [00:05<00:04, 81.97it/s]
Epoch 25:  43%|████▎     | 249/582 [00:05<00:02, 120.32it/s]
Epoch 25:  52%|█████▏    | 302/582 [00:05<00:01, 164.85it/s]
Epoch 25:  61%|██████    | 356/582 [00:05<00:01, 214.83it/s]
Epoch 25:  70%|██████▉   | 407/582 [00:06<00:00, 261.11it/s]
Epoch 25:  79%|███████▉  | 459/582 [00:06<00:00, 308.77it/s]
Epoch 25:  88%|████████▊ | 510/582 [00:06<00:00, 349.84it/s]
Epoch 25:  96%|█████████▋| 561/582 [00:06<00:00, 378.00it/s]
Epoch 25: 100%|██████████| 582/582 [00:06<00:00, 86.84it/s] 
Epoch 25/300: Train=0.009091  Val=0.008561  LR=3.00e-04

Epoch 26:   0%|          | 0/582 [00:00<?, ?it/s]
Epoch 26:   0%|          | 1/582 [00:05<50:46,  5.24s/it]
Epoch 26:   8%|▊         | 45/582 [00:05<00:45, 11.85it/s]
Epoch 26:  16%|█▌        | 92/582 [00:05<00:17, 28.56it/s]
Epoch 26:  25%|██▍       | 144/582 [00:05<00:08, 52.88it/s]
Epoch 26:  34%|███▍      | 197/582 [00:05<00:04, 84.29it/s]
Epoch 26:  43%|████▎     | 249/582 [00:05<00:02, 121.71it/s]
Epoch 26:  52%|█████▏    | 303/582 [00:05<00:01, 167.32it/s]
Epoch 26:  61%|██████    | 353/582 [00:05<00:01, 211.23it/s]
Epoch 26:  70%|██████▉   | 407/582 [00:06<00:00, 262.94it/s]
Epoch 26:  79%|███████▊  | 458/582 [00:06<00:00, 304.45it/s]
Epoch 26:  88%|████████▊ | 512/582 [00:06<00:00, 352.67it/s]
Epoch 26:  97%|█████████▋| 565/582 [00:06<00:00, 392.30it/s]
Epoch 26: 100%|██████████| 582/582 [00:06<00:00, 86.96it/s] 
Epoch 26/300: Train=0.009057  Val=0.008517  LR=3.00e-04

Epoch 27:   0%|          | 0/582 [00:00<?, ?it/s]
Epoch 27:   0%|          | 1/582 [00:05<50:32,  5.22s/it]
Epoch 27:   7%|▋         | 43/582 [00:05<00:47, 11.37it/s]
Epoch 27:  14%|█▍        | 84/582 [00:05<00:19, 25.98it/s]
Epoch 27:  22%|██▏       | 129/582 [00:05<00:09, 47.05it/s]
Epoch 27:  32%|███▏      | 185/582 [00:05<00:04, 81.02it/s]
Epoch 27:  41%|████      | 236/582 [00:05<00:02, 118.13it/s]
Epoch 27:  49%|████▉     | 287/582 [00:05<00:01, 160.87it/s]
Epoch 27:  58%|█████▊    | 336/582 [00:05<00:01, 205.48it/s]
Epoch 27:  67%|██████▋   | 390/582 [00:06<00:00, 258.90it/s]
Epoch 27:  76%|███████▌  | 442/582 [00:06<00:00, 307.89it/s]
Epoch 27:  85%|████████▍ | 493/582 [00:06<00:00, 348.40it/s]
Epoch 27:  94%|█████████▍| 546/582 [00:06<00:00, 389.42it/s]
Epoch 27: 100%|██████████| 582/582 [00:06<00:00, 86.97it/s] 
Epoch 27/300: Train=0.009001  Val=0.008424  LR=3.00e-04

Epoch 28:   0%|          | 0/582 [00:00<?, ?it/s]
Epoch 28:   0%|          | 1/582 [00:05<51:17,  5.30s/it]
Epoch 28:   8%|▊         | 44/582 [00:05<00:46, 11.48it/s]
Epoch 28:  17%|█▋        | 97/582 [00:05<00:16, 30.22it/s]
Epoch 28:  26%|██▌       | 150/582 [00:05<00:07, 54.73it/s]
Epoch 28:  35%|███▍      | 201/582 [00:05<00:04, 84.50it/s]
Epoch 28:  44%|████▎     | 254/582 [00:05<00:02, 122.55it/s]
Epoch 28:  52%|█████▏    | 304/582 [00:05<00:01, 163.63it/s]
Epoch 28:  61%|██████    | 355/582 [00:06<00:01, 210.24it/s]
Epoch 28:  70%|██████▉   | 405/582 [00:06<00:00, 256.14it/s]
Epoch 28:  79%|███████▉  | 460/582 [00:06<00:00, 309.85it/s]
Epoch 28:  88%|████████▊ | 511/582 [00:06<00:00, 348.95it/s]
Epoch 28:  97%|█████████▋| 562/582 [00:06<00:00, 381.50it/s]
Epoch 28: 100%|██████████| 582/582 [00:06<00:00, 86.49it/s] 
Epoch 28/300: Train=0.008979  Val=0.008474  LR=3.00e-04

Epoch 29:   0%|          | 0/582 [00:00<?, ?it/s]
Epoch 29:   0%|          | 1/582 [00:05<50:19,  5.20s/it]
Epoch 29:   8%|▊         | 48/582 [00:05<00:41, 12.76it/s]
Epoch 29:  17%|█▋        | 98/582 [00:05<00:15, 30.69it/s]
Epoch 29:  26%|██▌       | 150/582 [00:05<00:07, 55.10it/s]
Epoch 29:  35%|███▌      | 204/582 [00:05<00:04, 87.32it/s]
Epoch 29:  44%|████▍     | 257/582 [00:05<00:02, 125.63it/s]
Epoch 29:  54%|█████▎    | 312/582 [00:05<00:01, 172.02it/s]
Epoch 29:  63%|██████▎   | 364/582 [00:05<00:00, 219.16it/s]
Epoch 29:  71%|███████▏  | 415/582 [00:06<00:00, 262.13it/s]
Epoch 29:  81%|████████  | 469/582 [00:06<00:00, 313.19it/s]
Epoch 29:  90%|████████▉ | 521/582 [00:06<00:00, 356.52it/s]
Epoch 29:  99%|█████████▉| 576/582 [00:06<00:00, 400.16it/s]
Epoch 29: 100%|██████████| 582/582 [00:06<00:00, 88.23it/s] 
Epoch 29/300: Train=0.008819  Val=0.008445  LR=3.00e-04

Epoch 30:   0%|          | 0/582 [00:00<?, ?it/s]
Epoch 30:   0%|          | 1/582 [00:05<50:08,  5.18s/it]
Epoch 30:   6%|▋         | 37/582 [00:05<00:55,  9.85it/s]
Epoch 30:  14%|█▎        | 80/582 [00:05<00:19, 25.35it/s]
Epoch 30:  23%|██▎       | 131/582 [00:05<00:09, 49.63it/s]
Epoch 30:  32%|███▏      | 185/582 [00:05<00:04, 82.32it/s]
Epoch 30:  41%|████      | 238/582 [00:05<00:02, 121.28it/s]
Epoch 30:  51%|█████     | 294/582 [00:05<00:01, 169.42it/s]
Epoch 30:  60%|█████▉    | 348/582 [00:05<00:01, 219.28it/s]
Epoch 30:  69%|██████▉   | 403/582 [00:05<00:00, 272.57it/s]
Epoch 30:  78%|███████▊  | 455/582 [00:06<00:00, 317.33it/s]
Epoch 30:  88%|████████▊ | 511/582 [00:06<00:00, 367.73it/s]
Epoch 30:  97%|█████████▋| 564/582 [00:06<00:00, 396.08it/s]
Epoch 30: 100%|██████████| 582/582 [00:06<00:00, 88.06it/s] 
Epoch 30/300: Train=0.008755  Val=0.008487  LR=3.00e-04

Epoch 31:   0%|          | 0/582 [00:00<?, ?it/s]
Epoch 31:   0%|          | 1/582 [00:05<49:40,  5.13s/it]
Epoch 31:   8%|▊         | 44/582 [00:05<00:45, 11.83it/s]
Epoch 31:  16%|█▋        | 96/582 [00:05<00:15, 30.73it/s]
Epoch 31:  26%|██▌       | 151/582 [00:05<00:07, 56.89it/s]
Epoch 31:  35%|███▍      | 202/582 [00:05<00:04, 87.29it/s]
Epoch 31:  44%|████▍     | 257/582 [00:05<00:02, 127.57it/s]
Epoch 31:  53%|█████▎    | 309/582 [00:05<00:01, 171.12it/s]
Epoch 31:  62%|██████▏   | 363/582 [00:05<00:00, 221.00it/s]
Epoch 31:  72%|███████▏  | 417/582 [00:05<00:00, 272.16it/s]
Epoch 31:  81%|████████  | 472/582 [00:06<00:00, 323.32it/s]
Epoch 31:  90%|█████████ | 526/582 [00:06<00:00, 368.38it/s]
Epoch 31: 100%|█████████▉| 580/582 [00:06<00:00, 407.20it/s]
Epoch 31: 100%|██████████| 582/582 [00:06<00:00, 89.14it/s] 
Epoch 31/300: Train=0.008770  Val=0.008309  LR=3.00e-04

Epoch 32:   0%|          | 0/582 [00:00<?, ?it/s]
Epoch 32:   0%|          | 1/582 [00:05<49:41,  5.13s/it]
Epoch 32:   7%|▋         | 42/582 [00:05<00:47, 11.29it/s]
Epoch 32:  15%|█▍        | 85/582 [00:05<00:18, 26.86it/s]
Epoch 32:  23%|██▎       | 132/582 [00:05<00:09, 49.21it/s]
Epoch 32:  31%|███       | 179/582 [00:05<00:05, 77.44it/s]
Epoch 32:  39%|███▉      | 229/582 [00:05<00:03, 114.35it/s]
Epoch 32:  48%|████▊     | 279/582 [00:05<00:01, 157.19it/s]
Epoch 32:  56%|█████▋    | 328/582 [00:05<00:01, 202.50it/s]
Epoch 32:  65%|██████▌   | 381/582 [00:05<00:00, 255.62it/s]
Epoch 32:  75%|███████▍  | 435/582 [00:06<00:00, 309.39it/s]
Epoch 32:  84%|████████▍ | 489/582 [00:06<00:00, 357.67it/s]
Epoch 32:  93%|█████████▎| 544/582 [00:06<00:00, 401.48it/s]
Epoch 32: 100%|██████████| 582/582 [00:06<00:00, 88.42it/s] 
Epoch 32/300: Train=0.008637  Val=0.008349  LR=3.00e-04

Epoch 33:   0%|          | 0/582 [00:00<?, ?it/s]
Epoch 33:   0%|          | 1/582 [00:05<49:56,  5.16s/it]
Epoch 33:   7%|▋         | 43/582 [00:05<00:46, 11.51it/s]
Epoch 33:  17%|█▋        | 98/582 [00:05<00:15, 31.45it/s]
Epoch 33:  26%|██▌       | 150/582 [00:05<00:07, 55.97it/s]
Epoch 33:  35%|███▍      | 203/582 [00:05<00:04, 87.71it/s]
Epoch 33:  44%|████▍     | 256/582 [00:05<00:02, 126.22it/s]
Epoch 33:  53%|█████▎    | 311/582 [00:05<00:01, 172.79it/s]
Epoch 33:  62%|██████▏   | 363/582 [00:05<00:00, 220.15it/s]
Epoch 33:  72%|███████▏  | 417/582 [00:05<00:00, 271.87it/s]
Epoch 33:  81%|████████  | 469/582 [00:06<00:00, 317.49it/s]
Epoch 33:  90%|████████▉ | 521/582 [00:06<00:00, 355.84it/s]
Epoch 33:  99%|█████████▊| 574/582 [00:06<00:00, 394.08it/s]
Epoch 33: 100%|██████████| 582/582 [00:06<00:00, 88.74it/s] 
Epoch 33/300: Train=0.008596  Val=0.008327  LR=3.00e-04

Epoch 34:   0%|          | 0/582 [00:00<?, ?it/s]
Epoch 34:   0%|          | 1/582 [00:05<49:58,  5.16s/it]
Epoch 34:   7%|▋         | 42/582 [00:05<00:48, 11.23it/s]
Epoch 34:  15%|█▌        | 88/582 [00:05<00:17, 27.84it/s]
Epoch 34:  24%|██▎       | 138/582 [00:05<00:08, 51.57it/s]
Epoch 34:  33%|███▎      | 192/582 [00:05<00:04, 84.17it/s]
Epoch 34:  42%|████▏     | 246/582 [00:05<00:02, 123.70it/s]
Epoch 34:  51%|█████▏    | 299/582 [00:05<00:01, 168.27it/s]
Epoch 34:  61%|██████    | 355/582 [00:05<00:01, 221.32it/s]
Epoch 34:  70%|███████   | 409/582 [00:05<00:00, 272.73it/s]
Epoch 34:  79%|███████▉  | 462/582 [00:06<00:00, 320.58it/s]
Epoch 34:  89%|████████▊ | 516/582 [00:06<00:00, 367.03it/s]
Epoch 34:  98%|█████████▊| 571/582 [00:06<00:00, 407.62it/s]
Epoch 34: 100%|██████████| 582/582 [00:06<00:00, 88.50it/s] 
Epoch 34/300: Train=0.008482  Val=0.008372  LR=3.00e-04

Epoch 35:   0%|          | 0/582 [00:00<?, ?it/s]
Epoch 35:   0%|          | 1/582 [00:05<49:58,  5.16s/it]
Epoch 35:   8%|▊         | 45/582 [00:05<00:44, 12.03it/s]
Epoch 35:  17%|█▋        | 98/582 [00:05<00:15, 31.21it/s]
Epoch 35:  26%|██▌       | 151/582 [00:05<00:07, 56.24it/s]
Epoch 35:  35%|███▍      | 203/582 [00:05<00:04, 87.27it/s]
Epoch 35:  43%|████▎     | 253/582 [00:05<00:02, 123.18it/s]
Epoch 35:  52%|█████▏    | 304/582 [00:05<00:01, 165.85it/s]
Epoch 35:  61%|██████    | 354/582 [00:05<00:01, 211.45it/s]
Epoch 35:  70%|██████▉   | 407/582 [00:05<00:00, 263.00it/s]
Epoch 35:  79%|███████▊  | 458/582 [00:06<00:00, 309.63it/s]
Epoch 35:  88%|████████▊ | 513/582 [00:06<00:00, 358.40it/s]
Epoch 35:  97%|█████████▋| 566/582 [00:06<00:00, 398.15it/s]
Epoch 35: 100%|██████████| 582/582 [00:06<00:00, 88.54it/s] 
Epoch 35/300: Train=0.008500  Val=0.008233  LR=3.00e-04

Epoch 36:   0%|          | 0/582 [00:00<?, ?it/s]
Epoch 36:   0%|          | 1/582 [00:05<50:23,  5.20s/it]
Epoch 36:   7%|▋         | 40/582 [00:05<00:51, 10.60it/s]
Epoch 36:  16%|█▌        | 91/582 [00:05<00:16, 28.92it/s]
Epoch 36:  25%|██▍       | 144/582 [00:05<00:08, 53.87it/s]
Epoch 36:  33%|███▎      | 194/582 [00:05<00:04, 83.49it/s]
Epoch 36:  42%|████▏     | 247/582 [00:05<00:02, 122.04it/s]
Epoch 36:  51%|█████     | 298/582 [00:05<00:01, 164.73it/s]
Epoch 36:  60%|██████    | 352/582 [00:05<00:01, 215.12it/s]
Epoch 36:  69%|██████▉   | 402/582 [00:06<00:00, 260.89it/s]
Epoch 36:  78%|███████▊  | 455/582 [00:06<00:00, 310.83it/s]
Epoch 36:  87%|████████▋ | 507/582 [00:06<00:00, 354.26it/s]
Epoch 36:  96%|█████████▋| 561/582 [00:06<00:00, 395.87it/s]
Epoch 36: 100%|██████████| 582/582 [00:06<00:00, 87.71it/s] 
Epoch 36/300: Train=0.008452  Val=0.008189  LR=3.00e-04

Epoch 37:   0%|          | 0/582 [00:00<?, ?it/s]
Epoch 37:   0%|          | 1/582 [00:05<50:08,  5.18s/it]
Epoch 37:   7%|▋         | 42/582 [00:05<00:48, 11.19it/s]
Epoch 37:  15%|█▍        | 86/582 [00:05<00:18, 27.03it/s]
Epoch 37:  24%|██▍       | 140/582 [00:05<00:08, 52.63it/s]
Epoch 37:  33%|███▎      | 193/582 [00:05<00:04, 84.40it/s]
Epoch 37:  42%|████▏     | 247/582 [00:05<00:02, 124.00it/s]
Epoch 37:  52%|█████▏    | 300/582 [00:05<00:01, 168.66it/s]
Epoch 37:  60%|██████    | 351/582 [00:05<00:01, 214.85it/s]
Epoch 37:  69%|██████▉   | 403/582 [00:05<00:00, 264.05it/s]
Epoch 37:  78%|███████▊  | 456/582 [00:06<00:00, 312.95it/s]
Epoch 37:  87%|████████▋ | 507/582 [00:06<00:00, 354.60it/s]
Epoch 37:  96%|█████████▌| 560/582 [00:06<00:00, 394.36it/s]
Epoch 37: 100%|██████████| 582/582 [00:06<00:00, 88.13it/s] 
Epoch 37/300: Train=0.008394  Val=0.008262  LR=3.00e-04

Epoch 38:   0%|          | 0/582 [00:00<?, ?it/s]
Epoch 38:   0%|          | 1/582 [00:05<50:18,  5.19s/it]
Epoch 38:   7%|▋         | 42/582 [00:05<00:48, 11.16it/s]
Epoch 38:  15%|█▌        | 88/582 [00:05<00:17, 27.65it/s]
Epoch 38:  24%|██▍       | 140/582 [00:05<00:08, 52.20it/s]
Epoch 38:  33%|███▎      | 194/582 [00:05<00:04, 84.54it/s]
Epoch 38:  43%|████▎     | 248/582 [00:05<00:02, 123.81it/s]
Epoch 38:  52%|█████▏    | 300/582 [00:05<00:01, 167.40it/s]
Epoch 38:  61%|██████    | 353/582 [00:05<00:01, 216.07it/s]
Epoch 38:  70%|██████▉   | 406/582 [00:06<00:00, 266.11it/s]
Epoch 38:  79%|███████▊  | 458/582 [00:06<00:00, 313.73it/s]
Epoch 38:  88%|████████▊ | 512/582 [00:06<00:00, 360.79it/s]
Epoch 38:  97%|█████████▋| 565/582 [00:06<00:00, 399.96it/s]
Epoch 38: 100%|██████████| 582/582 [00:06<00:00, 87.85it/s] 
Epoch 38/300: Train=0.008352  Val=0.008200  LR=3.00e-04

Epoch 39:   0%|          | 0/582 [00:00<?, ?it/s]
Epoch 39:   0%|          | 1/582 [00:05<50:15,  5.19s/it]
Epoch 39:   7%|▋         | 41/582 [00:05<00:49, 10.90it/s]
Epoch 39:  14%|█▍        | 84/582 [00:05<00:18, 26.33it/s]
Epoch 39:  23%|██▎       | 133/582 [00:05<00:09, 49.51it/s]
Epoch 39:  32%|███▏      | 184/582 [00:05<00:04, 80.15it/s]
Epoch 39:  40%|████      | 233/582 [00:05<00:03, 115.66it/s]
Epoch 39:  49%|████▉     | 288/582 [00:05<00:01, 163.22it/s]
Epoch 39:  58%|█████▊    | 337/582 [00:05<00:01, 207.35it/s]
Epoch 39:  67%|██████▋   | 391/582 [00:05<00:00, 260.52it/s]
Epoch 39:  76%|███████▌  | 441/582 [00:06<00:00, 304.93it/s]
Epoch 39:  85%|████████▌ | 496/582 [00:06<00:00, 355.91it/s]
Epoch 39:  94%|█████████▍| 549/582 [00:06<00:00, 395.28it/s]
Epoch 39: 100%|██████████| 582/582 [00:06<00:00, 87.67it/s] 
Epoch 39/300: Train=0.008326  Val=0.008202  LR=3.00e-04

Epoch 40:   0%|          | 0/582 [00:00<?, ?it/s]
Epoch 40:   0%|          | 1/582 [00:04<47:34,  4.91s/it]
Epoch 40:   7%|▋         | 41/582 [00:05<00:47, 11.50it/s]
Epoch 40:  16%|█▌        | 93/582 [00:05<00:15, 31.21it/s]
Epoch 40:  25%|██▌       | 147/582 [00:05<00:07, 57.88it/s]
Epoch 40:  35%|███▍      | 202/582 [00:05<00:04, 92.06it/s]
Epoch 40:  44%|████▍     | 256/582 [00:05<00:02, 132.34it/s]
Epoch 40:  53%|█████▎    | 310/582 [00:05<00:01, 178.71it/s]
Epoch 40:  63%|██████▎   | 364/582 [00:05<00:00, 229.35it/s]
Epoch 40:  72%|███████▏  | 418/582 [00:05<00:00, 280.71it/s]
Epoch 40:  81%|████████  | 472/582 [00:05<00:00, 330.55it/s]
Epoch 40:  90%|█████████ | 525/582 [00:05<00:00, 372.71it/s]
Epoch 40:  99%|█████████▉| 579/582 [00:06<00:00, 410.09it/s]
Epoch 40: 100%|██████████| 582/582 [00:06<00:00, 92.58it/s] 
Epoch 40/300: Train=0.008205  Val=0.008121  LR=3.00e-04

Epoch 41:   0%|          | 0/582 [00:00<?, ?it/s]
Epoch 41:   0%|          | 1/582 [00:04<47:58,  4.96s/it]
Epoch 41:   9%|▉         | 55/582 [00:05<00:34, 15.32it/s]
Epoch 41:  19%|█▊        | 109/582 [00:05<00:13, 35.50it/s]
Epoch 41:  28%|██▊       | 163/582 [00:05<00:06, 61.75it/s]
Epoch 41:  37%|███▋      | 217/582 [00:05<00:03, 94.72it/s]
Epoch 41:  47%|████▋     | 271/582 [00:05<00:02, 134.62it/s]
Epoch 41:  55%|█████▌    | 322/582 [00:05<00:01, 176.90it/s]
Epoch 41:  65%|██████▍   | 376/582 [00:05<00:00, 227.22it/s]
Epoch 41:  74%|███████▍  | 430/582 [00:05<00:00, 279.12it/s]
Epoch 41:  84%|████████▎ | 486/582 [00:05<00:00, 331.68it/s]
Epoch 41:  93%|█████████▎| 540/582 [00:05<00:00, 376.31it/s]
Epoch 41: 100%|██████████| 582/582 [00:06<00:00, 92.32it/s] 
Epoch 41/300: Train=0.008223  Val=0.008178  LR=3.00e-04

Epoch 42:   0%|          | 0/582 [00:00<?, ?it/s]
Epoch 42:   0%|          | 1/582 [00:05<49:21,  5.10s/it]
Epoch 42:   8%|▊         | 47/582 [00:05<00:42, 12.73it/s]
Epoch 42:  18%|█▊        | 102/582 [00:05<00:14, 32.83it/s]
Epoch 42:  27%|██▋       | 156/582 [00:05<00:07, 58.55it/s]
Epoch 42:  36%|███▋      | 211/582 [00:05<00:04, 91.77it/s]
Epoch 42:  46%|████▌     | 265/582 [00:05<00:02, 131.17it/s]
Epoch 42:  55%|█████▍    | 319/582 [00:05<00:01, 176.63it/s]
Epoch 42:  64%|██████▍   | 372/582 [00:05<00:00, 224.59it/s]
Epoch 42:  73%|███████▎  | 426/582 [00:05<00:00, 276.24it/s]
Epoch 42:  82%|████████▏ | 480/582 [00:06<00:00, 325.02it/s]
Epoch 42:  92%|█████████▏| 533/582 [00:06<00:00, 366.24it/s]
Epoch 42: 100%|██████████| 582/582 [00:06<00:00, 90.04it/s] 
Epoch 42/300: Train=0.008211  Val=0.008290  LR=3.00e-04

Epoch 43:   0%|          | 0/582 [00:00<?, ?it/s]
Epoch 43:   0%|          | 1/582 [00:05<49:28,  5.11s/it]
Epoch 43:   8%|▊         | 48/582 [00:05<00:41, 12.97it/s]
Epoch 43:  18%|█▊        | 102/582 [00:05<00:14, 32.67it/s]
Epoch 43:  27%|██▋       | 157/582 [00:05<00:07, 58.90it/s]
Epoch 43:  37%|███▋      | 213/582 [00:05<00:03, 92.61it/s]
Epoch 43:  46%|████▌     | 266/582 [00:05<00:02, 131.05it/s]
Epoch 43:  55%|█████▍    | 318/582 [00:05<00:01, 174.24it/s]
Epoch 43:  64%|██████▍   | 373/582 [00:05<00:00, 225.52it/s]
Epoch 43:  73%|███████▎  | 425/582 [00:05<00:00, 273.46it/s]
Epoch 43:  82%|████████▏ | 480/582 [00:06<00:00, 325.86it/s]
Epoch 43:  92%|█████████▏| 534/582 [00:06<00:00, 370.68it/s]
Epoch 43: 100%|██████████| 582/582 [00:06<00:00, 89.83it/s] 
Epoch 43/300: Train=0.008161  Val=0.008012  LR=3.00e-04

Epoch 44:   0%|          | 0/582 [00:00<?, ?it/s]
Epoch 44:   0%|          | 1/582 [00:05<49:03,  5.07s/it]
Epoch 44:   7%|▋         | 42/582 [00:05<00:47, 11.44it/s]
Epoch 44:  17%|█▋        | 98/582 [00:05<00:15, 32.11it/s]
Epoch 44:  26%|██▌       | 150/582 [00:05<00:07, 57.03it/s]
Epoch 44:  35%|███▍      | 203/582 [00:05<00:04, 89.15it/s]
Epoch 44:  44%|████▍     | 256/582 [00:05<00:02, 128.05it/s]
Epoch 44:  54%|█████▍    | 313/582 [00:05<00:01, 177.63it/s]
Epoch 44:  63%|██████▎   | 369/582 [00:05<00:00, 229.80it/s]
Epoch 44:  73%|███████▎  | 422/582 [00:05<00:00, 276.43it/s]
Epoch 44:  82%|████████▏ | 476/582 [00:05<00:00, 325.55it/s]
Epoch 44:  91%|█████████ | 529/582 [00:06<00:00, 367.33it/s]
Epoch 44: 100%|██████████| 582/582 [00:06<00:00, 398.56it/s]
Epoch 44: 100%|██████████| 582/582 [00:06<00:00, 90.26it/s] 
Epoch 44/300: Train=0.008113  Val=0.008058  LR=3.00e-04

Epoch 45:   0%|          | 0/582 [00:00<?, ?it/s]
Epoch 45:   0%|          | 1/582 [00:05<49:04,  5.07s/it]
Epoch 45:   7%|▋         | 41/582 [00:05<00:48, 11.16it/s]
Epoch 45:  16%|█▌        | 93/582 [00:05<00:16, 30.32it/s]
Epoch 45:  25%|██▍       | 145/582 [00:05<00:07, 55.27it/s]
Epoch 45:  34%|███▍      | 200/582 [00:05<00:04, 88.81it/s]
Epoch 45:  44%|████▍     | 255/582 [00:05<00:02, 129.35it/s]
Epoch 45:  52%|█████▏    | 305/582 [00:05<00:01, 170.46it/s]
Epoch 45:  62%|██████▏   | 358/582 [00:05<00:01, 219.34it/s]
Epoch 45:  71%|███████   | 411/582 [00:05<00:00, 270.26it/s]
Epoch 45:  79%|███████▉  | 462/582 [00:05<00:00, 312.78it/s]
Epoch 45:  88%|████████▊ | 514/582 [00:06<00:00, 356.24it/s]
Epoch 45:  98%|█████████▊| 569/582 [00:06<00:00, 399.33it/s]
Epoch 45: 100%|██████████| 582/582 [00:06<00:00, 89.89it/s] 
Epoch 45/300: Train=0.008068  Val=0.008019  LR=3.00e-04

Epoch 46:   0%|          | 0/582 [00:00<?, ?it/s]
Epoch 46:   0%|          | 1/582 [00:05<49:18,  5.09s/it]
Epoch 46:   8%|▊         | 46/582 [00:05<00:42, 12.47it/s]
Epoch 46:  14%|█▍        | 84/582 [00:05<00:18, 26.24it/s]
Epoch 46:  23%|██▎       | 135/582 [00:05<00:08, 50.81it/s]
Epoch 46:  33%|███▎      | 190/582 [00:05<00:04, 84.50it/s]
Epoch 46:  41%|████      | 238/582 [00:05<00:02, 119.23it/s]
Epoch 46:  50%|█████     | 291/582 [00:05<00:01, 164.92it/s]
Epoch 46:  59%|█████▉    | 344/582 [00:05<00:01, 214.80it/s]
Epoch 46:  68%|██████▊   | 394/582 [00:05<00:00, 261.13it/s]
Epoch 46:  77%|███████▋  | 449/582 [00:06<00:00, 315.27it/s]
Epoch 46:  86%|████████▌ | 501/582 [00:06<00:00, 358.06it/s]
Epoch 46:  95%|█████████▌| 555/582 [00:06<00:00, 398.54it/s]
Epoch 46: 100%|██████████| 582/582 [00:06<00:00, 89.24it/s] 
Epoch 46/300: Train=0.008003  Val=0.007904  LR=3.00e-04

Epoch 47:   0%|          | 0/582 [00:00<?, ?it/s]
Epoch 47:   0%|          | 1/582 [00:05<49:00,  5.06s/it]
Epoch 47:   8%|▊         | 48/582 [00:05<00:40, 13.09it/s]
Epoch 47:  17%|█▋        | 98/582 [00:05<00:15, 31.45it/s]
Epoch 47:  25%|██▌       | 148/582 [00:05<00:07, 55.38it/s]
Epoch 47:  34%|███▍      | 199/582 [00:05<00:04, 86.30it/s]
Epoch 47:  43%|████▎     | 250/582 [00:05<00:02, 123.72it/s]
Epoch 47:  52%|█████▏    | 305/582 [00:05<00:01, 171.37it/s]
Epoch 47:  62%|██████▏   | 360/582 [00:05<00:00, 223.33it/s]
Epoch 47:  71%|███████   | 413/582 [00:05<00:00, 273.34it/s]
Epoch 47:  80%|███████▉  | 465/582 [00:05<00:00, 314.25it/s]
Epoch 47:  89%|████████▉ | 519/582 [00:06<00:00, 360.23it/s]
Epoch 47:  98%|█████████▊| 573/582 [00:06<00:00, 400.72it/s]
Epoch 47: 100%|██████████| 582/582 [00:06<00:00, 90.12it/s] 
Epoch 47/300: Train=0.007945  Val=0.007989  LR=3.00e-04

Epoch 48:   0%|          | 0/582 [00:00<?, ?it/s]
Epoch 48:   0%|          | 1/582 [00:05<49:04,  5.07s/it]
Epoch 48:   8%|▊         | 44/582 [00:05<00:44, 11.97it/s]
Epoch 48:  16%|█▌        | 92/582 [00:05<00:16, 29.61it/s]
Epoch 48:  24%|██▍       | 141/582 [00:05<00:08, 53.09it/s]
Epoch 48:  34%|███▎      | 196/582 [00:05<00:04, 86.86it/s]
Epoch 48:  42%|████▏     | 246/582 [00:05<00:02, 123.20it/s]
Epoch 48:  52%|█████▏    | 300/582 [00:05<00:01, 169.91it/s]
Epoch 48:  60%|██████    | 350/582 [00:05<00:01, 212.53it/s]
Epoch 48:  70%|██████▉   | 406/582 [00:05<00:00, 268.22it/s]
Epoch 48:  79%|███████▉  | 461/582 [00:05<00:00, 320.64it/s]
Epoch 48:  89%|████████▊ | 516/582 [00:06<00:00, 368.39it/s]
Epoch 48:  98%|█████████▊| 571/582 [00:06<00:00, 410.47it/s]
Epoch 48: 100%|██████████| 582/582 [00:06<00:00, 89.85it/s] 
Epoch 48/300: Train=0.007937  Val=0.007972  LR=3.00e-04

Epoch 49:   0%|          | 0/582 [00:00<?, ?it/s]
Epoch 49:   0%|          | 1/582 [00:05<49:14,  5.09s/it]
Epoch 49:   8%|▊         | 46/582 [00:05<00:42, 12.48it/s]
Epoch 49:  17%|█▋        | 97/582 [00:05<00:15, 31.17it/s]
Epoch 49:  26%|██▌       | 150/582 [00:05<00:07, 56.51it/s]
Epoch 49:  34%|███▍      | 199/582 [00:05<00:04, 85.77it/s]
Epoch 49:  44%|████▎     | 254/582 [00:05<00:02, 126.51it/s]
Epoch 49:  53%|█████▎    | 307/582 [00:05<00:01, 171.57it/s]
Epoch 49:  61%|██████▏   | 357/582 [00:05<00:01, 216.77it/s]
Epoch 49:  70%|███████   | 410/582 [00:05<00:00, 268.22it/s]
Epoch 49:  80%|████████  | 467/582 [00:05<00:00, 324.35it/s]
Epoch 49:  90%|████████▉ | 521/582 [00:06<00:00, 370.27it/s]
Epoch 49:  99%|█████████▊| 574/582 [00:06<00:00, 405.63it/s]
Epoch 49: 100%|██████████| 582/582 [00:06<00:00, 89.94it/s] 
Epoch 49/300: Train=0.007888  Val=0.007909  LR=3.00e-04

Epoch 50:   0%|          | 0/582 [00:00<?, ?it/s]
Epoch 50:   0%|          | 1/582 [00:05<48:52,  5.05s/it]
Epoch 50:   8%|▊         | 48/582 [00:05<00:40, 13.13it/s]
Epoch 50:  15%|█▌        | 89/582 [00:05<00:17, 28.12it/s]
Epoch 50:  24%|██▍       | 140/582 [00:05<00:08, 52.77it/s]
Epoch 50:  34%|███▎      | 196/582 [00:05<00:04, 87.29it/s]
Epoch 50:  43%|████▎     | 251/582 [00:05<00:02, 128.32it/s]
Epoch 50:  53%|█████▎    | 306/582 [00:05<00:01, 175.73it/s]
Epoch 50:  61%|██████▏   | 357/582 [00:05<00:01, 220.16it/s]
Epoch 50:  70%|██████▉   | 407/582 [00:05<00:00, 265.60it/s]
Epoch 50:  79%|███████▉  | 461/582 [00:05<00:00, 317.00it/s]
Epoch 50:  88%|████████▊ | 515/582 [00:06<00:00, 364.44it/s]
Epoch 50:  98%|█████████▊| 570/582 [00:06<00:00, 406.74it/s]
Epoch 50: 100%|██████████| 582/582 [00:06<00:00, 90.17it/s] 
Epoch 50/300: Train=0.007890  Val=0.007930  LR=3.00e-04

Epoch 51:   0%|          | 0/582 [00:00<?, ?it/s]
Epoch 51:   0%|          | 1/582 [00:05<48:50,  5.04s/it]
Epoch 51:   8%|▊         | 45/582 [00:05<00:43, 12.31it/s]
Epoch 51:  16%|█▌        | 93/582 [00:05<00:16, 30.01it/s]
Epoch 51:  25%|██▌       | 148/582 [00:05<00:07, 56.65it/s]
Epoch 51:  34%|███▍      | 199/582 [00:05<00:04, 87.58it/s]
Epoch 51:  43%|████▎     | 253/582 [00:05<00:02, 127.66it/s]
Epoch 51:  53%|█████▎    | 307/582 [00:05<00:01, 174.05it/s]
Epoch 51:  62%|██████▏   | 362/582 [00:05<00:00, 225.80it/s]
Epoch 51:  71%|███████▏  | 415/582 [00:05<00:00, 275.98it/s]
Epoch 51:  81%|████████  | 471/582 [00:05<00:00, 328.89it/s]
Epoch 51:  90%|█████████ | 526/582 [00:06<00:00, 375.29it/s]
Epoch 51: 100%|██████████| 582/582 [00:06<00:00, 415.48it/s]
Epoch 51: 100%|██████████| 582/582 [00:06<00:00, 90.69it/s] 
Epoch 51/300: Train=0.007859  Val=0.007870  LR=3.00e-04

Epoch 52:   0%|          | 0/582 [00:00<?, ?it/s]
Epoch 52:   0%|          | 1/582 [00:05<49:11,  5.08s/it]
Epoch 52:   9%|▉         | 53/582 [00:05<00:36, 14.41it/s]
Epoch 52:  18%|█▊        | 106/582 [00:05<00:14, 33.77it/s]
Epoch 52:  27%|██▋       | 160/582 [00:05<00:07, 59.52it/s]
Epoch 52:  36%|███▌      | 210/582 [00:05<00:04, 89.26it/s]
Epoch 52:  45%|████▌     | 264/582 [00:05<00:02, 129.01it/s]
Epoch 52:  54%|█████▍    | 317/582 [00:05<00:01, 173.88it/s]
Epoch 52:  64%|██████▍   | 373/582 [00:05<00:00, 226.60it/s]
Epoch 52:  74%|███████▎  | 428/582 [00:05<00:00, 279.70it/s]
Epoch 52:  83%|████████▎ | 481/582 [00:05<00:00, 323.56it/s]
Epoch 52:  92%|█████████▏| 533/582 [00:06<00:00, 361.30it/s]
Epoch 52: 100%|██████████| 582/582 [00:06<00:00, 89.97it/s] 
Epoch 52/300: Train=0.007758  Val=0.007810  LR=3.00e-04

Epoch 53:   0%|          | 0/582 [00:00<?, ?it/s]
Epoch 53:   0%|          | 1/582 [00:05<49:30,  5.11s/it]
Epoch 53:   6%|▋         | 37/582 [00:05<00:54,  9.97it/s]
Epoch 53:  15%|█▍        | 86/582 [00:05<00:17, 27.91it/s]
Epoch 53:  24%|██▍       | 140/582 [00:05<00:08, 53.83it/s]
Epoch 53:  34%|███▎      | 196/582 [00:05<00:04, 87.86it/s]
Epoch 53:  43%|████▎     | 249/582 [00:05<00:02, 126.68it/s]
Epoch 53:  52%|█████▏    | 301/582 [00:05<00:01, 170.21it/s]
Epoch 53:  61%|██████    | 354/582 [00:05<00:01, 219.25it/s]
Epoch 53:  70%|███████   | 408/582 [00:05<00:00, 270.85it/s]
Epoch 53:  79%|███████▉  | 460/582 [00:06<00:00, 317.55it/s]
Epoch 53:  89%|████████▊ | 516/582 [00:06<00:00, 368.26it/s]
Epoch 53:  98%|█████████▊| 569/582 [00:06<00:00, 402.11it/s]
Epoch 53: 100%|██████████| 582/582 [00:06<00:00, 89.25it/s] 
Epoch 53/300: Train=0.007708  Val=0.007849  LR=3.00e-04

Epoch 54:   0%|          | 0/582 [00:00<?, ?it/s]
Epoch 54:   0%|          | 1/582 [00:05<48:46,  5.04s/it]
Epoch 54:   7%|▋         | 42/582 [00:05<00:46, 11.49it/s]
Epoch 54:  16%|█▌        | 92/582 [00:05<00:16, 30.00it/s]
Epoch 54:  25%|██▌       | 148/582 [00:05<00:07, 57.18it/s]
Epoch 54:  35%|███▌      | 204/582 [00:05<00:04, 91.39it/s]
Epoch 54:  44%|████▍     | 258/582 [00:05<00:02, 131.22it/s]
Epoch 54:  54%|█████▎    | 312/582 [00:05<00:01, 176.83it/s]
Epoch 54:  63%|██████▎   | 365/582 [00:05<00:00, 225.35it/s]
Epoch 54:  72%|███████▏  | 417/582 [00:05<00:00, 273.44it/s]
Epoch 54:  81%|████████  | 469/582 [00:05<00:00, 318.36it/s]
Epoch 54:  90%|████████▉ | 523/582 [00:06<00:00, 365.50it/s]
Epoch 54:  99%|█████████▉| 575/582 [00:06<00:00, 400.57it/s]
Epoch 54: 100%|██████████| 582/582 [00:06<00:00, 90.61it/s] 
Epoch 54/300: Train=0.007687  Val=0.007722  LR=3.00e-04

Epoch 55:   0%|          | 0/582 [00:00<?, ?it/s]
Epoch 55:   0%|          | 1/582 [00:05<48:25,  5.00s/it]
Epoch 55:   7%|▋         | 41/582 [00:05<00:47, 11.30it/s]
Epoch 55:  15%|█▍        | 87/582 [00:05<00:17, 28.41it/s]
Epoch 55:  24%|██▎       | 138/582 [00:05<00:08, 53.30it/s]
Epoch 55:  33%|███▎      | 192/582 [00:05<00:04, 86.70it/s]
Epoch 55:  43%|████▎     | 248/582 [00:05<00:02, 128.99it/s]
Epoch 55:  52%|█████▏    | 303/582 [00:05<00:01, 176.46it/s]
Epoch 55:  62%|██████▏   | 359/582 [00:05<00:00, 229.48it/s]
Epoch 55:  71%|███████▏  | 416/582 [00:05<00:00, 285.86it/s]
Epoch 55:  81%|████████  | 470/582 [00:05<00:00, 331.93it/s]
Epoch 55:  90%|█████████ | 524/582 [00:06<00:00, 375.83it/s]
Epoch 55:  99%|█████████▉| 578/582 [00:06<00:00, 404.70it/s]
Epoch 55: 100%|██████████| 582/582 [00:06<00:00, 91.14it/s] 
Epoch 55/300: Train=0.007706  Val=0.007907  LR=3.00e-04

Epoch 56:   0%|          | 0/582 [00:00<?, ?it/s]
Epoch 56:   0%|          | 1/582 [00:04<48:24,  5.00s/it]
Epoch 56:   8%|▊         | 49/582 [00:05<00:39, 13.53it/s]
Epoch 56:  18%|█▊        | 102/582 [00:05<00:14, 33.22it/s]
Epoch 56:  27%|██▋       | 159/582 [00:05<00:06, 60.90it/s]
Epoch 56:  37%|███▋      | 215/582 [00:05<00:03, 95.18it/s]
Epoch 56:  46%|████▋     | 270/582 [00:05<00:02, 135.82it/s]
Epoch 56:  55%|█████▌    | 322/582 [00:05<00:01, 179.10it/s]
Epoch 56:  65%|██████▍   | 378/582 [00:05<00:00, 231.75it/s]
Epoch 56:  74%|███████▍  | 432/582 [00:05<00:00, 282.78it/s]
Epoch 56:  84%|████████▍ | 488/582 [00:05<00:00, 334.52it/s]
Epoch 56:  93%|█████████▎| 542/582 [00:06<00:00, 374.87it/s]
Epoch 56: 100%|██████████| 582/582 [00:06<00:00, 91.77it/s] 
Epoch 56/300: Train=0.007707  Val=0.007844  LR=3.00e-04

Epoch 57:   0%|          | 0/582 [00:00<?, ?it/s]
Epoch 57:   0%|          | 1/582 [00:05<48:32,  5.01s/it]
Epoch 57:   7%|▋         | 39/582 [00:05<00:50, 10.72it/s]
Epoch 57:  15%|█▍        | 85/582 [00:05<00:17, 27.83it/s]
Epoch 57:  23%|██▎       | 134/582 [00:05<00:08, 51.64it/s]
Epoch 57:  32%|███▏      | 187/582 [00:05<00:04, 84.40it/s]
Epoch 57:  41%|████      | 239/582 [00:05<00:02, 123.14it/s]
Epoch 57:  50%|████▉     | 290/582 [00:05<00:01, 166.64it/s]
Epoch 57:  59%|█████▉    | 343/582 [00:05<00:01, 216.47it/s]
Epoch 57:  69%|██████▊   | 399/582 [00:05<00:00, 272.28it/s]
Epoch 57:  77%|███████▋  | 450/582 [00:05<00:00, 317.52it/s]
Epoch 57:  87%|████████▋ | 504/582 [00:06<00:00, 364.30it/s]
Epoch 57:  96%|█████████▌| 556/582 [00:06<00:00, 396.95it/s]
Epoch 57: 100%|██████████| 582/582 [00:06<00:00, 90.38it/s] 
Epoch 57/300: Train=0.007645  Val=0.007697  LR=3.00e-04

Epoch 58:   0%|          | 0/582 [00:00<?, ?it/s]
Epoch 58:   0%|          | 1/582 [00:04<48:20,  4.99s/it]
Epoch 58:   8%|▊         | 47/582 [00:05<00:41, 12.98it/s]
Epoch 58:  16%|█▋        | 96/582 [00:05<00:15, 31.19it/s]
Epoch 58:  25%|██▌       | 146/582 [00:05<00:07, 55.40it/s]
Epoch 58:  34%|███▍      | 198/582 [00:05<00:04, 87.35it/s]
Epoch 58:  43%|████▎     | 250/582 [00:05<00:02, 125.83it/s]
Epoch 58:  52%|█████▏    | 302/582 [00:05<00:01, 170.04it/s]
Epoch 58:  61%|██████    | 355/582 [00:05<00:01, 219.90it/s]
Epoch 58:  70%|██████▉   | 405/582 [00:05<00:00, 266.24it/s]
Epoch 58:  79%|███████▊  | 458/582 [00:05<00:00, 316.06it/s]
Epoch 58:  88%|████████▊ | 511/582 [00:06<00:00, 361.11it/s]
Epoch 58:  97%|█████████▋| 564/582 [00:06<00:00, 399.68it/s]
Epoch 58: 100%|██████████| 582/582 [00:06<00:00, 90.90it/s] 
Epoch 58/300: Train=0.007557  Val=0.007837  LR=3.00e-04

Epoch 59:   0%|          | 0/582 [00:00<?, ?it/s]
Epoch 59:   0%|          | 1/582 [00:05<48:41,  5.03s/it]
Epoch 59:   7%|▋         | 43/582 [00:05<00:45, 11.79it/s]
Epoch 59:  16%|█▌        | 94/582 [00:05<00:15, 30.67it/s]
Epoch 59:  25%|██▍       | 145/582 [00:05<00:07, 55.31it/s]
Epoch 59:  35%|███▍      | 202/582 [00:05<00:04, 90.38it/s]
Epoch 59:  44%|████▍     | 258/582 [00:05<00:02, 132.01it/s]
Epoch 59:  54%|█████▍    | 313/582 [00:05<00:01, 178.68it/s]
Epoch 59:  63%|██████▎   | 368/582 [00:05<00:00, 229.39it/s]
Epoch 59:  73%|███████▎  | 424/582 [00:05<00:00, 282.88it/s]
Epoch 59:  82%|████████▏ | 479/582 [00:05<00:00, 333.59it/s]
Epoch 59:  92%|█████████▏| 533/582 [00:06<00:00, 372.86it/s]
Epoch 59: 100%|██████████| 582/582 [00:06<00:00, 90.89it/s] 
Epoch 59/300: Train=0.007611  Val=0.007834  LR=3.00e-04

Epoch 60:   0%|          | 0/582 [00:00<?, ?it/s]
Epoch 60:   0%|          | 1/582 [00:05<48:50,  5.04s/it]
Epoch 60:   8%|▊         | 45/582 [00:05<00:43, 12.30it/s]
Epoch 60:  17%|█▋        | 98/582 [00:05<00:15, 31.88it/s]
Epoch 60:  26%|██▋       | 154/582 [00:05<00:07, 58.92it/s]
Epoch 60:  36%|███▌      | 207/582 [00:05<00:04, 90.99it/s]
Epoch 60:  45%|████▌     | 262/582 [00:05<00:02, 131.60it/s]
Epoch 60:  55%|█████▍    | 319/582 [00:05<00:01, 180.67it/s]
Epoch 60:  64%|██████▍   | 373/582 [00:05<00:00, 230.02it/s]
Epoch 60:  74%|███████▎  | 428/582 [00:05<00:00, 282.26it/s]
Epoch 60:  83%|████████▎ | 483/582 [00:05<00:00, 333.19it/s]
Epoch 60:  92%|█████████▏| 538/582 [00:06<00:00, 378.71it/s]
Epoch 60: 100%|██████████| 582/582 [00:06<00:00, 90.98it/s] 
Epoch 60/300: Train=0.007565  Val=0.007903  LR=3.00e-04

Epoch 61:   0%|          | 0/582 [00:00<?, ?it/s]
Epoch 61:   0%|          | 1/582 [00:05<48:38,  5.02s/it]
Epoch 61:   7%|▋         | 42/582 [00:05<00:46, 11.53it/s]
Epoch 61:  15%|█▍        | 85/582 [00:05<00:18, 27.41it/s]
Epoch 61:  23%|██▎       | 134/582 [00:05<00:08, 51.18it/s]
Epoch 61:  32%|███▏      | 189/582 [00:05<00:04, 85.25it/s]
Epoch 61:  41%|████      | 240/582 [00:05<00:02, 122.83it/s]
Epoch 61:  51%|█████     | 295/582 [00:05<00:01, 170.56it/s]
Epoch 61:  59%|█████▉    | 345/582 [00:05<00:01, 215.83it/s]
Epoch 61:  68%|██████▊   | 398/582 [00:05<00:00, 266.72it/s]
Epoch 61:  77%|███████▋  | 449/582 [00:05<00:00, 312.96it/s]
Epoch 61:  87%|████████▋ | 505/582 [00:06<00:00, 364.16it/s]
Epoch 61:  96%|█████████▌| 559/582 [00:06<00:00, 405.13it/s]
Epoch 61: 100%|██████████| 582/582 [00:06<00:00, 90.27it/s] 
Epoch 61/300: Train=0.007538  Val=0.007926  LR=3.00e-04

Epoch 62:   0%|          | 0/582 [00:00<?, ?it/s]
Epoch 62:   0%|          | 1/582 [00:04<48:18,  4.99s/it]
Epoch 62:   7%|▋         | 38/582 [00:05<00:51, 10.50it/s]
Epoch 62:  15%|█▍        | 85/582 [00:05<00:17, 28.05it/s]
Epoch 62:  23%|██▎       | 132/582 [00:05<00:08, 50.89it/s]
Epoch 62:  32%|███▏      | 186/582 [00:05<00:04, 84.49it/s]
Epoch 62:  41%|████      | 239/582 [00:05<00:02, 124.15it/s]
Epoch 62:  50%|█████     | 293/582 [00:05<00:01, 170.82it/s]
Epoch 62:  60%|█████▉    | 347/582 [00:05<00:01, 221.78it/s]
Epoch 62:  69%|██████▊   | 399/582 [00:05<00:00, 270.20it/s]
Epoch 62:  78%|███████▊  | 455/582 [00:05<00:00, 325.43it/s]
Epoch 62:  88%|████████▊ | 511/582 [00:06<00:00, 374.03it/s]
Epoch 62:  98%|█████████▊| 568/582 [00:06<00:00, 418.78it/s]
Epoch 62: 100%|██████████| 582/582 [00:06<00:00, 91.01it/s] 
Epoch 62/300: Train=0.007461  Val=0.007729  LR=3.00e-04

Epoch 63:   0%|          | 0/582 [00:00<?, ?it/s]
Epoch 63:   0%|          | 1/582 [00:05<48:28,  5.01s/it]
Epoch 63:   7%|▋         | 42/582 [00:05<00:46, 11.57it/s]
Epoch 63:  16%|█▌        | 94/582 [00:05<00:15, 30.93it/s]
Epoch 63:  26%|██▌       | 149/582 [00:05<00:07, 57.65it/s]
Epoch 63:  35%|███▌      | 205/582 [00:05<00:04, 92.05it/s]
Epoch 63:  45%|████▍     | 260/582 [00:05<00:02, 132.66it/s]
Epoch 63:  54%|█████▍    | 314/582 [00:05<00:01, 178.62it/s]
Epoch 63:  64%|██████▎   | 370/582 [00:05<00:00, 231.57it/s]
Epoch 63:  73%|███████▎  | 423/582 [00:05<00:00, 278.19it/s]
Epoch 63:  82%|████████▏ | 478/582 [00:05<00:00, 329.75it/s]
Epoch 63:  91%|█████████▏| 532/582 [00:06<00:00, 373.76it/s]
Epoch 63: 100%|██████████| 582/582 [00:06<00:00, 91.25it/s] 
Epoch 63/300: Train=0.007461  Val=0.007679  LR=3.00e-04

Epoch 64:   0%|          | 0/582 [00:00<?, ?it/s]
Epoch 64:   0%|          | 1/582 [00:04<48:02,  4.96s/it]
Epoch 64:   7%|▋         | 43/582 [00:05<00:45, 11.94it/s]
Epoch 64:  15%|█▌        | 90/582 [00:05<00:16, 29.53it/s]
Epoch 64:  25%|██▍       | 144/582 [00:05<00:07, 56.02it/s]
Epoch 64:  34%|███▍      | 200/582 [00:05<00:04, 90.84it/s]
Epoch 64:  44%|████▎     | 254/582 [00:05<00:02, 131.20it/s]
Epoch 64:  53%|█████▎    | 311/582 [00:05<00:01, 180.70it/s]
Epoch 64:  63%|██████▎   | 366/582 [00:05<00:00, 231.57it/s]
Epoch 64:  72%|███████▏  | 419/582 [00:05<00:00, 278.74it/s]
Epoch 64:  81%|████████  | 472/582 [00:05<00:00, 325.60it/s]
Epoch 64:  90%|█████████ | 524/582 [00:05<00:00, 363.94it/s]
Epoch 64:  99%|█████████▉| 577/582 [00:06<00:00, 400.60it/s]
Epoch 64: 100%|██████████| 582/582 [00:06<00:00, 91.46it/s] 
Epoch 64/300: Train=0.007465  Val=0.007716  LR=3.00e-04

Epoch 65:   0%|          | 0/582 [00:00<?, ?it/s]
Epoch 65:   0%|          | 1/582 [00:04<48:18,  4.99s/it]
Epoch 65:   8%|▊         | 48/582 [00:05<00:40, 13.27it/s]
Epoch 65:  17%|█▋        | 101/582 [00:05<00:14, 33.00it/s]
Epoch 65:  26%|██▋       | 153/582 [00:05<00:07, 58.17it/s]
Epoch 65:  35%|███▌      | 206/582 [00:05<00:04, 90.51it/s]
Epoch 65:  45%|████▍     | 259/582 [00:05<00:02, 129.68it/s]
Epoch 65:  54%|█████▍    | 316/582 [00:05<00:01, 179.18it/s]
Epoch 65:  64%|██████▍   | 372/582 [00:05<00:00, 231.44it/s]
Epoch 65:  73%|███████▎  | 426/582 [00:05<00:00, 281.96it/s]
Epoch 65:  82%|████████▏ | 479/582 [00:05<00:00, 329.26it/s]
Epoch 65:  91%|█████████▏| 532/582 [00:06<00:00, 367.08it/s]
Epoch 65: 100%|██████████| 582/582 [00:06<00:00, 91.43it/s] 
Epoch 65/300: Train=0.007408  Val=0.007780  LR=3.00e-04

Epoch 66:   0%|          | 0/582 [00:00<?, ?it/s]
Epoch 66:   0%|          | 1/582 [00:05<48:38,  5.02s/it]
Epoch 66:   8%|▊         | 46/582 [00:05<00:42, 12.64it/s]
Epoch 66:  15%|█▌        | 90/582 [00:05<00:17, 28.86it/s]
Epoch 66:  25%|██▍       | 144/582 [00:05<00:07, 55.14it/s]
Epoch 66:  34%|███▍      | 200/582 [00:05<00:04, 89.64it/s]
Epoch 66:  44%|████▎     | 254/582 [00:05<00:02, 129.50it/s]
Epoch 66:  52%|█████▏    | 303/582 [00:05<00:01, 169.44it/s]
Epoch 66:  61%|██████    | 356/582 [00:05<00:01, 218.95it/s]
Epoch 66:  70%|███████   | 409/582 [00:05<00:00, 269.72it/s]
Epoch 66:  80%|███████▉  | 464/582 [00:05<00:00, 322.40it/s]
Epoch 66:  89%|████████▊ | 516/582 [00:06<00:00, 364.55it/s]
Epoch 66:  98%|█████████▊| 571/582 [00:06<00:00, 406.91it/s]
Epoch 66: 100%|██████████| 582/582 [00:06<00:00, 90.42it/s] 
Epoch 66/300: Train=0.007416  Val=0.007665  LR=3.00e-04

Epoch 67:   0%|          | 0/582 [00:00<?, ?it/s]
Epoch 67:   0%|          | 1/582 [00:05<49:12,  5.08s/it]
Epoch 67:   8%|▊         | 45/582 [00:05<00:43, 12.21it/s]
Epoch 67:  17%|█▋        | 99/582 [00:05<00:15, 32.04it/s]
Epoch 67:  26%|██▋       | 154/582 [00:05<00:07, 58.39it/s]
Epoch 67:  36%|███▌      | 209/582 [00:05<00:04, 91.59it/s]
Epoch 67:  45%|████▍     | 261/582 [00:05<00:02, 129.25it/s]
Epoch 67:  54%|█████▍    | 314/582 [00:05<00:01, 173.66it/s]
Epoch 67:  63%|██████▎   | 369/582 [00:05<00:00, 225.08it/s]
Epoch 67:  72%|███████▏  | 421/582 [00:05<00:00, 273.43it/s]
Epoch 67:  81%|████████▏ | 473/582 [00:05<00:00, 320.21it/s]
Epoch 67:  90%|█████████ | 526/582 [00:06<00:00, 363.40it/s]
Epoch 67:  99%|█████████▉| 578/582 [00:06<00:00, 396.17it/s]
Epoch 67: 100%|██████████| 582/582 [00:06<00:00, 90.01it/s] 
Epoch 67/300: Train=0.007426  Val=0.007714  LR=3.00e-04

Epoch 68:   0%|          | 0/582 [00:00<?, ?it/s]
Epoch 68:   0%|          | 1/582 [00:05<48:51,  5.05s/it]
Epoch 68:   8%|▊         | 44/582 [00:05<00:44, 12.03it/s]
Epoch 68:  16%|█▌        | 93/582 [00:05<00:16, 30.08it/s]
Epoch 68:  26%|██▌       | 149/582 [00:05<00:07, 57.23it/s]
Epoch 68:  35%|███▌      | 204/582 [00:05<00:04, 90.72it/s]
Epoch 68:  45%|████▍     | 259/582 [00:05<00:02, 131.32it/s]
Epoch 68:  53%|█████▎    | 309/582 [00:05<00:01, 171.39it/s]
Epoch 68:  62%|██████▏   | 358/582 [00:05<00:01, 213.86it/s]
Epoch 68:  70%|███████   | 410/582 [00:05<00:00, 263.82it/s]
Epoch 68:  80%|███████▉  | 464/582 [00:05<00:00, 315.10it/s]
Epoch 68:  88%|████████▊ | 515/582 [00:06<00:00, 355.69it/s]
Epoch 68:  98%|█████████▊| 570/582 [00:06<00:00, 400.54it/s]
Epoch 68: 100%|██████████| 582/582 [00:06<00:00, 90.20it/s] 
Epoch 68/300: Train=0.007382  Val=0.007676  LR=3.00e-04

Epoch 69:   0%|          | 0/582 [00:00<?, ?it/s]
Epoch 69:   0%|          | 1/582 [00:05<49:10,  5.08s/it]
Epoch 69:   7%|▋         | 39/582 [00:05<00:51, 10.59it/s]
Epoch 69:  16%|█▌        | 91/582 [00:05<00:16, 29.72it/s]
Epoch 69:  25%|██▌       | 146/582 [00:05<00:07, 56.20it/s]
Epoch 69:  34%|███▍      | 198/582 [00:05<00:04, 87.60it/s]
Epoch 69:  44%|████▍     | 255/582 [00:05<00:02, 130.06it/s]
Epoch 69:  53%|█████▎    | 311/582 [00:05<00:01, 177.97it/s]
Epoch 69:  63%|██████▎   | 368/582 [00:05<00:00, 231.31it/s]
Epoch 69:  73%|███████▎  | 422/582 [00:05<00:00, 281.17it/s]
Epoch 69:  82%|████████▏ | 478/582 [00:05<00:00, 333.34it/s]
Epoch 69:  92%|█████████▏| 533/582 [00:06<00:00, 377.80it/s]
Epoch 69: 100%|██████████| 582/582 [00:06<00:00, 90.29it/s] 
Epoch 69/300: Train=0.007334  Val=0.007770  LR=3.00e-04

Epoch 70:   0%|          | 0/582 [00:00<?, ?it/s]
Epoch 70:   0%|          | 1/582 [00:05<49:22,  5.10s/it]
Epoch 70:   8%|▊         | 46/582 [00:05<00:43, 12.45it/s]
Epoch 70:  17%|█▋        | 98/582 [00:05<00:15, 31.46it/s]
Epoch 70:  26%|██▌       | 150/582 [00:05<00:07, 56.22it/s]
Epoch 70:  35%|███▍      | 201/582 [00:05<00:04, 86.77it/s]
Epoch 70:  43%|████▎     | 253/582 [00:05<00:02, 124.65it/s]
Epoch 70:  53%|█████▎    | 307/582 [00:05<00:01, 170.75it/s]
Epoch 70:  62%|██████▏   | 362/582 [00:05<00:00, 222.79it/s]
Epoch 70:  71%|███████   | 414/582 [00:05<00:00, 271.05it/s]
Epoch 70:  80%|████████  | 466/582 [00:06<00:00, 317.01it/s]
Epoch 70:  89%|████████▉ | 519/582 [00:06<00:00, 361.48it/s]
Epoch 70:  98%|█████████▊| 571/582 [00:06<00:00, 393.74it/s]
Epoch 70: 100%|██████████| 582/582 [00:06<00:00, 89.48it/s] 
Epoch 70/300: Train=0.007354  Val=0.007647  LR=3.00e-04

Epoch 71:   0%|          | 0/582 [00:00<?, ?it/s]
Epoch 71:   0%|          | 1/582 [00:05<49:11,  5.08s/it]
Epoch 71:   8%|▊         | 47/582 [00:05<00:41, 12.77it/s]
Epoch 71:  17%|█▋        | 99/582 [00:05<00:15, 31.82it/s]
Epoch 71:  26%|██▋       | 153/582 [00:05<00:07, 57.69it/s]
Epoch 71:  36%|███▌      | 209/582 [00:05<00:04, 91.63it/s]
Epoch 71:  45%|████▍     | 261/582 [00:05<00:02, 129.41it/s]
Epoch 71:  54%|█████▍    | 315/582 [00:05<00:01, 175.17it/s]
Epoch 71:  63%|██████▎   | 369/582 [00:05<00:00, 225.10it/s]
Epoch 71:  73%|███████▎  | 427/582 [00:05<00:00, 282.90it/s]
Epoch 71:  83%|████████▎ | 481/582 [00:05<00:00, 329.81it/s]
Epoch 71:  92%|█████████▏| 535/582 [00:06<00:00, 374.43it/s]
Epoch 71: 100%|██████████| 582/582 [00:06<00:00, 90.14it/s] 
Epoch 71/300: Train=0.007288  Val=0.007679  LR=3.00e-04

Epoch 72:   0%|          | 0/582 [00:00<?, ?it/s]
Epoch 72:   0%|          | 1/582 [00:05<48:32,  5.01s/it]
Epoch 72:   6%|▌         | 33/582 [00:05<01:00,  9.06it/s]
Epoch 72:  14%|█▍        | 83/582 [00:05<00:17, 27.75it/s]
Epoch 72:  24%|██▎       | 138/582 [00:05<00:08, 54.66it/s]
Epoch 72:  33%|███▎      | 194/582 [00:05<00:04, 89.32it/s]
Epoch 72:  43%|████▎     | 248/582 [00:05<00:02, 129.43it/s]
Epoch 72:  52%|█████▏    | 300/582 [00:05<00:01, 173.36it/s]
Epoch 72:  60%|██████    | 352/582 [00:05<00:01, 221.49it/s]
Epoch 72:  70%|██████▉   | 405/582 [00:05<00:00, 272.56it/s]
Epoch 72:  79%|███████▊  | 457/582 [00:05<00:00, 319.27it/s]
Epoch 72:  87%|████████▋ | 509/582 [00:06<00:00, 359.20it/s]
Epoch 72:  96%|█████████▌| 560/582 [00:06<00:00, 388.87it/s]
Epoch 72: 100%|██████████| 582/582 [00:06<00:00, 90.54it/s] 
Epoch 72/300: Train=0.007267  Val=0.007570  LR=3.00e-04

Epoch 73:   0%|          | 0/582 [00:00<?, ?it/s]
Epoch 73:   0%|          | 1/582 [00:05<48:55,  5.05s/it]
Epoch 73:   7%|▋         | 43/582 [00:05<00:45, 11.74it/s]
Epoch 73:  16%|█▌        | 93/582 [00:05<00:16, 30.19it/s]
Epoch 73:  25%|██▌       | 148/582 [00:05<00:07, 56.76it/s]
Epoch 73:  35%|███▍      | 202/582 [00:05<00:04, 89.55it/s]
Epoch 73:  44%|████▍     | 258/582 [00:05<00:02, 130.99it/s]
Epoch 73:  54%|█████▎    | 312/582 [00:05<00:01, 176.86it/s]
Epoch 73:  63%|██████▎   | 367/582 [00:05<00:00, 228.06it/s]
Epoch 73:  73%|███████▎  | 422/582 [00:05<00:00, 280.53it/s]
Epoch 73:  82%|████████▏ | 476/582 [00:05<00:00, 329.22it/s]
Epoch 73:  91%|█████████ | 530/582 [00:06<00:00, 367.89it/s]
Epoch 73: 100%|██████████| 582/582 [00:06<00:00, 90.55it/s] 
Epoch 73/300: Train=0.007257  Val=0.007507  LR=3.00e-04

Epoch 74:   0%|          | 0/582 [00:00<?, ?it/s]
Epoch 74:   0%|          | 1/582 [00:05<48:57,  5.06s/it]
Epoch 74:   8%|▊         | 45/582 [00:05<00:43, 12.28it/s]
Epoch 74:  17%|█▋        | 99/582 [00:05<00:15, 32.20it/s]
Epoch 74:  27%|██▋       | 155/582 [00:05<00:07, 59.15it/s]
Epoch 74:  36%|███▋      | 211/582 [00:05<00:03, 93.17it/s]
Epoch 74:  45%|████▍     | 260/582 [00:05<00:02, 128.20it/s]
Epoch 74:  54%|█████▍    | 313/582 [00:05<00:01, 173.09it/s]
Epoch 74:  62%|██████▏   | 363/582 [00:05<00:01, 217.61it/s]
Epoch 74:  72%|███████▏  | 417/582 [00:05<00:00, 270.14it/s]
Epoch 74:  81%|████████  | 472/582 [00:05<00:00, 322.66it/s]
Epoch 74:  90%|█████████ | 525/582 [00:06<00:00, 366.06it/s]
Epoch 74:  99%|█████████▉| 578/582 [00:06<00:00, 404.25it/s]
Epoch 74: 100%|██████████| 582/582 [00:06<00:00, 90.41it/s] 
Epoch 74/300: Train=0.007207  Val=0.007622  LR=3.00e-04

Epoch 75:   0%|          | 0/582 [00:00<?, ?it/s]
Epoch 75:   0%|          | 1/582 [00:05<48:51,  5.05s/it]
Epoch 75:   8%|▊         | 47/582 [00:05<00:41, 12.85it/s]
Epoch 75:  17%|█▋        | 97/582 [00:05<00:15, 31.27it/s]
Epoch 75:  26%|██▌       | 150/582 [00:05<00:07, 56.81it/s]
Epoch 75:  35%|███▍      | 203/582 [00:05<00:04, 89.07it/s]
Epoch 75:  44%|████▍     | 255/582 [00:05<00:02, 127.22it/s]
Epoch 75:  53%|█████▎    | 309/582 [00:05<00:01, 173.26it/s]
Epoch 75:  62%|██████▏   | 359/582 [00:05<00:01, 218.10it/s]
Epoch 75:  71%|███████   | 412/582 [00:05<00:00, 269.45it/s]
Epoch 75:  80%|███████▉  | 465/582 [00:05<00:00, 317.85it/s]
Epoch 75:  89%|████████▉ | 520/582 [00:06<00:00, 366.57it/s]
Epoch 75:  99%|█████████▉| 575/582 [00:06<00:00, 407.42it/s]
Epoch 75: 100%|██████████| 582/582 [00:06<00:00, 90.47it/s] 
Epoch 75/300: Train=0.007252  Val=0.007686  LR=3.00e-04

Epoch 76:   0%|          | 0/582 [00:00<?, ?it/s]
Epoch 76:   0%|          | 1/582 [00:05<48:59,  5.06s/it]
Epoch 76:   7%|▋         | 43/582 [00:05<00:45, 11.72it/s]
Epoch 76:  15%|█▌        | 88/582 [00:05<00:17, 28.23it/s]
Epoch 76:  23%|██▎       | 136/582 [00:05<00:08, 51.31it/s]
Epoch 76:  33%|███▎      | 190/582 [00:05<00:04, 84.49it/s]
Epoch 76:  42%|████▏     | 243/582 [00:05<00:02, 123.71it/s]
Epoch 76:  51%|█████     | 297/582 [00:05<00:01, 170.17it/s]
Epoch 76:  60%|█████▉    | 347/582 [00:05<00:01, 215.06it/s]
Epoch 76:  69%|██████▉   | 402/582 [00:05<00:00, 270.05it/s]
Epoch 76:  78%|███████▊  | 454/582 [00:05<00:00, 316.93it/s]
Epoch 76:  87%|████████▋ | 509/582 [00:06<00:00, 365.05it/s]
Epoch 76:  97%|█████████▋| 562/582 [00:06<00:00, 402.49it/s]
Epoch 76: 100%|██████████| 582/582 [00:06<00:00, 89.70it/s] 
Epoch 76/300: Train=0.007159  Val=0.007524  LR=3.00e-04

Epoch 77:   0%|          | 0/582 [00:00<?, ?it/s]
Epoch 77:   0%|          | 1/582 [00:05<49:03,  5.07s/it]
Epoch 77:   7%|▋         | 41/582 [00:05<00:48, 11.16it/s]
Epoch 77:  15%|█▌        | 89/582 [00:05<00:17, 28.83it/s]
Epoch 77:  24%|██▍       | 141/582 [00:05<00:08, 53.89it/s]
Epoch 77:  34%|███▎      | 195/582 [00:05<00:04, 86.88it/s]
Epoch 77:  42%|████▏     | 244/582 [00:05<00:02, 122.44it/s]
Epoch 77:  51%|█████▏    | 299/582 [00:05<00:01, 169.99it/s]
Epoch 77:  61%|██████    | 354/582 [00:05<00:01, 221.74it/s]
Epoch 77:  70%|███████   | 409/582 [00:05<00:00, 275.15it/s]
Epoch 77:  80%|███████▉  | 465/582 [00:05<00:00, 327.93it/s]
Epoch 77:  90%|████████▉ | 521/582 [00:06<00:00, 376.45it/s]
Epoch 77:  99%|█████████▉| 575/582 [00:06<00:00, 412.56it/s]
Epoch 77: 100%|██████████| 582/582 [00:06<00:00, 90.08it/s] 
Epoch 77/300: Train=0.007181  Val=0.007669  LR=3.00e-04

Epoch 78:   0%|          | 0/582 [00:00<?, ?it/s]
Epoch 78:   0%|          | 1/582 [00:05<49:56,  5.16s/it]
Epoch 78:   9%|▉         | 51/582 [00:05<00:38, 13.66it/s]
Epoch 78:  18%|█▊        | 106/582 [00:05<00:14, 33.52it/s]
Epoch 78:  28%|██▊       | 161/582 [00:05<00:07, 59.44it/s]
Epoch 78:  36%|███▌      | 208/582 [00:05<00:04, 86.93it/s]
Epoch 78:  45%|████▍     | 259/582 [00:05<00:02, 123.86it/s]
Epoch 78:  54%|█████▍    | 314/582 [00:05<00:01, 171.11it/s]
Epoch 78:  63%|██████▎   | 368/582 [00:05<00:00, 220.94it/s]
Epoch 78:  73%|███████▎  | 422/582 [00:05<00:00, 272.52it/s]
Epoch 78:  81%|████████▏ | 474/582 [00:06<00:00, 316.23it/s]
Epoch 78:  90%|█████████ | 526/582 [00:06<00:00, 357.66it/s]
Epoch 78: 100%|█████████▉| 581/582 [00:06<00:00, 401.10it/s]
Epoch 78: 100%|██████████| 582/582 [00:06<00:00, 88.99it/s] 
Epoch 78/300: Train=0.007148  Val=0.007537  LR=3.00e-04

Epoch 79:   0%|          | 0/582 [00:00<?, ?it/s]
Epoch 79:   0%|          | 1/582 [00:05<49:50,  5.15s/it]
Epoch 79:   9%|▉         | 52/582 [00:05<00:37, 13.96it/s]
Epoch 79:  18%|█▊        | 102/582 [00:05<00:15, 31.98it/s]
Epoch 79:  26%|██▌       | 150/582 [00:05<00:07, 54.53it/s]
Epoch 79:  35%|███▌      | 205/582 [00:05<00:04, 87.71it/s]
Epoch 79:  45%|████▍     | 261/582 [00:05<00:02, 128.87it/s]
Epoch 79:  54%|█████▍    | 316/582 [00:05<00:01, 175.38it/s]
Epoch 79:  64%|██████▍   | 372/582 [00:05<00:00, 227.33it/s]
Epoch 79:  73%|███████▎  | 425/582 [00:05<00:00, 273.97it/s]
Epoch 79:  83%|████████▎ | 481/582 [00:06<00:00, 326.94it/s]
Epoch 79:  92%|█████████▏| 536/582 [00:06<00:00, 373.18it/s]
Epoch 79: 100%|██████████| 582/582 [00:06<00:00, 89.34it/s] 
Epoch 79/300: Train=0.007131  Val=0.007483  LR=3.00e-04

Epoch 80:   0%|          | 0/582 [00:00<?, ?it/s]
Epoch 80:   0%|          | 1/582 [00:05<49:52,  5.15s/it]
Epoch 80:   8%|▊         | 44/582 [00:05<00:45, 11.78it/s]
Epoch 80:  16%|█▋        | 95/582 [00:05<00:16, 30.26it/s]
Epoch 80:  25%|██▌       | 148/582 [00:05<00:07, 55.38it/s]
Epoch 80:  34%|███▍      | 200/582 [00:05<00:04, 86.40it/s]
Epoch 80:  43%|████▎     | 252/582 [00:05<00:02, 124.03it/s]
Epoch 80:  52%|█████▏    | 303/582 [00:05<00:01, 166.57it/s]
Epoch 80:  61%|██████▏   | 357/582 [00:05<00:01, 217.21it/s]
Epoch 80:  70%|███████   | 409/582 [00:05<00:00, 266.54it/s]
Epoch 80:  79%|███████▉  | 461/582 [00:06<00:00, 313.20it/s]
Epoch 80:  88%|████████▊ | 514/582 [00:06<00:00, 357.60it/s]
Epoch 80:  98%|█████████▊| 570/582 [00:06<00:00, 402.64it/s]
Epoch 80: 100%|██████████| 582/582 [00:06<00:00, 88.87it/s] 
Epoch 80/300: Train=0.007116  Val=0.007601  LR=3.00e-04

Epoch 81:   0%|          | 0/582 [00:00<?, ?it/s]
Epoch 81:   0%|          | 1/582 [00:05<49:07,  5.07s/it]
Epoch 81:   8%|▊         | 49/582 [00:05<00:39, 13.33it/s]
Epoch 81:  16%|█▋        | 96/582 [00:05<00:15, 30.51it/s]
Epoch 81:  25%|██▌       | 148/582 [00:05<00:07, 55.45it/s]
Epoch 81:  35%|███▍      | 201/582 [00:05<00:04, 87.61it/s]
Epoch 81:  43%|████▎     | 251/582 [00:05<00:02, 123.94it/s]
Epoch 81:  53%|█████▎    | 307/582 [00:05<00:01, 172.39it/s]
Epoch 81:  62%|██████▏   | 363/582 [00:05<00:00, 225.44it/s]
Epoch 81:  71%|███████▏  | 415/582 [00:05<00:00, 272.89it/s]
Epoch 81:  81%|████████  | 470/582 [00:05<00:00, 324.16it/s]
Epoch 81:  90%|████████▉ | 523/582 [00:06<00:00, 365.54it/s]
Epoch 81:  99%|█████████▉| 576/582 [00:06<00:00, 403.64it/s]
Epoch 81: 100%|██████████| 582/582 [00:06<00:00, 90.10it/s] 
Epoch 81/300: Train=0.007150  Val=0.007581  LR=3.00e-04

Epoch 82:   0%|          | 0/582 [00:00<?, ?it/s]
Epoch 82:   0%|          | 1/582 [00:05<49:13,  5.08s/it]
Epoch 82:   8%|▊         | 45/582 [00:05<00:43, 12.22it/s]
Epoch 82:  17%|█▋        | 98/582 [00:05<00:15, 31.66it/s]
Epoch 82:  26%|██▌       | 150/582 [00:05<00:07, 56.50it/s]
Epoch 82:  34%|███▎      | 196/582 [00:05<00:04, 83.80it/s]
Epoch 82:  43%|████▎     | 252/582 [00:05<00:02, 125.81it/s]
Epoch 82:  53%|█████▎    | 307/582 [00:05<00:01, 173.10it/s]
Epoch 82:  62%|██████▏   | 359/582 [00:05<00:01, 220.27it/s]
Epoch 82:  70%|███████   | 410/582 [00:05<00:00, 267.36it/s]
Epoch 82:  80%|████████  | 466/582 [00:05<00:00, 321.62it/s]
Epoch 82:  89%|████████▉ | 518/582 [00:06<00:00, 362.24it/s]
Epoch 82:  98%|█████████▊| 570/582 [00:06<00:00, 391.58it/s]
Epoch 82: 100%|██████████| 582/582 [00:06<00:00, 89.54it/s] 
Epoch 82/300: Train=0.007085  Val=0.007509  LR=3.00e-04

Epoch 83:   0%|          | 0/582 [00:00<?, ?it/s]
Epoch 83:   0%|          | 1/582 [00:05<49:10,  5.08s/it]
Epoch 83:   8%|▊         | 47/582 [00:05<00:41, 12.77it/s]
Epoch 83:  17%|█▋        | 97/582 [00:05<00:15, 31.07it/s]
Epoch 83:  26%|██▌       | 150/582 [00:05<00:07, 56.46it/s]
Epoch 83:  35%|███▌      | 205/582 [00:05<00:04, 89.87it/s]
Epoch 83:  45%|████▍     | 261/582 [00:05<00:02, 131.25it/s]
Epoch 83:  54%|█████▍    | 314/582 [00:05<00:01, 175.87it/s]
Epoch 83:  63%|██████▎   | 365/582 [00:05<00:00, 221.31it/s]
Epoch 83:  71%|███████▏  | 416/582 [00:05<00:00, 267.37it/s]
Epoch 83:  80%|████████  | 467/582 [00:05<00:00, 311.99it/s]
Epoch 83:  89%|████████▉ | 519/582 [00:06<00:00, 354.18it/s]
Epoch 83:  98%|█████████▊| 570/582 [00:06<00:00, 389.33it/s]
Epoch 83: 100%|██████████| 582/582 [00:06<00:00, 89.79it/s] 
Epoch 83/300: Train=0.007131  Val=0.007625  LR=3.00e-04

Epoch 84:   0%|          | 0/582 [00:00<?, ?it/s]
Epoch 84:   0%|          | 1/582 [00:05<48:34,  5.02s/it]
Epoch 84:   7%|▋         | 40/582 [00:05<00:49, 10.99it/s]
Epoch 84:  15%|█▍        | 86/582 [00:05<00:17, 28.06it/s]
Epoch 84:  24%|██▍       | 141/582 [00:05<00:08, 54.93it/s]
Epoch 84:  34%|███▍      | 197/582 [00:05<00:04, 89.42it/s]
Epoch 84:  43%|████▎     | 252/582 [00:05<00:02, 130.33it/s]
Epoch 84:  52%|█████▏    | 302/582 [00:05<00:01, 171.63it/s]
Epoch 84:  61%|██████    | 353/582 [00:05<00:01, 218.19it/s]
Epoch 84:  70%|██████▉   | 406/582 [00:05<00:00, 268.75it/s]
Epoch 84:  79%|███████▉  | 461/582 [00:05<00:00, 322.25it/s]
Epoch 84:  88%|████████▊ | 513/582 [00:06<00:00, 364.15it/s]
Epoch 84:  97%|█████████▋| 566/582 [00:06<00:00, 401.97it/s]
Epoch 84: 100%|██████████| 582/582 [00:06<00:00, 90.53it/s] 
Epoch 84/300: Train=0.007094  Val=0.007763  LR=3.00e-04

Epoch 85:   0%|          | 0/582 [00:00<?, ?it/s]
Epoch 85:   0%|          | 1/582 [00:04<48:21,  4.99s/it]
Epoch 85:   6%|▌         | 36/582 [00:05<00:54,  9.93it/s]
Epoch 85:  14%|█▎        | 80/582 [00:05<00:19, 26.34it/s]
Epoch 85:  23%|██▎       | 131/582 [00:05<00:08, 51.30it/s]
Epoch 85:  32%|███▏      | 186/582 [00:05<00:04, 85.52it/s]
Epoch 85:  41%|████      | 239/582 [00:05<00:02, 125.24it/s]
Epoch 85:  49%|████▉     | 288/582 [00:05<00:01, 166.53it/s]
Epoch 85:  58%|█████▊    | 338/582 [00:05<00:01, 212.66it/s]
Epoch 85:  67%|██████▋   | 390/582 [00:05<00:00, 262.71it/s]
Epoch 85:  76%|███████▋  | 445/582 [00:05<00:00, 317.55it/s]
Epoch 85:  85%|████████▌ | 497/582 [00:06<00:00, 360.15it/s]
Epoch 85:  94%|█████████▍| 549/582 [00:06<00:00, 392.96it/s]
Epoch 85: 100%|██████████| 582/582 [00:06<00:00, 90.34it/s] 
Epoch 85/300: Train=0.007096  Val=0.007475  LR=3.00e-04

Epoch 86:   0%|          | 0/582 [00:00<?, ?it/s]
Epoch 86:   0%|          | 1/582 [00:05<48:50,  5.04s/it]
Epoch 86:   9%|▊         | 50/582 [00:05<00:38, 13.68it/s]
Epoch 86:  18%|█▊        | 102/582 [00:05<00:14, 32.83it/s]
Epoch 86:  27%|██▋       | 156/582 [00:05<00:07, 58.77it/s]
Epoch 86:  36%|███▋      | 212/582 [00:05<00:03, 92.95it/s]
Epoch 86:  46%|████▌     | 269/582 [00:05<00:02, 135.05it/s]
Epoch 86:  56%|█████▌    | 324/582 [00:05<00:01, 181.46it/s]
Epoch 86:  65%|██████▍   | 378/582 [00:05<00:00, 230.68it/s]
Epoch 86:  74%|███████▍  | 431/582 [00:05<00:00, 278.14it/s]
Epoch 86:  83%|████████▎ | 484/582 [00:05<00:00, 324.00it/s]
Epoch 86:  92%|█████████▏| 536/582 [00:06<00:00, 364.02it/s]
Epoch 86: 100%|██████████| 582/582 [00:06<00:00, 90.72it/s] 
Epoch 86/300: Train=0.007031  Val=0.007470  LR=3.00e-04

Epoch 87:   0%|          | 0/582 [00:00<?, ?it/s]
Epoch 87:   0%|          | 1/582 [00:05<48:42,  5.03s/it]
Epoch 87:   8%|▊         | 46/582 [00:05<00:42, 12.62it/s]
Epoch 87:  16%|█▌        | 93/582 [00:05<00:16, 29.96it/s]
Epoch 87:  25%|██▍       | 145/582 [00:05<00:07, 55.12it/s]
Epoch 87:  34%|███▍      | 200/582 [00:05<00:04, 88.91it/s]
Epoch 87:  43%|████▎     | 251/582 [00:05<00:02, 126.14it/s]
Epoch 87:  53%|█████▎    | 306/582 [00:05<00:01, 173.65it/s]
Epoch 87:  62%|██████▏   | 361/582 [00:05<00:00, 225.74it/s]
Epoch 87:  72%|███████▏  | 417/582 [00:05<00:00, 279.99it/s]
Epoch 87:  81%|████████  | 471/582 [00:05<00:00, 329.47it/s]
Epoch 87:  90%|█████████ | 525/582 [00:06<00:00, 373.67it/s]
Epoch 87:  99%|█████████▉| 579/582 [00:06<00:00, 410.60it/s]
Epoch 87: 100%|██████████| 582/582 [00:06<00:00, 90.82it/s] 
Epoch 87/300: Train=0.007053  Val=0.007547  LR=3.00e-04

Epoch 88:   0%|          | 0/582 [00:00<?, ?it/s]
Epoch 88:   0%|          | 1/582 [00:05<48:34,  5.02s/it]
Epoch 88:   8%|▊         | 46/582 [00:05<00:42, 12.65it/s]
Epoch 88:  17%|█▋        | 100/582 [00:05<00:14, 32.68it/s]
Epoch 88:  26%|██▌       | 152/582 [00:05<00:07, 57.75it/s]
Epoch 88:  35%|███▍      | 203/582 [00:05<00:04, 88.73it/s]
Epoch 88:  44%|████▍     | 256/582 [00:05<00:02, 127.94it/s]
Epoch 88:  54%|█████▎    | 312/582 [00:05<00:01, 176.38it/s]
Epoch 88:  63%|██████▎   | 367/582 [00:05<00:00, 227.64it/s]
Epoch 88:  73%|███████▎  | 424/582 [00:05<00:00, 283.65it/s]
Epoch 88:  82%|████████▏ | 479/582 [00:05<00:00, 333.12it/s]
Epoch 88:  92%|█████████▏| 533/582 [00:06<00:00, 370.84it/s]
Epoch 88: 100%|██████████| 582/582 [00:06<00:00, 91.06it/s] 
Epoch 88/300: Train=0.007018  Val=0.007462  LR=3.00e-04

Epoch 89:   0%|          | 0/582 [00:00<?, ?it/s]
Epoch 89:   0%|          | 1/582 [00:05<48:27,  5.01s/it]
Epoch 89:   7%|▋         | 41/582 [00:05<00:47, 11.29it/s]
Epoch 89:  15%|█▍        | 85/582 [00:05<00:18, 27.61it/s]
Epoch 89:  24%|██▎       | 138/582 [00:05<00:08, 53.44it/s]
Epoch 89:  32%|███▏      | 188/582 [00:05<00:04, 83.94it/s]
Epoch 89:  41%|████      | 237/582 [00:05<00:02, 119.79it/s]
Epoch 89:  50%|█████     | 293/582 [00:05<00:01, 169.18it/s]
Epoch 89:  59%|█████▉    | 344/582 [00:05<00:01, 215.77it/s]
Epoch 89:  68%|██████▊   | 394/582 [00:05<00:00, 262.17it/s]
Epoch 89:  77%|███████▋  | 446/582 [00:05<00:00, 311.23it/s]
Epoch 89:  86%|████████▋ | 502/582 [00:06<00:00, 362.84it/s]
Epoch 89:  96%|█████████▌| 556/582 [00:06<00:00, 404.15it/s]
Epoch 89: 100%|██████████| 582/582 [00:06<00:00, 90.26it/s] 
Epoch 89/300: Train=0.007025  Val=0.007513  LR=3.00e-04

Epoch 90:   0%|          | 0/582 [00:00<?, ?it/s]
Epoch 90:   0%|          | 1/582 [00:05<48:35,  5.02s/it]
Epoch 90:   7%|▋         | 43/582 [00:05<00:45, 11.82it/s]
Epoch 90:  16%|█▋        | 95/582 [00:05<00:15, 31.12it/s]
Epoch 90:  26%|██▌       | 150/582 [00:05<00:07, 57.84it/s]
Epoch 90:  35%|███▍      | 201/582 [00:05<00:04, 88.70it/s]
Epoch 90:  43%|████▎     | 253/582 [00:05<00:02, 127.11it/s]
Epoch 90:  52%|█████▏    | 305/582 [00:05<00:01, 171.06it/s]
Epoch 90:  62%|██████▏   | 358/582 [00:05<00:01, 220.62it/s]
Epoch 90:  70%|███████   | 409/582 [00:05<00:00, 263.61it/s]
Epoch 90:  79%|███████▉  | 460/582 [00:05<00:00, 308.22it/s]
Epoch 90:  88%|████████▊ | 513/582 [00:06<00:00, 354.24it/s]
Epoch 90:  97%|█████████▋| 567/582 [00:06<00:00, 396.26it/s]
Epoch 90: 100%|██████████| 582/582 [00:06<00:00, 90.42it/s] 
Epoch 90/300: Train=0.006940  Val=0.007426  LR=3.00e-04

Epoch 91:   0%|          | 0/582 [00:00<?, ?it/s]
Epoch 91:   0%|          | 1/582 [00:05<49:27,  5.11s/it]
Epoch 91:   8%|▊         | 48/582 [00:05<00:41, 12.98it/s]
Epoch 91:  17%|█▋        | 100/582 [00:05<00:15, 31.92it/s]
Epoch 91:  26%|██▋       | 154/582 [00:05<00:07, 57.68it/s]
Epoch 91:  36%|███▌      | 210/582 [00:05<00:04, 91.48it/s]
Epoch 91:  46%|████▌     | 265/582 [00:05<00:02, 131.77it/s]
Epoch 91:  55%|█████▍    | 320/582 [00:05<00:01, 178.22it/s]
Epoch 91:  65%|██████▍   | 376/582 [00:05<00:00, 230.32it/s]
Epoch 91:  74%|███████▍  | 431/582 [00:05<00:00, 282.22it/s]
Epoch 91:  84%|████████▎ | 486/582 [00:06<00:00, 332.30it/s]
Epoch 91:  93%|█████████▎| 542/582 [00:06<00:00, 379.10it/s]
Epoch 91: 100%|██████████| 582/582 [00:06<00:00, 90.07it/s] 
Epoch 91/300: Train=0.006992  Val=0.007576  LR=3.00e-04

Epoch 92:   0%|          | 0/582 [00:00<?, ?it/s]
Epoch 92:   0%|          | 1/582 [00:05<49:22,  5.10s/it]
Epoch 92:   8%|▊         | 44/582 [00:05<00:45, 11.90it/s]
Epoch 92:  16%|█▋        | 96/582 [00:05<00:15, 30.94it/s]
Epoch 92:  25%|██▌       | 148/582 [00:05<00:07, 55.75it/s]
Epoch 92:  35%|███▍      | 201/582 [00:05<00:04, 87.76it/s]
Epoch 92:  44%|████▍     | 256/582 [00:05<00:02, 128.34it/s]
Epoch 92:  53%|█████▎    | 307/582 [00:05<00:01, 170.57it/s]
Epoch 92:  62%|██████▏   | 360/582 [00:05<00:01, 219.61it/s]
Epoch 92:  71%|███████   | 411/582 [00:05<00:00, 266.73it/s]
Epoch 92:  79%|███████▉  | 462/582 [00:06<00:00, 312.20it/s]
Epoch 92:  88%|████████▊ | 513/582 [00:06<00:00, 353.50it/s]
Epoch 92:  98%|█████████▊| 569/582 [00:06<00:00, 399.67it/s]
Epoch 92: 100%|██████████| 582/582 [00:06<00:00, 89.55it/s] 
Epoch 92/300: Train=0.006924  Val=0.007569  LR=3.00e-04

Epoch 93:   0%|          | 0/582 [00:00<?, ?it/s]
Epoch 93:   0%|          | 1/582 [00:05<50:20,  5.20s/it]
Epoch 93:   7%|▋         | 42/582 [00:05<00:48, 11.15it/s]
Epoch 93:  15%|█▌        | 90/582 [00:05<00:17, 28.41it/s]
Epoch 93:  25%|██▍       | 144/582 [00:05<00:08, 53.88it/s]
Epoch 93:  34%|███▍      | 198/582 [00:05<00:04, 86.15it/s]
Epoch 93:  43%|████▎     | 253/582 [00:05<00:02, 126.27it/s]
Epoch 93:  52%|█████▏    | 303/582 [00:05<00:01, 167.25it/s]
Epoch 93:  61%|██████    | 355/582 [00:05<00:01, 214.98it/s]
Epoch 93:  70%|██████▉   | 405/582 [00:06<00:00, 258.74it/s]
Epoch 93:  79%|███████▊  | 458/582 [00:06<00:00, 309.42it/s]
Epoch 93:  88%|████████▊ | 512/582 [00:06<00:00, 357.99it/s]
Epoch 93:  97%|█████████▋| 567/582 [00:06<00:00, 401.48it/s]
Epoch 93: 100%|██████████| 582/582 [00:06<00:00, 88.19it/s] 
Epoch 93/300: Train=0.006905  Val=0.007549  LR=3.00e-04

Epoch 94:   0%|          | 0/582 [00:00<?, ?it/s]
Epoch 94:   0%|          | 1/582 [00:04<47:35,  4.92s/it]
Epoch 94:   9%|▉         | 53/582 [00:05<00:35, 14.88it/s]
Epoch 94:  18%|█▊        | 105/582 [00:05<00:13, 34.45it/s]
Epoch 94:  27%|██▋       | 159/582 [00:05<00:06, 60.94it/s]
Epoch 94:  36%|███▋      | 211/582 [00:05<00:03, 92.83it/s]
Epoch 94:  46%|████▌     | 265/582 [00:05<00:02, 133.27it/s]
Epoch 94:  55%|█████▌    | 321/582 [00:05<00:01, 181.89it/s]
Epoch 94:  65%|██████▍   | 377/582 [00:05<00:00, 234.63it/s]
Epoch 94:  74%|███████▍  | 431/582 [00:05<00:00, 285.32it/s]
Epoch 94:  84%|████████▎ | 486/582 [00:05<00:00, 335.58it/s]
Epoch 94:  93%|█████████▎| 541/582 [00:05<00:00, 381.72it/s]
Epoch 94: 100%|██████████| 582/582 [00:06<00:00, 93.08it/s] 
Epoch 94/300: Train=0.006916  Val=0.007433  LR=3.00e-04

Epoch 95:   0%|          | 0/582 [00:00<?, ?it/s]
Epoch 95:   0%|          | 1/582 [00:04<48:14,  4.98s/it]
Epoch 95:   9%|▊         | 50/582 [00:05<00:38, 13.85it/s]
Epoch 95:  18%|█▊        | 106/582 [00:05<00:13, 34.73it/s]
Epoch 95:  28%|██▊       | 163/582 [00:05<00:06, 62.40it/s]
Epoch 95:  37%|███▋      | 216/582 [00:05<00:03, 94.54it/s]
Epoch 95:  46%|████▌     | 268/582 [00:05<00:02, 132.59it/s]
Epoch 95:  56%|█████▌    | 325/582 [00:05<00:01, 181.76it/s]
Epoch 95:  65%|██████▌   | 379/582 [00:05<00:00, 231.27it/s]
Epoch 95:  75%|███████▍  | 434/582 [00:05<00:00, 284.04it/s]
Epoch 95:  84%|████████▍ | 489/582 [00:05<00:00, 333.00it/s]
Epoch 95:  93%|█████████▎| 543/582 [00:06<00:00, 369.79it/s]
Epoch 95: 100%|██████████| 582/582 [00:06<00:00, 91.81it/s] 
Epoch 95/300: Train=0.006876  Val=0.007423  LR=3.00e-04

Epoch 96:   0%|          | 0/582 [00:00<?, ?it/s]
Epoch 96:   0%|          | 1/582 [00:04<46:53,  4.84s/it]
Epoch 96:   9%|▊         | 50/582 [00:04<00:37, 14.24it/s]
Epoch 96:  18%|█▊        | 105/582 [00:05<00:13, 35.28it/s]
Epoch 96:  27%|██▋       | 159/582 [00:05<00:06, 62.07it/s]
Epoch 96:  37%|███▋      | 213/582 [00:05<00:03, 95.71it/s]
Epoch 96:  46%|████▌     | 266/582 [00:05<00:02, 135.27it/s]
Epoch 96:  55%|█████▍    | 320/582 [00:05<00:01, 181.89it/s]
Epoch 96:  64%|██████▍   | 374/582 [00:05<00:00, 231.91it/s]
Epoch 96:  74%|███████▎  | 428/582 [00:05<00:00, 283.32it/s]
Epoch 96:  83%|████████▎ | 482/582 [00:05<00:00, 332.27it/s]
Epoch 96:  92%|█████████▏| 535/582 [00:05<00:00, 372.18it/s]
Epoch 96: 100%|██████████| 582/582 [00:06<00:00, 93.82it/s] 
Epoch 96/300: Train=0.006893  Val=0.007516  LR=3.00e-04

Epoch 97:   0%|          | 0/582 [00:00<?, ?it/s]
Epoch 97:   0%|          | 1/582 [00:04<47:52,  4.94s/it]
Epoch 97:   9%|▊         | 50/582 [00:05<00:38, 13.96it/s]
Epoch 97:  18%|█▊        | 106/582 [00:05<00:13, 35.01it/s]
Epoch 97:  27%|██▋       | 157/582 [00:05<00:07, 59.81it/s]
Epoch 97:  36%|███▋      | 211/582 [00:05<00:03, 93.07it/s]
Epoch 97:  46%|████▌     | 267/582 [00:05<00:02, 135.10it/s]
Epoch 97:  55%|█████▌    | 323/582 [00:05<00:01, 183.56it/s]
Epoch 97:  65%|██████▍   | 376/582 [00:05<00:00, 228.57it/s]
Epoch 97:  74%|███████▎  | 429/582 [00:05<00:00, 278.20it/s]
Epoch 97:  83%|████████▎ | 484/582 [00:05<00:00, 328.70it/s]
Epoch 97:  92%|█████████▏| 537/582 [00:05<00:00, 370.83it/s]
Epoch 97: 100%|██████████| 582/582 [00:06<00:00, 92.35it/s] 
Epoch 97/300: Train=0.006896  Val=0.007490  LR=3.00e-04

Epoch 98:   0%|          | 0/582 [00:00<?, ?it/s]
Epoch 98:   0%|          | 1/582 [00:04<48:02,  4.96s/it]
Epoch 98:   9%|▉         | 51/582 [00:05<00:37, 14.19it/s]
Epoch 98:  18%|█▊        | 103/582 [00:05<00:14, 33.60it/s]
Epoch 98:  27%|██▋       | 157/582 [00:05<00:07, 59.91it/s]
Epoch 98:  36%|███▌      | 210/582 [00:05<00:04, 92.35it/s]
Epoch 98:  45%|████▍     | 260/582 [00:05<00:02, 128.73it/s]
Epoch 98:  54%|█████▎    | 312/582 [00:05<00:01, 173.16it/s]
Epoch 98:  62%|██████▏   | 362/582 [00:05<00:01, 215.47it/s]
Epoch 98:  71%|███████▏  | 416/582 [00:05<00:00, 267.86it/s]
Epoch 98:  81%|████████  | 470/582 [00:05<00:00, 318.81it/s]
Epoch 98:  90%|████████▉ | 523/582 [00:05<00:00, 362.18it/s]
Epoch 98:  99%|█████████▉| 575/582 [00:06<00:00, 390.67it/s]
Epoch 98: 100%|██████████| 582/582 [00:06<00:00, 91.49it/s] 
Epoch 98/300: Train=0.006856  Val=0.007484  LR=3.00e-04

Epoch 99:   0%|          | 0/582 [00:00<?, ?it/s]
Epoch 99:   0%|          | 1/582 [00:04<48:05,  4.97s/it]
Epoch 99:   9%|▊         | 50/582 [00:05<00:38, 13.89it/s]
Epoch 99:  18%|█▊        | 104/582 [00:05<00:14, 34.07it/s]
Epoch 99:  27%|██▋       | 158/582 [00:05<00:07, 60.36it/s]
Epoch 99:  37%|███▋      | 213/582 [00:05<00:03, 94.13it/s]
Epoch 99:  46%|████▌     | 267/582 [00:05<00:02, 133.92it/s]
Epoch 99:  55%|█████▍    | 320/582 [00:05<00:01, 178.88it/s]
Epoch 99:  64%|██████▍   | 375/582 [00:05<00:00, 230.02it/s]
Epoch 99:  74%|███████▍  | 431/582 [00:05<00:00, 283.80it/s]
Epoch 99:  83%|████████▎ | 485/582 [00:05<00:00, 332.73it/s]
Epoch 99:  93%|█████████▎| 539/582 [00:05<00:00, 375.55it/s]
Epoch 99: 100%|██████████| 582/582 [00:06<00:00, 92.09it/s] 
Epoch 99/300: Train=0.006867  Val=0.007371  LR=3.00e-04

Epoch 100:   0%|          | 0/582 [00:00<?, ?it/s]
Epoch 100:   0%|          | 1/582 [00:05<48:42,  5.03s/it]
Epoch 100:   8%|▊         | 48/582 [00:05<00:40, 13.17it/s]
Epoch 100:  17%|█▋        | 99/582 [00:05<00:15, 32.00it/s]
Epoch 100:  26%|██▌       | 152/582 [00:05<00:07, 57.57it/s]
Epoch 100:  35%|███▌      | 205/582 [00:05<00:04, 89.86it/s]
Epoch 100:  44%|████▍     | 258/582 [00:05<00:02, 128.84it/s]
Epoch 100:  53%|█████▎    | 310/582 [00:05<00:01, 172.51it/s]
Epoch 100:  62%|██████▏   | 363/582 [00:05<00:00, 221.35it/s]
Epoch 100:  71%|███████   | 414/582 [00:05<00:00, 267.99it/s]
Epoch 100:  81%|████████  | 469/582 [00:05<00:00, 320.93it/s]
Epoch 100:  90%|████████▉ | 521/582 [00:06<00:00, 361.04it/s]
Epoch 100:  98%|█████████▊| 573/582 [00:06<00:00, 387.16it/s]
Epoch 100: 100%|██████████| 582/582 [00:06<00:00, 90.41it/s] 
Epoch 100/300: Train=0.006827  Val=0.007451  LR=3.00e-04

Epoch 101:   0%|          | 0/582 [00:00<?, ?it/s]
Epoch 101:   0%|          | 1/582 [00:04<48:13,  4.98s/it]
Epoch 101:   8%|▊         | 48/582 [00:05<00:40, 13.30it/s]
Epoch 101:  17%|█▋        | 98/582 [00:05<00:15, 31.92it/s]
Epoch 101:  26%|██▌       | 150/582 [00:05<00:07, 57.23it/s]
Epoch 101:  35%|███▍      | 202/582 [00:05<00:04, 89.09it/s]
Epoch 101:  43%|████▎     | 253/582 [00:05<00:02, 126.64it/s]
Epoch 101:  53%|█████▎    | 307/582 [00:05<00:01, 173.30it/s]
Epoch 101:  62%|██████▏   | 359/582 [00:05<00:01, 220.66it/s]
Epoch 101:  71%|███████   | 411/582 [00:05<00:00, 269.71it/s]
Epoch 101:  80%|███████▉  | 465/582 [00:05<00:00, 320.67it/s]
Epoch 101:  89%|████████▉ | 520/582 [00:05<00:00, 368.93it/s]
Epoch 101:  98%|█████████▊| 573/582 [00:06<00:00, 403.74it/s]
Epoch 101: 100%|██████████| 582/582 [00:06<00:00, 91.33it/s] 
Epoch 101/300: Train=0.006811  Val=0.007410  LR=3.00e-04

Epoch 102:   0%|          | 0/582 [00:00<?, ?it/s]
Epoch 102:   0%|          | 1/582 [00:04<48:15,  4.98s/it]
Epoch 102:   9%|▉         | 51/582 [00:05<00:37, 14.13it/s]
Epoch 102:  18%|█▊        | 103/582 [00:05<00:14, 33.48it/s]
Epoch 102:  26%|██▌       | 151/582 [00:05<00:07, 56.63it/s]
Epoch 102:  35%|███▌      | 205/582 [00:05<00:04, 89.89it/s]
Epoch 102:  45%|████▍     | 260/582 [00:05<00:02, 130.89it/s]
Epoch 102:  54%|█████▍    | 314/582 [00:05<00:01, 177.04it/s]
Epoch 102:  63%|██████▎   | 368/582 [00:05<00:00, 227.24it/s]
Epoch 102:  72%|███████▏  | 420/582 [00:05<00:00, 274.83it/s]
Epoch 102:  82%|████████▏ | 475/582 [00:05<00:00, 326.72it/s]
Epoch 102:  91%|█████████ | 528/582 [00:05<00:00, 370.21it/s]
Epoch 102: 100%|██████████| 582/582 [00:06<00:00, 408.04it/s]
Epoch 102: 100%|██████████| 582/582 [00:06<00:00, 91.63it/s] 
Epoch 102/300: Train=0.006786  Val=0.007453  LR=3.00e-04

Epoch 103:   0%|          | 0/582 [00:00<?, ?it/s]
Epoch 103:   0%|          | 1/582 [00:04<47:54,  4.95s/it]
Epoch 103:   8%|▊         | 49/582 [00:05<00:38, 13.67it/s]
Epoch 103:  17%|█▋        | 99/582 [00:05<00:14, 32.41it/s]
Epoch 103:  25%|██▌       | 148/582 [00:05<00:07, 56.28it/s]
Epoch 103:  34%|███▍      | 200/582 [00:05<00:04, 88.45it/s]
Epoch 103:  44%|████▎     | 254/582 [00:05<00:02, 129.05it/s]
Epoch 103:  53%|█████▎    | 307/582 [00:05<00:01, 174.37it/s]
Epoch 103:  62%|██████▏   | 360/582 [00:05<00:00, 224.09it/s]
Epoch 103:  71%|███████   | 412/582 [00:05<00:00, 272.44it/s]
Epoch 103:  80%|███████▉  | 463/582 [00:05<00:00, 317.35it/s]
Epoch 103:  89%|████████▉ | 517/582 [00:05<00:00, 364.69it/s]
Epoch 103:  98%|█████████▊| 569/582 [00:06<00:00, 400.16it/s]
Epoch 103: 100%|██████████| 582/582 [00:06<00:00, 91.79it/s] 
Epoch 103/300: Train=0.006800  Val=0.007401  LR=3.00e-04

Epoch 104:   0%|          | 0/582 [00:00<?, ?it/s]
Epoch 104:   0%|          | 1/582 [00:05<49:04,  5.07s/it]
Epoch 104:   8%|▊         | 48/582 [00:05<00:40, 13.07it/s]
Epoch 104:  17%|█▋        | 97/582 [00:05<00:15, 31.03it/s]
Epoch 104:  26%|██▌       | 149/582 [00:05<00:07, 55.97it/s]
Epoch 104:  35%|███▌      | 204/582 [00:05<00:04, 89.47it/s]
Epoch 104:  44%|████▍     | 257/582 [00:05<00:02, 128.31it/s]
Epoch 104:  53%|█████▎    | 310/582 [00:05<00:01, 173.33it/s]
Epoch 104:  63%|██████▎   | 364/582 [00:05<00:00, 223.62it/s]
Epoch 104:  72%|███████▏  | 417/582 [00:05<00:00, 273.56it/s]
Epoch 104:  81%|████████  | 472/582 [00:05<00:00, 324.86it/s]
Epoch 104:  90%|█████████ | 526/582 [00:06<00:00, 369.08it/s]
Epoch 104: 100%|█████████▉| 581/582 [00:06<00:00, 409.23it/s]
Epoch 104: 100%|██████████| 582/582 [00:06<00:00, 90.35it/s] 
Epoch 104/300: Train=0.006768  Val=0.007466  LR=3.00e-04

Epoch 105:   0%|          | 0/582 [00:00<?, ?it/s]
Epoch 105:   0%|          | 1/582 [00:04<47:59,  4.96s/it]
Epoch 105:   9%|▊         | 50/582 [00:05<00:38, 13.92it/s]
Epoch 105:  17%|█▋        | 101/582 [00:05<00:14, 33.01it/s]
Epoch 105:  27%|██▋       | 156/582 [00:05<00:07, 59.91it/s]
Epoch 105:  36%|███▌      | 208/582 [00:05<00:04, 91.70it/s]
Epoch 105:  45%|████▍     | 261/582 [00:05<00:02, 130.89it/s]
Epoch 105:  54%|█████▍    | 315/582 [00:05<00:01, 177.40it/s]
Epoch 105:  63%|██████▎   | 369/582 [00:05<00:00, 227.75it/s]
Epoch 105:  73%|███████▎  | 424/582 [00:05<00:00, 280.84it/s]
Epoch 105:  82%|████████▏ | 479/582 [00:05<00:00, 331.14it/s]
Epoch 105:  91%|█████████▏| 532/582 [00:05<00:00, 372.16it/s]
Epoch 105: 100%|██████████| 582/582 [00:06<00:00, 92.13it/s] 
Epoch 105/300: Train=0.006777  Val=0.007352  LR=3.00e-04

Epoch 106:   0%|          | 0/582 [00:00<?, ?it/s]
Epoch 106:   0%|          | 1/582 [00:04<47:34,  4.91s/it]
Epoch 106:   8%|▊         | 49/582 [00:05<00:38, 13.75it/s]
Epoch 106:  17%|█▋        | 101/582 [00:05<00:14, 33.37it/s]
Epoch 106:  27%|██▋       | 156/582 [00:05<00:07, 60.42it/s]
Epoch 106:  36%|███▌      | 210/582 [00:05<00:03, 93.77it/s]
Epoch 106:  45%|████▌     | 264/582 [00:05<00:02, 134.01it/s]
Epoch 106:  54%|█████▍    | 317/582 [00:05<00:01, 179.09it/s]
Epoch 106:  64%|██████▎   | 370/582 [00:05<00:00, 227.99it/s]
Epoch 106:  73%|███████▎  | 425/582 [00:05<00:00, 280.75it/s]
Epoch 106:  82%|████████▏ | 480/582 [00:05<00:00, 331.14it/s]
Epoch 106:  92%|█████████▏| 535/582 [00:05<00:00, 377.59it/s]
Epoch 106: 100%|██████████| 582/582 [00:06<00:00, 92.78it/s] 
Epoch 106/300: Train=0.006784  Val=0.007348  LR=3.00e-04

Epoch 107:   0%|          | 0/582 [00:00<?, ?it/s]
Epoch 107:   0%|          | 1/582 [00:04<47:51,  4.94s/it]
Epoch 107:   8%|▊         | 48/582 [00:05<00:39, 13.40it/s]
Epoch 107:  17%|█▋        | 101/582 [00:05<00:14, 33.33it/s]
Epoch 107:  26%|██▋       | 154/582 [00:05<00:07, 59.22it/s]
Epoch 107:  36%|███▌      | 209/582 [00:05<00:04, 93.20it/s]
Epoch 107:  45%|████▌     | 264/582 [00:05<00:02, 134.37it/s]
Epoch 107:  55%|█████▍    | 319/582 [00:05<00:01, 181.36it/s]
Epoch 107:  64%|██████▍   | 373/582 [00:05<00:00, 231.19it/s]
Epoch 107:  73%|███████▎  | 426/582 [00:05<00:00, 279.95it/s]
Epoch 107:  82%|████████▏ | 480/582 [00:05<00:00, 329.11it/s]
Epoch 107:  92%|█████████▏| 534/582 [00:05<00:00, 374.34it/s]
Epoch 107: 100%|██████████| 582/582 [00:06<00:00, 92.32it/s] 
Epoch 107/300: Train=0.006727  Val=0.007335  LR=3.00e-04

Epoch 108:   0%|          | 0/582 [00:00<?, ?it/s]
Epoch 108:   0%|          | 1/582 [00:04<47:35,  4.92s/it]
Epoch 108:   9%|▉         | 51/582 [00:05<00:37, 14.31it/s]
Epoch 108:  18%|█▊        | 105/582 [00:05<00:13, 34.69it/s]
Epoch 108:  27%|██▋       | 159/582 [00:05<00:06, 61.14it/s]
Epoch 108:  37%|███▋      | 214/582 [00:05<00:03, 95.06it/s]
Epoch 108:  46%|████▌     | 266/582 [00:05<00:02, 133.48it/s]
Epoch 108:  55%|█████▍    | 320/582 [00:05<00:01, 179.77it/s]
Epoch 108:  64%|██████▍   | 374/582 [00:05<00:00, 229.66it/s]
Epoch 108:  73%|███████▎  | 427/582 [00:05<00:00, 279.23it/s]
Epoch 108:  82%|████████▏ | 480/582 [00:05<00:00, 326.74it/s]
Epoch 108:  92%|█████████▏| 533/582 [00:05<00:00, 368.83it/s]
Epoch 108: 100%|██████████| 582/582 [00:06<00:00, 92.37it/s] 
Epoch 108/300: Train=0.006776  Val=0.007526  LR=3.00e-04

Epoch 109:   0%|          | 0/582 [00:00<?, ?it/s]
Epoch 109:   0%|          | 1/582 [00:04<48:10,  4.97s/it]
Epoch 109:   9%|▊         | 50/582 [00:05<00:38, 13.87it/s]
Epoch 109:  17%|█▋        | 101/582 [00:05<00:14, 32.88it/s]
Epoch 109:  27%|██▋       | 155/582 [00:05<00:07, 59.17it/s]
Epoch 109:  36%|███▌      | 209/582 [00:05<00:04, 92.29it/s]
Epoch 109:  45%|████▌     | 263/582 [00:05<00:02, 132.37it/s]
Epoch 109:  55%|█████▍    | 319/582 [00:05<00:01, 180.49it/s]
Epoch 109:  64%|██████▍   | 373/582 [00:05<00:00, 230.56it/s]
Epoch 109:  73%|███████▎  | 427/582 [00:05<00:00, 280.97it/s]
Epoch 109:  83%|████████▎ | 481/582 [00:05<00:00, 330.47it/s]
Epoch 109:  92%|█████████▏| 534/582 [00:05<00:00, 371.67it/s]
Epoch 109: 100%|██████████| 582/582 [00:06<00:00, 91.91it/s] 
Epoch 109/300: Train=0.006812  Val=0.007403  LR=3.00e-04

Epoch 110:   0%|          | 0/582 [00:00<?, ?it/s]
Epoch 110:   0%|          | 1/582 [00:04<47:41,  4.92s/it]
Epoch 110:   7%|▋         | 42/582 [00:05<00:45, 11.75it/s]
Epoch 110:  15%|█▌        | 89/582 [00:05<00:16, 29.48it/s]
Epoch 110:  25%|██▍       | 143/582 [00:05<00:07, 56.18it/s]
Epoch 110:  34%|███▍      | 197/582 [00:05<00:04, 89.78it/s]
Epoch 110:  43%|████▎     | 251/582 [00:05<00:02, 130.34it/s]
Epoch 110:  52%|█████▏    | 304/582 [00:05<00:01, 175.99it/s]
Epoch 110:  61%|██████    | 355/582 [00:05<00:01, 220.51it/s]
Epoch 110:  70%|██████▉   | 407/582 [00:05<00:00, 270.07it/s]
Epoch 110:  79%|███████▉  | 461/582 [00:05<00:00, 321.07it/s]
Epoch 110:  88%|████████▊ | 515/582 [00:05<00:00, 366.40it/s]
Epoch 110:  98%|█████████▊| 568/582 [00:06<00:00, 404.61it/s]
Epoch 110: 100%|██████████| 582/582 [00:06<00:00, 91.92it/s] 
Epoch 110/300: Train=0.006793  Val=0.007309  LR=3.00e-04

Epoch 111:   0%|          | 0/582 [00:00<?, ?it/s]
Epoch 111:   0%|          | 1/582 [00:04<47:53,  4.95s/it]
Epoch 111:   9%|▉         | 51/582 [00:05<00:37, 14.23it/s]
Epoch 111:  18%|█▊        | 104/582 [00:05<00:14, 34.09it/s]
Epoch 111:  27%|██▋       | 156/582 [00:05<00:07, 59.40it/s]
Epoch 111:  36%|███▌      | 210/582 [00:05<00:04, 92.65it/s]
Epoch 111:  46%|████▌     | 265/582 [00:05<00:02, 133.71it/s]
Epoch 111:  55%|█████▍    | 319/582 [00:05<00:01, 179.98it/s]
Epoch 111:  64%|██████▍   | 373/582 [00:05<00:00, 230.04it/s]
Epoch 111:  73%|███████▎  | 426/582 [00:05<00:00, 279.48it/s]
Epoch 111:  82%|████████▏ | 480/582 [00:05<00:00, 329.45it/s]
Epoch 111:  92%|█████████▏| 533/582 [00:05<00:00, 371.78it/s]
Epoch 111: 100%|██████████| 582/582 [00:06<00:00, 92.31it/s] 
Epoch 111/300: Train=0.006749  Val=0.007419  LR=3.00e-04

Epoch 112:   0%|          | 0/582 [00:00<?, ?it/s]
Epoch 112:   0%|          | 1/582 [00:04<48:10,  4.98s/it]
Epoch 112:   7%|▋         | 42/582 [00:05<00:46, 11.63it/s]
Epoch 112:  14%|█▍        | 82/582 [00:05<00:18, 26.50it/s]
Epoch 112:  23%|██▎       | 135/582 [00:05<00:08, 52.61it/s]
Epoch 112:  32%|███▏      | 187/582 [00:05<00:04, 84.79it/s]
Epoch 112:  41%|████▏     | 241/582 [00:05<00:02, 125.49it/s]
Epoch 112:  51%|█████     | 295/582 [00:05<00:01, 171.92it/s]
Epoch 112:  60%|█████▉    | 349/582 [00:05<00:01, 222.79it/s]
Epoch 112:  69%|██████▉   | 404/582 [00:05<00:00, 276.04it/s]
Epoch 112:  78%|███████▊  | 456/582 [00:05<00:00, 320.13it/s]
Epoch 112:  87%|████████▋ | 509/582 [00:05<00:00, 363.26it/s]
Epoch 112:  97%|█████████▋| 564/582 [00:06<00:00, 405.72it/s]
Epoch 112: 100%|██████████| 582/582 [00:06<00:00, 91.03it/s] 
Epoch 112/300: Train=0.006745  Val=0.007300  LR=3.00e-04

Epoch 113:   0%|          | 0/582 [00:00<?, ?it/s]
Epoch 113:   0%|          | 1/582 [00:05<48:30,  5.01s/it]
Epoch 113:   8%|▊         | 49/582 [00:05<00:39, 13.49it/s]
Epoch 113:  17%|█▋        | 99/582 [00:05<00:15, 32.00it/s]
Epoch 113:  26%|██▌       | 151/582 [00:05<00:07, 57.13it/s]
Epoch 113:  35%|███▍      | 201/582 [00:05<00:04, 87.44it/s]
Epoch 113:  43%|████▎     | 253/582 [00:05<00:02, 125.90it/s]
Epoch 113:  53%|█████▎    | 306/582 [00:05<00:01, 171.52it/s]
Epoch 113:  62%|██████▏   | 360/582 [00:05<00:00, 222.08it/s]
Epoch 113:  71%|███████   | 414/582 [00:05<00:00, 274.14it/s]
Epoch 113:  80%|████████  | 467/582 [00:05<00:00, 321.70it/s]
Epoch 113:  89%|████████▉ | 519/582 [00:06<00:00, 363.25it/s]
Epoch 113:  98%|█████████▊| 573/582 [00:06<00:00, 402.60it/s]
Epoch 113: 100%|██████████| 582/582 [00:06<00:00, 90.89it/s] 
Epoch 113/300: Train=0.006683  Val=0.007411  LR=3.00e-04

Epoch 114:   0%|          | 0/582 [00:00<?, ?it/s]
Epoch 114:   0%|          | 1/582 [00:04<47:55,  4.95s/it]
Epoch 114:   9%|▊         | 50/582 [00:05<00:38, 13.94it/s]
Epoch 114:  18%|█▊        | 103/582 [00:05<00:14, 33.81it/s]
Epoch 114:  27%|██▋       | 157/582 [00:05<00:07, 60.20it/s]
Epoch 114:  36%|███▋      | 212/582 [00:05<00:03, 94.02it/s]
Epoch 114:  45%|████▌     | 264/582 [00:05<00:02, 132.24it/s]
Epoch 114:  54%|█████▍    | 315/582 [00:05<00:01, 175.24it/s]
Epoch 114:  63%|██████▎   | 365/582 [00:05<00:00, 220.66it/s]
Epoch 114:  71%|███████▏  | 415/582 [00:05<00:00, 266.74it/s]
Epoch 114:  81%|████████  | 469/582 [00:05<00:00, 318.58it/s]
Epoch 114:  90%|████████▉ | 522/582 [00:05<00:00, 363.22it/s]
Epoch 114:  99%|█████████▊| 574/582 [00:06<00:00, 399.05it/s]
Epoch 114: 100%|██████████| 582/582 [00:06<00:00, 92.03it/s] 
Epoch 114/300: Train=0.006747  Val=0.007425  LR=3.00e-04

Epoch 115:   0%|          | 0/582 [00:00<?, ?it/s]
Epoch 115:   0%|          | 1/582 [00:04<46:41,  4.82s/it]
Epoch 115:   8%|▊         | 47/582 [00:04<00:39, 13.44it/s]
Epoch 115:  16%|█▋        | 95/582 [00:05<00:15, 31.84it/s]
Epoch 115:  25%|██▌       | 148/582 [00:05<00:07, 58.42it/s]
Epoch 115:  35%|███▍      | 203/582 [00:05<00:04, 93.17it/s]
Epoch 115:  44%|████▍     | 258/582 [00:05<00:02, 135.12it/s]
Epoch 115:  54%|█████▍    | 315/582 [00:05<00:01, 185.34it/s]
Epoch 115:  64%|██████▎   | 370/582 [00:05<00:00, 236.78it/s]
Epoch 115:  73%|███████▎  | 425/582 [00:05<00:00, 289.54it/s]
Epoch 115:  82%|████████▏ | 480/582 [00:05<00:00, 339.40it/s]
Epoch 115:  92%|█████████▏| 537/582 [00:05<00:00, 387.67it/s]
Epoch 115: 100%|██████████| 582/582 [00:06<00:00, 94.43it/s] 
Epoch 115/300: Train=0.006671  Val=0.007387  LR=3.00e-04

Epoch 116:   0%|          | 0/582 [00:00<?, ?it/s]
Epoch 116:   0%|          | 1/582 [00:04<46:22,  4.79s/it]
Epoch 116:   8%|▊         | 49/582 [00:04<00:37, 14.10it/s]
Epoch 116:  18%|█▊        | 104/582 [00:04<00:13, 35.38it/s]
Epoch 116:  27%|██▋       | 159/582 [00:05<00:06, 62.98it/s]
Epoch 116:  36%|███▋      | 212/582 [00:05<00:03, 96.23it/s]
Epoch 116:  46%|████▌     | 268/582 [00:05<00:02, 138.79it/s]
Epoch 116:  55%|█████▌    | 323/582 [00:05<00:01, 186.26it/s]
Epoch 116:  65%|██████▌   | 380/582 [00:05<00:00, 240.17it/s]
Epoch 116:  75%|███████▌  | 437/582 [00:05<00:00, 294.76it/s]
Epoch 116:  85%|████████▍ | 493/582 [00:05<00:00, 346.08it/s]
Epoch 116:  94%|█████████▍| 548/582 [00:05<00:00, 387.72it/s]
Epoch 116: 100%|██████████| 582/582 [00:06<00:00, 94.98it/s] 
Epoch 116/300: Train=0.006644  Val=0.007347  LR=3.00e-04

Epoch 117:   0%|          | 0/582 [00:00<?, ?it/s]
Epoch 117:   0%|          | 1/582 [00:04<46:43,  4.83s/it]
Epoch 117:   7%|▋         | 43/582 [00:04<00:43, 12.28it/s]
Epoch 117:  15%|█▍        | 87/582 [00:05<00:16, 29.14it/s]
Epoch 117:  24%|██▍       | 140/582 [00:05<00:07, 55.83it/s]
Epoch 117:  33%|███▎      | 194/582 [00:05<00:04, 90.03it/s]
Epoch 117:  43%|████▎     | 250/582 [00:05<00:02, 133.03it/s]
Epoch 117:  53%|█████▎    | 308/582 [00:05<00:01, 184.36it/s]
Epoch 117:  63%|██████▎   | 364/582 [00:05<00:00, 237.24it/s]
Epoch 117:  72%|███████▏  | 418/582 [00:05<00:00, 287.36it/s]
Epoch 117:  81%|████████▏ | 473/582 [00:05<00:00, 336.81it/s]
Epoch 117:  91%|█████████ | 529/582 [00:05<00:00, 384.12it/s]
Epoch 117: 100%|██████████| 582/582 [00:06<00:00, 94.08it/s] 
Epoch 117/300: Train=0.006650  Val=0.007315  LR=3.00e-04

Epoch 118:   0%|          | 0/582 [00:00<?, ?it/s]
Epoch 118:   0%|          | 1/582 [00:04<46:40,  4.82s/it]
Epoch 118:   7%|▋         | 43/582 [00:04<00:43, 12.29it/s]
Epoch 118:  17%|█▋        | 100/582 [00:05<00:14, 34.30it/s]
Epoch 118:  27%|██▋       | 156/582 [00:05<00:06, 62.33it/s]
Epoch 118:  36%|███▋      | 211/582 [00:05<00:03, 96.80it/s]
Epoch 118:  46%|████▌     | 267/582 [00:05<00:02, 139.21it/s]
Epoch 118:  55%|█████▌    | 323/582 [00:05<00:01, 187.53it/s]
Epoch 118:  65%|██████▍   | 378/582 [00:05<00:00, 238.57it/s]
Epoch 118:  74%|███████▍  | 433/582 [00:05<00:00, 290.94it/s]
Epoch 118:  84%|████████▍ | 489/582 [00:05<00:00, 342.40it/s]
Epoch 118:  93%|█████████▎| 544/582 [00:05<00:00, 385.66it/s]
Epoch 118: 100%|██████████| 582/582 [00:06<00:00, 94.55it/s] 
Epoch 118/300: Train=0.006637  Val=0.007466  LR=3.00e-04

Epoch 119:   0%|          | 0/582 [00:00<?, ?it/s]
Epoch 119:   0%|          | 1/582 [00:04<47:26,  4.90s/it]
Epoch 119:   8%|▊         | 46/582 [00:05<00:41, 12.94it/s]
Epoch 119:  17%|█▋        | 101/582 [00:05<00:14, 33.80it/s]
Epoch 119:  26%|██▋       | 154/582 [00:05<00:07, 59.87it/s]
Epoch 119:  36%|███▌      | 208/582 [00:05<00:04, 93.41it/s]
Epoch 119:  45%|████▌     | 264/582 [00:05<00:02, 135.50it/s]
Epoch 119:  54%|█████▍    | 315/582 [00:05<00:01, 178.19it/s]
Epoch 119:  63%|██████▎   | 367/582 [00:05<00:00, 225.90it/s]
Epoch 119:  72%|███████▏  | 421/582 [00:05<00:00, 277.42it/s]
Epoch 119:  82%|████████▏ | 476/582 [00:05<00:00, 329.14it/s]
Epoch 119:  91%|█████████ | 531/582 [00:05<00:00, 376.62it/s]
Epoch 119: 100%|██████████| 582/582 [00:06<00:00, 92.94it/s] 
Epoch 119/300: Train=0.006741  Val=0.007419  LR=3.00e-04

Epoch 120:   0%|          | 0/582 [00:00<?, ?it/s]
Epoch 120:   0%|          | 1/582 [00:04<48:19,  4.99s/it]
Epoch 120:   8%|▊         | 48/582 [00:05<00:40, 13.27it/s]
Epoch 120:  17%|█▋        | 98/582 [00:05<00:15, 31.86it/s]
Epoch 120:  26%|██▌       | 150/582 [00:05<00:07, 57.10it/s]
Epoch 120:  35%|███▌      | 205/582 [00:05<00:04, 91.02it/s]
Epoch 120:  45%|████▍     | 261/582 [00:05<00:02, 132.87it/s]
Epoch 120:  54%|█████▍    | 317/582 [00:05<00:01, 181.26it/s]
Epoch 120:  64%|██████▎   | 371/582 [00:05<00:00, 231.23it/s]
Epoch 120:  73%|███████▎  | 426/582 [00:05<00:00, 283.66it/s]
Epoch 120:  82%|████████▏ | 480/582 [00:05<00:00, 330.19it/s]
Epoch 120:  92%|█████████▏| 534/582 [00:06<00:00, 373.88it/s]
Epoch 120: 100%|██████████| 582/582 [00:06<00:00, 91.75it/s] 
Epoch 120/300: Train=0.006668  Val=0.007285  LR=3.00e-04

Epoch 121:   0%|          | 0/582 [00:00<?, ?it/s]
Epoch 121:   0%|          | 1/582 [00:04<47:58,  4.95s/it]
Epoch 121:   8%|▊         | 46/582 [00:05<00:41, 12.80it/s]
Epoch 121:  17%|█▋        | 98/582 [00:05<00:14, 32.31it/s]
Epoch 121:  26%|██▌       | 151/582 [00:05<00:07, 58.18it/s]
Epoch 121:  35%|███▌      | 205/582 [00:05<00:04, 91.39it/s]
Epoch 121:  44%|████▍     | 257/582 [00:05<00:02, 129.90it/s]
Epoch 121:  53%|█████▎    | 309/582 [00:05<00:01, 174.08it/s]
Epoch 121:  62%|██████▏   | 363/582 [00:05<00:00, 224.86it/s]
Epoch 121:  72%|███████▏  | 417/582 [00:05<00:00, 276.76it/s]
Epoch 121:  81%|████████  | 469/582 [00:05<00:00, 323.35it/s]
Epoch 121:  90%|████████▉ | 522/582 [00:05<00:00, 366.17it/s]
Epoch 121:  99%|█████████▉| 575/582 [00:06<00:00, 402.64it/s]
Epoch 121: 100%|██████████| 582/582 [00:06<00:00, 91.75it/s] 
Epoch 121/300: Train=0.006655  Val=0.007561  LR=3.00e-04

Epoch 122:   0%|          | 0/582 [00:00<?, ?it/s]
Epoch 122:   0%|          | 1/582 [00:04<47:19,  4.89s/it]
Epoch 122:   8%|▊         | 44/582 [00:04<00:43, 12.41it/s]
Epoch 122:  16%|█▌        | 93/582 [00:05<00:15, 31.01it/s]
Epoch 122:  25%|██▌       | 147/582 [00:05<00:07, 57.83it/s]
Epoch 122:  35%|███▍      | 203/582 [00:05<00:04, 92.92it/s]
Epoch 122:  45%|████▍     | 259/582 [00:05<00:02, 135.37it/s]
Epoch 122:  54%|█████▍    | 313/582 [00:05<00:01, 181.45it/s]
Epoch 122:  63%|██████▎   | 367/582 [00:05<00:00, 231.58it/s]
Epoch 122:  73%|███████▎  | 422/582 [00:05<00:00, 284.34it/s]
Epoch 122:  82%|████████▏ | 478/582 [00:05<00:00, 336.77it/s]
Epoch 122:  92%|█████████▏| 534/582 [00:05<00:00, 384.02it/s]
Epoch 122: 100%|██████████| 582/582 [00:06<00:00, 93.25it/s] 
Epoch 122/300: Train=0.006630  Val=0.007258  LR=3.00e-04

Epoch 123:   0%|          | 0/582 [00:00<?, ?it/s]
Epoch 123:   0%|          | 1/582 [00:04<47:47,  4.94s/it]
Epoch 123:   7%|▋         | 43/582 [00:05<00:44, 12.01it/s]
Epoch 123:  16%|█▌        | 93/582 [00:05<00:15, 30.84it/s]
Epoch 123:  25%|██▌       | 147/582 [00:05<00:07, 57.42it/s]
Epoch 123:  34%|███▍      | 200/582 [00:05<00:04, 90.17it/s]
Epoch 123:  43%|████▎     | 252/582 [00:05<00:02, 128.94it/s]
Epoch 123:  53%|█████▎    | 306/582 [00:05<00:01, 175.85it/s]
Epoch 123:  62%|██████▏   | 358/582 [00:05<00:01, 223.47it/s]
Epoch 123:  71%|███████   | 411/582 [00:05<00:00, 274.50it/s]
Epoch 123:  80%|████████  | 466/582 [00:05<00:00, 326.18it/s]
Epoch 123:  89%|████████▉ | 519/582 [00:05<00:00, 369.15it/s]
Epoch 123:  99%|█████████▊| 574/582 [00:06<00:00, 409.61it/s]
Epoch 123: 100%|██████████| 582/582 [00:06<00:00, 92.00it/s] 
Epoch 123/300: Train=0.006617  Val=0.007253  LR=3.00e-04

Epoch 124:   0%|          | 0/582 [00:00<?, ?it/s]
Epoch 124:   0%|          | 1/582 [00:04<47:26,  4.90s/it]
Epoch 124:   7%|▋         | 40/582 [00:04<00:48, 11.25it/s]
Epoch 124:  16%|█▌        | 91/582 [00:05<00:16, 30.65it/s]
Epoch 124:  25%|██▍       | 143/582 [00:05<00:07, 56.38it/s]
Epoch 124:  34%|███▍      | 199/582 [00:05<00:04, 91.53it/s]
Epoch 124:  43%|████▎     | 251/582 [00:05<00:02, 130.29it/s]
Epoch 124:  52%|█████▏    | 300/582 [00:05<00:01, 169.90it/s]
Epoch 124:  61%|██████    | 353/582 [00:05<00:01, 219.65it/s]
Epoch 124:  69%|██████▉   | 402/582 [00:05<00:00, 261.25it/s]
Epoch 124:  77%|███████▋  | 450/582 [00:05<00:00, 300.76it/s]
Epoch 124:  86%|████████▋ | 503/582 [00:05<00:00, 348.64it/s]
Epoch 124:  95%|█████████▍| 552/582 [00:06<00:00, 378.83it/s]
Epoch 124: 100%|██████████| 582/582 [00:06<00:00, 91.45it/s] 
Epoch 124/300: Train=0.006617  Val=0.007416  LR=3.00e-04

Epoch 125:   0%|          | 0/582 [00:00<?, ?it/s]
Epoch 125:   0%|          | 1/582 [00:05<48:59,  5.06s/it]
Epoch 125:   9%|▉         | 52/582 [00:05<00:37, 14.19it/s]
Epoch 125:  18%|█▊        | 107/582 [00:05<00:13, 34.39it/s]
Epoch 125:  28%|██▊       | 162/582 [00:05<00:06, 60.72it/s]
Epoch 125:  37%|███▋      | 217/582 [00:05<00:03, 93.94it/s]
Epoch 125:  46%|████▌     | 267/582 [00:05<00:02, 129.89it/s]
Epoch 125:  55%|█████▌    | 323/582 [00:05<00:01, 178.17it/s]
Epoch 125:  65%|██████▍   | 378/582 [00:05<00:00, 229.56it/s]
Epoch 125:  75%|███████▍  | 435/582 [00:05<00:00, 285.23it/s]
Epoch 125:  84%|████████▍ | 489/582 [00:05<00:00, 333.10it/s]
Epoch 125:  93%|█████████▎| 544/582 [00:06<00:00, 378.95it/s]
Epoch 125: 100%|██████████| 582/582 [00:06<00:00, 91.07it/s] 
Epoch 125/300: Train=0.006604  Val=0.007301  LR=3.00e-04

Epoch 126:   0%|          | 0/582 [00:00<?, ?it/s]
Epoch 126:   0%|          | 1/582 [00:04<47:22,  4.89s/it]
Epoch 126:   8%|▊         | 46/582 [00:04<00:41, 12.96it/s]
Epoch 126:  18%|█▊        | 102/582 [00:05<00:14, 34.25it/s]
Epoch 126:  27%|██▋       | 157/582 [00:05<00:06, 61.41it/s]
Epoch 126:  36%|███▌      | 210/582 [00:05<00:03, 94.07it/s]
Epoch 126:  45%|████▌     | 264/582 [00:05<00:02, 134.55it/s]
Epoch 126:  54%|█████▍    | 316/582 [00:05<00:01, 178.38it/s]
Epoch 126:  64%|██████▎   | 371/582 [00:05<00:00, 230.63it/s]
Epoch 126:  73%|███████▎  | 424/582 [00:05<00:00, 279.77it/s]
Epoch 126:  82%|████████▏ | 480/582 [00:05<00:00, 333.03it/s]
Epoch 126:  92%|█████████▏| 533/582 [00:05<00:00, 373.81it/s]
Epoch 126: 100%|██████████| 582/582 [00:06<00:00, 92.99it/s] 
Epoch 126/300: Train=0.006649  Val=0.007241  LR=3.00e-04

Epoch 127:   0%|          | 0/582 [00:00<?, ?it/s]
Epoch 127:   0%|          | 1/582 [00:04<47:12,  4.87s/it]
Epoch 127:   7%|▋         | 41/582 [00:04<00:46, 11.59it/s]
Epoch 127:  16%|█▌        | 92/582 [00:05<00:15, 31.05it/s]
Epoch 127:  25%|██▍       | 145/582 [00:05<00:07, 57.37it/s]
Epoch 127:  34%|███▍      | 200/582 [00:05<00:04, 91.86it/s]
Epoch 127:  44%|████▍     | 256/582 [00:05<00:02, 134.35it/s]
Epoch 127:  54%|█████▎    | 312/582 [00:05<00:01, 182.86it/s]
Epoch 127:  63%|██████▎   | 365/582 [00:05<00:00, 231.74it/s]
Epoch 127:  72%|███████▏  | 417/582 [00:05<00:00, 279.54it/s]
Epoch 127:  81%|████████  | 469/582 [00:05<00:00, 325.90it/s]
Epoch 127:  90%|████████▉ | 523/582 [00:05<00:00, 371.33it/s]
Epoch 127:  99%|█████████▉| 578/582 [00:05<00:00, 413.38it/s]
Epoch 127: 100%|██████████| 582/582 [00:06<00:00, 93.20it/s] 
Epoch 127/300: Train=0.006592  Val=0.007243  LR=3.00e-04

Epoch 128:   0%|          | 0/582 [00:00<?, ?it/s]
Epoch 128:   0%|          | 1/582 [00:04<47:13,  4.88s/it]
Epoch 128:   8%|▊         | 49/582 [00:04<00:38, 13.85it/s]
Epoch 128:  18%|█▊        | 102/582 [00:05<00:14, 34.00it/s]
Epoch 128:  27%|██▋       | 158/582 [00:05<00:06, 61.76it/s]
Epoch 128:  37%|███▋      | 215/582 [00:05<00:03, 97.41it/s]
Epoch 128:  46%|████▌     | 269/582 [00:05<00:02, 137.60it/s]
Epoch 128:  56%|█████▌    | 324/582 [00:05<00:01, 184.61it/s]
Epoch 128:  65%|██████▌   | 381/582 [00:05<00:00, 238.57it/s]
Epoch 128:  75%|███████▍  | 435/582 [00:05<00:00, 287.56it/s]
Epoch 128:  84%|████████▍ | 491/582 [00:05<00:00, 339.26it/s]
Epoch 128:  94%|█████████▎| 545/582 [00:05<00:00, 377.56it/s]
Epoch 128: 100%|██████████| 582/582 [00:06<00:00, 93.51it/s] 
Epoch 128/300: Train=0.006575  Val=0.007303  LR=3.00e-04

Epoch 129:   0%|          | 0/582 [00:00<?, ?it/s]
Epoch 129:   0%|          | 1/582 [00:04<47:38,  4.92s/it]
Epoch 129:   7%|▋         | 43/582 [00:05<00:44, 12.04it/s]
Epoch 129:  16%|█▋        | 95/582 [00:05<00:15, 31.70it/s]
Epoch 129:  25%|██▌       | 147/582 [00:05<00:07, 57.29it/s]
Epoch 129:  35%|███▍      | 202/582 [00:05<00:04, 91.61it/s]
Epoch 129:  44%|████▍     | 257/582 [00:05<00:02, 132.85it/s]
Epoch 129:  53%|█████▎    | 311/582 [00:05<00:01, 179.38it/s]
Epoch 129:  62%|██████▏   | 363/582 [00:05<00:00, 226.55it/s]
Epoch 129:  72%|███████▏  | 417/582 [00:05<00:00, 277.92it/s]
Epoch 129:  81%|████████  | 471/582 [00:05<00:00, 328.18it/s]
Epoch 129:  91%|█████████ | 527/582 [00:05<00:00, 377.23it/s]
Epoch 129: 100%|█████████▉| 581/582 [00:06<00:00, 414.45it/s]
Epoch 129: 100%|██████████| 582/582 [00:06<00:00, 92.54it/s] 
Epoch 129/300: Train=0.006561  Val=0.007328  LR=3.00e-04

Epoch 130:   0%|          | 0/582 [00:00<?, ?it/s]
Epoch 130:   0%|          | 1/582 [00:04<47:36,  4.92s/it]
Epoch 130:   8%|▊         | 44/582 [00:05<00:43, 12.34it/s]
Epoch 130:  15%|█▌        | 89/582 [00:05<00:16, 29.29it/s]
Epoch 130:  24%|██▍       | 142/582 [00:05<00:07, 55.52it/s]
Epoch 130:  34%|███▎      | 196/582 [00:05<00:04, 89.21it/s]
Epoch 130:  43%|████▎     | 251/582 [00:05<00:02, 130.89it/s]
Epoch 130:  53%|█████▎    | 306/582 [00:05<00:01, 178.45it/s]
Epoch 130:  62%|██████▏   | 362/582 [00:05<00:00, 231.63it/s]
Epoch 130:  72%|███████▏  | 417/582 [00:05<00:00, 284.23it/s]
Epoch 130:  81%|████████  | 471/582 [00:05<00:00, 332.72it/s]
Epoch 130:  90%|█████████ | 525/582 [00:05<00:00, 370.13it/s]
Epoch 130:  99%|█████████▉| 578/582 [00:06<00:00, 406.20it/s]
Epoch 130: 100%|██████████| 582/582 [00:06<00:00, 92.32it/s] 
Epoch 130/300: Train=0.006553  Val=0.007265  LR=3.00e-04

Epoch 131:   0%|          | 0/582 [00:00<?, ?it/s]
Epoch 131:   0%|          | 1/582 [00:04<47:58,  4.95s/it]
Epoch 131:   8%|▊         | 49/582 [00:05<00:39, 13.64it/s]
Epoch 131:  17%|█▋        | 100/582 [00:05<00:14, 32.73it/s]
Epoch 131:  26%|██▋       | 154/582 [00:05<00:07, 59.16it/s]
Epoch 131:  35%|███▌      | 206/582 [00:05<00:04, 91.02it/s]
Epoch 131:  44%|████▍     | 258/582 [00:05<00:02, 129.39it/s]
Epoch 131:  54%|█████▎    | 312/582 [00:05<00:01, 175.68it/s]
Epoch 131:  63%|██████▎   | 365/582 [00:05<00:00, 224.60it/s]
Epoch 131:  72%|███████▏  | 417/582 [00:05<00:00, 273.14it/s]
Epoch 131:  81%|████████  | 470/582 [00:05<00:00, 321.93it/s]
Epoch 131:  90%|████████▉ | 522/582 [00:05<00:00, 364.40it/s]
Epoch 131:  99%|█████████▉| 575/582 [00:06<00:00, 401.35it/s]
Epoch 131: 100%|██████████| 582/582 [00:06<00:00, 91.74it/s] 
Epoch 131/300: Train=0.006536  Val=0.007244  LR=3.00e-04

Epoch 132:   0%|          | 0/582 [00:00<?, ?it/s]
Epoch 132:   0%|          | 1/582 [00:04<48:13,  4.98s/it]
Epoch 132:   9%|▊         | 50/582 [00:05<00:38, 13.86it/s]
Epoch 132:  18%|█▊        | 103/582 [00:05<00:14, 33.60it/s]
Epoch 132:  27%|██▋       | 156/582 [00:05<00:07, 59.34it/s]
Epoch 132:  36%|███▌      | 210/582 [00:05<00:04, 92.42it/s]
Epoch 132:  45%|████▌     | 263/582 [00:05<00:02, 131.52it/s]
Epoch 132:  54%|█████▍    | 315/582 [00:05<00:01, 175.38it/s]
Epoch 132:  63%|██████▎   | 369/582 [00:05<00:00, 225.85it/s]
Epoch 132:  73%|███████▎  | 422/582 [00:05<00:00, 275.81it/s]
Epoch 132:  81%|████████▏ | 474/582 [00:05<00:00, 319.45it/s]
Epoch 132:  91%|█████████ | 528/582 [00:05<00:00, 365.64it/s]
Epoch 132: 100%|█████████▉| 580/582 [00:06<00:00, 400.65it/s]
Epoch 132: 100%|██████████| 582/582 [00:06<00:00, 91.53it/s] 
Epoch 132/300: Train=0.006512  Val=0.007259  LR=3.00e-04

Epoch 133:   0%|          | 0/582 [00:00<?, ?it/s]
Epoch 133:   0%|          | 1/582 [00:04<47:55,  4.95s/it]
Epoch 133:   8%|▊         | 46/582 [00:05<00:41, 12.82it/s]
Epoch 133:  16%|█▋        | 95/582 [00:05<00:15, 31.20it/s]
Epoch 133:  25%|██▌       | 147/582 [00:05<00:07, 56.69it/s]
Epoch 133:  34%|███▍      | 200/582 [00:05<00:04, 89.51it/s]
Epoch 133:  43%|████▎     | 253/582 [00:05<00:02, 129.21it/s]
Epoch 133:  53%|█████▎    | 306/582 [00:05<00:01, 174.73it/s]
Epoch 133:  61%|██████▏   | 357/582 [00:05<00:01, 221.66it/s]
Epoch 133:  71%|███████   | 411/582 [00:05<00:00, 274.25it/s]
Epoch 133:  80%|███████▉  | 464/582 [00:05<00:00, 323.37it/s]
Epoch 133:  89%|████████▉ | 518/582 [00:05<00:00, 369.21it/s]
Epoch 133:  98%|█████████▊| 572/582 [00:06<00:00, 408.35it/s]
Epoch 133: 100%|██████████| 582/582 [00:06<00:00, 91.88it/s] 
Epoch 133/300: Train=0.006577  Val=0.007365  LR=3.00e-04

Epoch 134:   0%|          | 0/582 [00:00<?, ?it/s]
Epoch 134:   0%|          | 1/582 [00:04<48:18,  4.99s/it]
Epoch 134:   8%|▊         | 49/582 [00:05<00:39, 13.56it/s]
Epoch 134:  17%|█▋        | 100/582 [00:05<00:14, 32.55it/s]
Epoch 134:  26%|██▋       | 154/582 [00:05<00:07, 58.81it/s]
Epoch 134:  36%|███▌      | 207/582 [00:05<00:04, 91.18it/s]
Epoch 134:  45%|████▌     | 262/582 [00:05<00:02, 132.13it/s]
Epoch 134:  54%|█████▍    | 315/582 [00:05<00:01, 177.14it/s]
Epoch 134:  63%|██████▎   | 366/582 [00:05<00:00, 223.18it/s]
Epoch 134:  72%|███████▏  | 420/582 [00:05<00:00, 274.77it/s]
Epoch 134:  81%|████████  | 472/582 [00:05<00:00, 321.59it/s]
Epoch 134:  91%|█████████ | 527/582 [00:05<00:00, 369.75it/s]
Epoch 134: 100%|█████████▉| 581/582 [00:06<00:00, 409.59it/s]
Epoch 134: 100%|██████████| 582/582 [00:06<00:00, 91.54it/s] 
Epoch 134/300: Train=0.006488  Val=0.007337  LR=3.00e-04

Epoch 135:   0%|          | 0/582 [00:00<?, ?it/s]
Epoch 135:   0%|          | 1/582 [00:04<48:16,  4.99s/it]
Epoch 135:   8%|▊         | 49/582 [00:05<00:39, 13.57it/s]
Epoch 135:  17%|█▋        | 99/582 [00:05<00:15, 32.17it/s]
Epoch 135:  26%|██▌       | 150/582 [00:05<00:07, 56.94it/s]
Epoch 135:  35%|███▍      | 203/582 [00:05<00:04, 89.48it/s]
Epoch 135:  44%|████▍     | 256/582 [00:05<00:02, 128.95it/s]
Epoch 135:  53%|█████▎    | 309/582 [00:05<00:01, 174.06it/s]
Epoch 135:  62%|██████▏   | 363/582 [00:05<00:00, 224.69it/s]
Epoch 135:  71%|███████▏  | 415/582 [00:05<00:00, 273.17it/s]
Epoch 135:  80%|████████  | 467/582 [00:05<00:00, 319.13it/s]
Epoch 135:  89%|████████▉ | 519/582 [00:05<00:00, 361.31it/s]
Epoch 135:  98%|█████████▊| 571/582 [00:06<00:00, 396.53it/s]
Epoch 135: 100%|██████████| 582/582 [00:06<00:00, 91.18it/s] 
Epoch 135/300: Train=0.006492  Val=0.007307  LR=3.00e-04

Epoch 136:   0%|          | 0/582 [00:00<?, ?it/s]
Epoch 136:   0%|          | 1/582 [00:04<47:24,  4.90s/it]
Epoch 136:   9%|▉         | 51/582 [00:04<00:36, 14.37it/s]
Epoch 136:  18%|█▊        | 104/582 [00:05<00:13, 34.43it/s]
Epoch 136:  27%|██▋       | 159/582 [00:05<00:06, 61.58it/s]
Epoch 136:  37%|███▋      | 214/582 [00:05<00:03, 95.69it/s]
Epoch 136:  46%|████▌     | 269/582 [00:05<00:02, 136.82it/s]
Epoch 136:  55%|█████▌    | 321/582 [00:05<00:01, 180.58it/s]
Epoch 136:  65%|██████▍   | 376/582 [00:05<00:00, 232.23it/s]
Epoch 136:  74%|███████▍  | 432/582 [00:05<00:00, 286.54it/s]
Epoch 136:  84%|████████▎ | 486/582 [00:05<00:00, 335.33it/s]
Epoch 136:  93%|█████████▎| 542/582 [00:05<00:00, 382.96it/s]
Epoch 136: 100%|██████████| 582/582 [00:06<00:00, 93.33it/s] 
Epoch 136/300: Train=0.006493  Val=0.007275  LR=3.00e-04

Epoch 137:   0%|          | 0/582 [00:00<?, ?it/s]
Epoch 137:   0%|          | 1/582 [00:04<46:48,  4.83s/it]
Epoch 137:   7%|▋         | 41/582 [00:04<00:46, 11.68it/s]
Epoch 137:  14%|█▍        | 84/582 [00:05<00:17, 28.13it/s]
Epoch 137:  23%|██▎       | 136/582 [00:05<00:08, 54.27it/s]
Epoch 137:  33%|███▎      | 192/582 [00:05<00:04, 89.92it/s]
Epoch 137:  43%|████▎     | 248/582 [00:05<00:02, 132.75it/s]
Epoch 137:  52%|█████▏    | 304/582 [00:05<00:01, 181.90it/s]
Epoch 137:  62%|██████▏   | 359/582 [00:05<00:00, 233.66it/s]
Epoch 137:  71%|███████   | 412/582 [00:05<00:00, 283.43it/s]
Epoch 137:  80%|████████  | 468/582 [00:05<00:00, 336.30it/s]
Epoch 137:  90%|████████▉ | 523/582 [00:05<00:00, 382.51it/s]
Epoch 137:  99%|█████████▉| 578/582 [00:05<00:00, 420.06it/s]
Epoch 137: 100%|██████████| 582/582 [00:06<00:00, 93.76it/s] 
  >>> 学习率降低: 3.00e-04 -> 1.50e-04
Epoch 137/300: Train=0.006479  Val=0.007335  LR=1.50e-04

Epoch 138:   0%|          | 0/582 [00:00<?, ?it/s]
Epoch 138:   0%|          | 1/582 [00:04<46:51,  4.84s/it]
Epoch 138:   8%|▊         | 46/582 [00:04<00:40, 13.10it/s]
Epoch 138:  18%|█▊        | 103/582 [00:05<00:13, 35.00it/s]
Epoch 138:  27%|██▋       | 158/582 [00:05<00:06, 62.40it/s]
Epoch 138:  37%|███▋      | 215/582 [00:05<00:03, 98.12it/s]
Epoch 138:  46%|████▌     | 268/582 [00:05<00:02, 137.65it/s]
Epoch 138:  56%|█████▌    | 324/582 [00:05<00:01, 186.28it/s]
Epoch 138:  65%|██████▌   | 380/582 [00:05<00:00, 238.88it/s]
Epoch 138:  75%|███████▍  | 435/582 [00:05<00:00, 290.69it/s]
Epoch 138:  84%|████████▍ | 491/582 [00:05<00:00, 342.11it/s]
Epoch 138:  94%|█████████▍| 546/582 [00:05<00:00, 385.37it/s]
Epoch 138: 100%|██████████| 582/582 [00:06<00:00, 94.40it/s] 
Epoch 138/300: Train=0.006324  Val=0.007220  LR=1.50e-04

Epoch 139:   0%|          | 0/582 [00:00<?, ?it/s]
Epoch 139:   0%|          | 1/582 [00:04<46:46,  4.83s/it]
Epoch 139:   8%|▊         | 47/582 [00:04<00:39, 13.41it/s]
Epoch 139:  16%|█▋        | 96/582 [00:05<00:15, 32.17it/s]
Epoch 139:  26%|██▌       | 149/582 [00:05<00:07, 58.68it/s]
Epoch 139:  35%|███▌      | 206/582 [00:05<00:03, 94.70it/s]
Epoch 139:  45%|████▌     | 262/582 [00:05<00:02, 137.21it/s]
Epoch 139:  54%|█████▍    | 317/582 [00:05<00:01, 184.73it/s]
Epoch 139:  64%|██████▍   | 373/582 [00:05<00:00, 237.55it/s]
Epoch 139:  73%|███████▎  | 426/582 [00:05<00:00, 286.71it/s]
Epoch 139:  83%|████████▎ | 482/582 [00:05<00:00, 338.97it/s]
Epoch 139:  92%|█████████▏| 538/582 [00:05<00:00, 385.96it/s]
Epoch 139: 100%|██████████| 582/582 [00:06<00:00, 94.15it/s] 
Epoch 139/300: Train=0.006327  Val=0.007193  LR=1.50e-04

Epoch 140:   0%|          | 0/582 [00:00<?, ?it/s]
Epoch 140:   0%|          | 1/582 [00:04<46:43,  4.83s/it]
Epoch 140:   8%|▊         | 48/582 [00:04<00:38, 13.70it/s]
Epoch 140:  17%|█▋        | 98/582 [00:05<00:14, 32.85it/s]
Epoch 140:  26%|██▌       | 150/582 [00:05<00:07, 58.77it/s]
Epoch 140:  36%|███▌      | 207/582 [00:05<00:03, 94.70it/s]
Epoch 140:  45%|████▍     | 261/582 [00:05<00:02, 135.22it/s]
Epoch 140:  54%|█████▍    | 316/582 [00:05<00:01, 182.90it/s]
Epoch 140:  64%|██████▍   | 372/582 [00:05<00:00, 235.57it/s]
Epoch 140:  74%|███████▎  | 428/582 [00:05<00:00, 289.50it/s]
Epoch 140:  83%|████████▎ | 484/582 [00:05<00:00, 341.05it/s]
Epoch 140:  92%|█████████▏| 538/582 [00:05<00:00, 382.34it/s]
Epoch 140: 100%|██████████| 582/582 [00:06<00:00, 94.14it/s] 
Epoch 140/300: Train=0.006248  Val=0.007167  LR=1.50e-04

Epoch 141:   0%|          | 0/582 [00:00<?, ?it/s]
Epoch 141:   0%|          | 1/582 [00:04<46:42,  4.82s/it]
Epoch 141:   8%|▊         | 44/582 [00:04<00:42, 12.57it/s]
Epoch 141:  16%|█▋        | 95/582 [00:05<00:15, 32.20it/s]
Epoch 141:  26%|██▌       | 149/582 [00:05<00:07, 59.27it/s]
Epoch 141:  35%|███▌      | 205/582 [00:05<00:03, 94.66it/s]
Epoch 141:  45%|████▍     | 261/582 [00:05<00:02, 137.26it/s]
Epoch 141:  55%|█████▍    | 318/582 [00:05<00:01, 187.17it/s]
Epoch 141:  64%|██████▍   | 373/582 [00:05<00:00, 238.30it/s]
Epoch 141:  73%|███████▎  | 427/582 [00:05<00:00, 287.15it/s]
Epoch 141:  83%|████████▎ | 483/582 [00:05<00:00, 339.10it/s]
Epoch 141:  93%|█████████▎| 540/582 [00:05<00:00, 388.05it/s]
Epoch 141: 100%|██████████| 582/582 [00:06<00:00, 94.41it/s] 
Epoch 141/300: Train=0.006293  Val=0.007197  LR=1.50e-04

Epoch 142:   0%|          | 0/582 [00:00<?, ?it/s]
Epoch 142:   0%|          | 1/582 [00:04<46:58,  4.85s/it]
Epoch 142:   8%|▊         | 46/582 [00:04<00:41, 13.06it/s]
Epoch 142:  16%|█▌        | 93/582 [00:05<00:15, 30.98it/s]
Epoch 142:  26%|██▌       | 149/582 [00:05<00:07, 59.03it/s]
Epoch 142:  35%|███▌      | 204/582 [00:05<00:04, 93.54it/s]
Epoch 142:  44%|████▍     | 256/582 [00:05<00:02, 132.39it/s]
Epoch 142:  54%|█████▎    | 312/582 [00:05<00:01, 181.33it/s]
Epoch 142:  63%|██████▎   | 369/582 [00:05<00:00, 235.55it/s]
Epoch 142:  73%|███████▎  | 425/582 [00:05<00:00, 289.40it/s]
Epoch 142:  83%|████████▎ | 481/582 [00:05<00:00, 340.92it/s]
Epoch 142:  92%|█████████▏| 536/582 [00:05<00:00, 385.17it/s]
Epoch 142: 100%|██████████| 582/582 [00:06<00:00, 93.79it/s] 
Epoch 142/300: Train=0.006273  Val=0.007158  LR=1.50e-04

Epoch 143:   0%|          | 0/582 [00:00<?, ?it/s]
Epoch 143:   0%|          | 1/582 [00:04<46:31,  4.80s/it]
Epoch 143:   8%|▊         | 48/582 [00:04<00:38, 13.77it/s]
Epoch 143:  18%|█▊        | 105/582 [00:05<00:13, 35.78it/s]
Epoch 143:  27%|██▋       | 158/582 [00:05<00:06, 62.19it/s]
Epoch 143:  37%|███▋      | 214/582 [00:05<00:03, 97.46it/s]
Epoch 143:  46%|████▋     | 270/582 [00:05<00:02, 140.02it/s]
Epoch 143:  56%|█████▌    | 326/582 [00:05<00:01, 188.67it/s]
Epoch 143:  66%|██████▌   | 382/582 [00:05<00:00, 241.15it/s]
Epoch 143:  75%|███████▍  | 436/582 [00:05<00:00, 291.56it/s]
Epoch 143:  85%|████████▍ | 492/582 [00:05<00:00, 343.69it/s]
Epoch 143:  94%|█████████▍| 549/582 [00:05<00:00, 391.99it/s]
Epoch 143: 100%|██████████| 582/582 [00:06<00:00, 94.95it/s] 
Epoch 143/300: Train=0.006263  Val=0.007133  LR=1.50e-04

Epoch 144:   0%|          | 0/582 [00:00<?, ?it/s]
Epoch 144:   0%|          | 1/582 [00:04<46:07,  4.76s/it]
Epoch 144:   8%|▊         | 44/582 [00:04<00:42, 12.73it/s]
Epoch 144:  16%|█▌        | 92/582 [00:04<00:15, 31.38it/s]
Epoch 144:  25%|██▍       | 143/582 [00:05<00:07, 57.17it/s]
Epoch 144:  34%|███▍      | 199/582 [00:05<00:04, 93.07it/s]
Epoch 144:  44%|████▍     | 255/582 [00:05<00:02, 136.21it/s]
Epoch 144:  53%|█████▎    | 309/582 [00:05<00:01, 183.37it/s]
Epoch 144:  63%|██████▎   | 364/582 [00:05<00:00, 235.79it/s]
Epoch 144:  72%|███████▏  | 421/582 [00:05<00:00, 291.99it/s]
Epoch 144:  82%|████████▏ | 477/582 [00:05<00:00, 343.53it/s]
Epoch 144:  92%|█████████▏| 534/582 [00:05<00:00, 391.91it/s]
Epoch 144: 100%|██████████| 582/582 [00:06<00:00, 95.14it/s] 
Epoch 144/300: Train=0.006202  Val=0.007115  LR=1.50e-04

Epoch 145:   0%|          | 0/582 [00:00<?, ?it/s]
Epoch 145:   0%|          | 1/582 [00:04<46:45,  4.83s/it]
Epoch 145:   8%|▊         | 45/582 [00:04<00:41, 12.84it/s]
Epoch 145:  17%|█▋        | 98/582 [00:05<00:14, 33.20it/s]
Epoch 145:  26%|██▋       | 154/582 [00:05<00:06, 61.26it/s]
Epoch 145:  36%|███▌      | 208/582 [00:05<00:03, 94.98it/s]
Epoch 145:  45%|████▌     | 264/582 [00:05<00:02, 137.47it/s]
Epoch 145:  55%|█████▍    | 320/582 [00:05<00:01, 186.12it/s]
Epoch 145:  65%|██████▍   | 376/582 [00:05<00:00, 238.75it/s]
Epoch 145:  74%|███████▍  | 432/582 [00:05<00:00, 292.27it/s]
Epoch 145:  84%|████████▎ | 486/582 [00:05<00:00, 338.87it/s]
Epoch 145:  93%|█████████▎| 542/582 [00:05<00:00, 386.59it/s]
Epoch 145: 100%|██████████| 582/582 [00:06<00:00, 94.34it/s] 
Epoch 145/300: Train=0.006322  Val=0.007156  LR=1.50e-04

Epoch 146:   0%|          | 0/582 [00:00<?, ?it/s]
Epoch 146:   0%|          | 1/582 [00:04<46:38,  4.82s/it]
Epoch 146:   8%|▊         | 46/582 [00:04<00:40, 13.16it/s]
Epoch 146:  16%|█▌        | 91/582 [00:05<00:16, 30.40it/s]
Epoch 146:  24%|██▍       | 142/582 [00:05<00:07, 56.01it/s]
Epoch 146:  34%|███▍      | 199/582 [00:05<00:04, 92.31it/s]
Epoch 146:  44%|████▍     | 256/582 [00:05<00:02, 135.93it/s]
Epoch 146:  54%|█████▎    | 312/582 [00:05<00:01, 184.81it/s]
Epoch 146:  63%|██████▎   | 365/582 [00:05<00:00, 233.42it/s]
Epoch 146:  72%|███████▏  | 420/582 [00:05<00:00, 286.59it/s]
Epoch 146:  82%|████████▏ | 476/582 [00:05<00:00, 339.56it/s]
Epoch 146:  92%|█████████▏| 533/582 [00:05<00:00, 387.83it/s]
Epoch 146: 100%|██████████| 582/582 [00:06<00:00, 94.29it/s] 
Epoch 146/300: Train=0.006264  Val=0.007228  LR=1.50e-04

Epoch 147:   0%|          | 0/582 [00:00<?, ?it/s]
Epoch 147:   0%|          | 1/582 [00:04<47:11,  4.87s/it]
Epoch 147:   8%|▊         | 48/582 [00:04<00:39, 13.58it/s]
Epoch 147:  18%|█▊        | 104/582 [00:05<00:13, 34.90it/s]
Epoch 147:  28%|██▊       | 161/582 [00:05<00:06, 63.13it/s]
Epoch 147:  37%|███▋      | 215/582 [00:05<00:03, 96.45it/s]
Epoch 147:  47%|████▋     | 271/582 [00:05<00:02, 138.48it/s]
Epoch 147:  56%|█████▋    | 328/582 [00:05<00:01, 187.85it/s]
Epoch 147:  66%|██████▌   | 383/582 [00:05<00:00, 238.53it/s]
Epoch 147:  75%|███████▌  | 438/582 [00:05<00:00, 290.64it/s]
Epoch 147:  85%|████████▍ | 492/582 [00:05<00:00, 338.10it/s]
Epoch 147:  94%|█████████▍| 548/582 [00:05<00:00, 385.14it/s]
Epoch 147: 100%|██████████| 582/582 [00:06<00:00, 93.88it/s] 
Epoch 147/300: Train=0.006233  Val=0.007194  LR=1.50e-04

Epoch 148:   0%|          | 0/582 [00:00<?, ?it/s]
Epoch 148:   0%|          | 1/582 [00:04<46:28,  4.80s/it]
Epoch 148:   8%|▊         | 46/582 [00:04<00:40, 13.21it/s]
Epoch 148:  16%|█▋        | 95/582 [00:05<00:15, 32.10it/s]
Epoch 148:  25%|██▌       | 148/582 [00:05<00:07, 58.75it/s]
Epoch 148:  35%|███▍      | 203/582 [00:05<00:04, 93.66it/s]
Epoch 148:  45%|████▍     | 259/582 [00:05<00:02, 136.52it/s]
Epoch 148:  54%|█████▍    | 316/582 [00:05<00:01, 186.69it/s]
Epoch 148:  64%|██████▎   | 371/582 [00:05<00:00, 237.71it/s]
Epoch 148:  73%|███████▎  | 424/582 [00:05<00:00, 283.62it/s]
Epoch 148:  82%|████████▏ | 480/582 [00:05<00:00, 335.45it/s]
Epoch 148:  92%|█████████▏| 537/582 [00:05<00:00, 384.18it/s]
Epoch 148: 100%|██████████| 582/582 [00:06<00:00, 94.60it/s] 
Epoch 148/300: Train=0.006234  Val=0.007125  LR=1.50e-04

Epoch 149:   0%|          | 0/582 [00:00<?, ?it/s]
Epoch 149:   0%|          | 1/582 [00:04<46:35,  4.81s/it]
Epoch 149:   7%|▋         | 43/582 [00:04<00:43, 12.31it/s]
Epoch 149:  17%|█▋        | 97/582 [00:05<00:14, 33.17it/s]
Epoch 149:  26%|██▋       | 154/582 [00:05<00:06, 61.83it/s]
Epoch 149:  36%|███▌      | 208/582 [00:05<00:03, 95.67it/s]
Epoch 149:  45%|████▍     | 261/582 [00:05<00:02, 135.48it/s]
Epoch 149:  54%|█████▍    | 315/582 [00:05<00:01, 182.19it/s]
Epoch 149:  63%|██████▎   | 369/582 [00:05<00:00, 233.00it/s]
Epoch 149:  73%|███████▎  | 422/582 [00:05<00:00, 282.61it/s]
Epoch 149:  82%|████████▏ | 477/582 [00:05<00:00, 333.81it/s]
Epoch 149:  92%|█████████▏| 534/582 [00:05<00:00, 383.30it/s]
Epoch 149: 100%|██████████| 582/582 [00:06<00:00, 94.47it/s] 
Epoch 149/300: Train=0.006327  Val=0.007116  LR=1.50e-04

Epoch 150:   0%|          | 0/582 [00:00<?, ?it/s]
Epoch 150:   0%|          | 1/582 [00:04<46:41,  4.82s/it]
Epoch 150:   8%|▊         | 47/582 [00:04<00:39, 13.43it/s]
Epoch 150:  16%|█▌        | 94/582 [00:05<00:15, 31.43it/s]
Epoch 150:  25%|██▌       | 147/582 [00:05<00:07, 57.96it/s]
Epoch 150:  35%|███▌      | 204/582 [00:05<00:04, 94.04it/s]
Epoch 150:  45%|████▍     | 260/582 [00:05<00:02, 136.74it/s]
Epoch 150:  54%|█████▍    | 315/582 [00:05<00:01, 184.59it/s]
Epoch 150:  64%|██████▎   | 371/582 [00:05<00:00, 237.19it/s]
Epoch 150:  73%|███████▎  | 426/582 [00:05<00:00, 289.31it/s]
Epoch 150:  83%|████████▎ | 482/582 [00:05<00:00, 341.01it/s]
Epoch 150:  92%|█████████▏| 537/582 [00:05<00:00, 385.35it/s]
Epoch 150: 100%|██████████| 582/582 [00:06<00:00, 94.29it/s] 
Epoch 150/300: Train=0.006261  Val=0.007131  LR=1.50e-04

Epoch 151:   0%|          | 0/582 [00:00<?, ?it/s]
Epoch 151:   0%|          | 1/582 [00:04<46:42,  4.82s/it]
Epoch 151:   7%|▋         | 43/582 [00:04<00:43, 12.28it/s]
Epoch 151:  17%|█▋        | 98/582 [00:05<00:14, 33.49it/s]
Epoch 151:  27%|██▋       | 155/582 [00:05<00:06, 62.08it/s]
Epoch 151:  36%|███▌      | 209/582 [00:05<00:03, 95.86it/s]
Epoch 151:  46%|████▌     | 265/582 [00:05<00:02, 138.21it/s]
Epoch 151:  55%|█████▍    | 319/582 [00:05<00:01, 184.50it/s]
Epoch 151:  65%|██████▍   | 376/582 [00:05<00:00, 238.81it/s]
Epoch 151:  74%|███████▍  | 432/582 [00:05<00:00, 292.34it/s]
Epoch 151:  84%|████████▍ | 489/582 [00:05<00:00, 345.39it/s]
Epoch 151:  94%|█████████▎| 545/582 [00:05<00:00, 390.95it/s]
Epoch 151: 100%|██████████| 582/582 [00:06<00:00, 94.47it/s] 
Epoch 151/300: Train=0.006213  Val=0.007127  LR=1.50e-04

Epoch 152:   0%|          | 0/582 [00:00<?, ?it/s]
Epoch 152:   0%|          | 1/582 [00:04<47:03,  4.86s/it]
Epoch 152:   8%|▊         | 46/582 [00:04<00:41, 13.05it/s]
Epoch 152:  16%|█▋        | 95/582 [00:05<00:15, 31.72it/s]
Epoch 152:  26%|██▌       | 151/582 [00:05<00:07, 59.69it/s]
Epoch 152:  35%|███▌      | 205/582 [00:05<00:04, 93.48it/s]
Epoch 152:  45%|████▍     | 261/582 [00:05<00:02, 135.83it/s]
Epoch 152:  55%|█████▍    | 318/582 [00:05<00:01, 185.63it/s]
Epoch 152:  64%|██████▍   | 374/582 [00:05<00:00, 238.48it/s]
Epoch 152:  74%|███████▍  | 431/582 [00:05<00:00, 293.15it/s]
Epoch 152:  84%|████████▎ | 486/582 [00:05<00:00, 340.06it/s]
Epoch 152:  93%|█████████▎| 541/582 [00:05<00:00, 385.14it/s]
Epoch 152: 100%|██████████| 582/582 [00:06<00:00, 93.87it/s] 
Epoch 152/300: Train=0.006212  Val=0.007070  LR=1.50e-04

Epoch 153:   0%|          | 0/582 [00:00<?, ?it/s]
Epoch 153:   0%|          | 1/582 [00:04<46:27,  4.80s/it]
Epoch 153:   8%|▊         | 48/582 [00:04<00:38, 13.79it/s]
Epoch 153:  17%|█▋        | 100/582 [00:04<00:14, 33.87it/s]
Epoch 153:  27%|██▋       | 156/582 [00:05<00:06, 62.01it/s]
Epoch 153:  37%|███▋      | 213/582 [00:05<00:03, 98.12it/s]
Epoch 153:  46%|████▌     | 269/582 [00:05<00:02, 140.56it/s]
Epoch 153:  56%|█████▌    | 325/582 [00:05<00:01, 189.11it/s]
Epoch 153:  65%|██████▌   | 380/582 [00:05<00:00, 240.12it/s]
Epoch 153:  75%|███████▍  | 436/582 [00:05<00:00, 293.60it/s]
Epoch 153:  85%|████████▍ | 492/582 [00:05<00:00, 344.60it/s]
Epoch 153:  94%|█████████▍| 549/582 [00:05<00:00, 392.46it/s]
Epoch 153: 100%|██████████| 582/582 [00:06<00:00, 94.97it/s] 
Epoch 153/300: Train=0.006175  Val=0.007151  LR=1.50e-04

Epoch 154:   0%|          | 0/582 [00:00<?, ?it/s]
Epoch 154:   0%|          | 1/582 [00:04<47:24,  4.90s/it]
Epoch 154:   8%|▊         | 46/582 [00:04<00:41, 12.95it/s]
Epoch 154:  17%|█▋        | 99/582 [00:05<00:14, 33.06it/s]
Epoch 154:  27%|██▋       | 155/582 [00:05<00:07, 60.80it/s]
Epoch 154:  36%|███▌      | 210/582 [00:05<00:03, 94.95it/s]
Epoch 154:  46%|████▌     | 267/582 [00:05<00:02, 137.83it/s]
Epoch 154:  55%|█████▌    | 323/582 [00:05<00:01, 185.96it/s]
Epoch 154:  65%|██████▌   | 380/582 [00:05<00:00, 239.25it/s]
Epoch 154:  75%|███████▍  | 435/582 [00:05<00:00, 290.98it/s]
Epoch 154:  84%|████████▍ | 490/582 [00:05<00:00, 339.50it/s]
Epoch 154:  94%|█████████▎| 545/582 [00:05<00:00, 384.74it/s]
Epoch 154: 100%|██████████| 582/582 [00:06<00:00, 93.38it/s] 
Epoch 154/300: Train=0.006226  Val=0.007105  LR=1.50e-04

Epoch 155:   0%|          | 0/582 [00:00<?, ?it/s]
Epoch 155:   0%|          | 1/582 [00:04<46:49,  4.84s/it]
Epoch 155:   7%|▋         | 40/582 [00:04<00:47, 11.38it/s]
Epoch 155:  15%|█▍        | 85/582 [00:05<00:17, 28.62it/s]
Epoch 155:  24%|██▍       | 139/582 [00:05<00:07, 55.76it/s]
Epoch 155:  34%|███▎      | 195/582 [00:05<00:04, 91.27it/s]
Epoch 155:  43%|████▎     | 250/582 [00:05<00:02, 133.25it/s]
Epoch 155:  52%|█████▏    | 304/582 [00:05<00:01, 180.06it/s]
Epoch 155:  62%|██████▏   | 358/582 [00:05<00:00, 231.02it/s]
Epoch 155:  70%|███████   | 410/582 [00:05<00:00, 276.85it/s]
Epoch 155:  80%|████████  | 467/582 [00:05<00:00, 331.92it/s]
Epoch 155:  90%|████████▉ | 523/582 [00:05<00:00, 380.56it/s]
Epoch 155:  99%|█████████▉| 577/582 [00:05<00:00, 416.01it/s]
Epoch 155: 100%|██████████| 582/582 [00:06<00:00, 93.57it/s] 
Epoch 155/300: Train=0.006231  Val=0.007131  LR=1.50e-04

Epoch 156:   0%|          | 0/582 [00:00<?, ?it/s]
Epoch 156:   0%|          | 1/582 [00:04<47:00,  4.85s/it]
Epoch 156:   8%|▊         | 48/582 [00:04<00:39, 13.63it/s]
Epoch 156:  17%|█▋        | 99/582 [00:05<00:14, 33.10it/s]
Epoch 156:  26%|██▌       | 152/582 [00:05<00:07, 59.37it/s]
Epoch 156:  35%|███▌      | 206/582 [00:05<00:04, 93.12it/s]
Epoch 156:  45%|████▌     | 262/582 [00:05<00:02, 135.73it/s]
Epoch 156:  55%|█████▍    | 318/582 [00:05<00:01, 184.45it/s]
Epoch 156:  64%|██████▍   | 375/582 [00:05<00:00, 238.27it/s]
Epoch 156:  74%|███████▍  | 431/582 [00:05<00:00, 291.21it/s]
Epoch 156:  83%|████████▎ | 485/582 [00:05<00:00, 339.14it/s]
Epoch 156:  93%|█████████▎| 542/582 [00:05<00:00, 388.12it/s]
Epoch 156: 100%|██████████| 582/582 [00:06<00:00, 93.96it/s] 
Epoch 156/300: Train=0.006194  Val=0.007129  LR=1.50e-04

Epoch 157:   0%|          | 0/582 [00:00<?, ?it/s]
Epoch 157:   0%|          | 1/582 [00:04<46:18,  4.78s/it]
Epoch 157:   8%|▊         | 45/582 [00:04<00:41, 12.95it/s]
Epoch 157:  16%|█▌        | 91/582 [00:04<00:15, 30.71it/s]
Epoch 157:  25%|██▌       | 146/582 [00:05<00:07, 58.57it/s]
Epoch 157:  35%|███▍      | 203/582 [00:05<00:03, 94.93it/s]
Epoch 157:  44%|████▍     | 258/582 [00:05<00:02, 136.93it/s]
Epoch 157:  54%|█████▍    | 313/582 [00:05<00:01, 184.62it/s]
Epoch 157:  63%|██████▎   | 366/582 [00:05<00:00, 233.28it/s]
Epoch 157:  73%|███████▎  | 422/582 [00:05<00:00, 287.43it/s]
Epoch 157:  82%|████████▏ | 479/582 [00:05<00:00, 341.51it/s]
Epoch 157:  92%|█████████▏| 534/582 [00:05<00:00, 386.62it/s]
Epoch 157: 100%|██████████| 582/582 [00:06<00:00, 94.81it/s] 
Epoch 157/300: Train=0.006167  Val=0.007149  LR=1.50e-04

Epoch 158:   0%|          | 0/582 [00:00<?, ?it/s]
Epoch 158:   0%|          | 1/582 [00:04<46:29,  4.80s/it]
Epoch 158:   8%|▊         | 48/582 [00:04<00:38, 13.77it/s]
Epoch 158:  16%|█▋        | 96/582 [00:05<00:15, 32.22it/s]
Epoch 158:  25%|██▌       | 148/582 [00:05<00:07, 58.30it/s]
Epoch 158:  35%|███▍      | 203/582 [00:05<00:04, 93.14it/s]
Epoch 158:  44%|████▍     | 257/582 [00:05<00:02, 134.14it/s]
Epoch 158:  53%|█████▎    | 310/582 [00:05<00:01, 179.88it/s]
Epoch 158:  63%|██████▎   | 366/582 [00:05<00:00, 233.90it/s]
Epoch 158:  73%|███████▎  | 423/582 [00:05<00:00, 289.65it/s]
Epoch 158:  82%|████████▏ | 477/582 [00:05<00:00, 338.15it/s]
Epoch 158:  91%|█████████ | 531/582 [00:05<00:00, 381.90it/s]
Epoch 158: 100%|██████████| 582/582 [00:06<00:00, 94.49it/s] 
Epoch 158/300: Train=0.006192  Val=0.007094  LR=1.50e-04

Epoch 159:   0%|          | 0/582 [00:00<?, ?it/s]
Epoch 159:   0%|          | 1/582 [00:04<46:13,  4.77s/it]
Epoch 159:   8%|▊         | 46/582 [00:04<00:40, 13.27it/s]
Epoch 159:  16%|█▋        | 95/582 [00:04<00:15, 32.25it/s]
Epoch 159:  25%|██▌       | 148/582 [00:05<00:07, 59.01it/s]
Epoch 159:  35%|███▌      | 204/582 [00:05<00:03, 94.77it/s]
Epoch 159:  45%|████▍     | 260/582 [00:05<00:02, 137.56it/s]
Epoch 159:  54%|█████▍    | 315/582 [00:05<00:01, 185.42it/s]
Epoch 159:  64%|██████▎   | 371/582 [00:05<00:00, 238.15it/s]
Epoch 159:  73%|███████▎  | 426/582 [00:05<00:00, 290.80it/s]
Epoch 159:  83%|████████▎ | 481/582 [00:05<00:00, 339.85it/s]
Epoch 159:  92%|█████████▏| 538/582 [00:05<00:00, 388.86it/s]
Epoch 159: 100%|██████████| 582/582 [00:06<00:00, 95.10it/s] 
Epoch 159/300: Train=0.006240  Val=0.007165  LR=1.50e-04

Epoch 160:   0%|          | 0/582 [00:00<?, ?it/s]
Epoch 160:   0%|          | 1/582 [00:04<46:57,  4.85s/it]
Epoch 160:   8%|▊         | 45/582 [00:04<00:41, 12.79it/s]
Epoch 160:  16%|█▌        | 91/582 [00:05<00:16, 30.34it/s]
Epoch 160:  24%|██▍       | 141/582 [00:05<00:07, 55.28it/s]
Epoch 160:  34%|███▍      | 197/582 [00:05<00:04, 90.81it/s]
Epoch 160:  43%|████▎     | 250/582 [00:05<00:02, 130.85it/s]
Epoch 160:  53%|█████▎    | 306/582 [00:05<00:01, 180.20it/s]
Epoch 160:  62%|██████▏   | 362/582 [00:05<00:00, 233.51it/s]
Epoch 160:  72%|███████▏  | 418/582 [00:05<00:00, 287.84it/s]
Epoch 160:  81%|████████  | 472/582 [00:05<00:00, 335.89it/s]
Epoch 160:  90%|█████████ | 526/582 [00:05<00:00, 375.91it/s]
Epoch 160: 100%|█████████▉| 581/582 [00:05<00:00, 415.64it/s]
Epoch 160: 100%|██████████| 582/582 [00:06<00:00, 93.57it/s] 
Epoch 160/300: Train=0.006172  Val=0.007113  LR=1.50e-04

Epoch 161:   0%|          | 0/582 [00:00<?, ?it/s]
Epoch 161:   0%|          | 1/582 [00:04<47:08,  4.87s/it]
Epoch 161:   8%|▊         | 45/582 [00:04<00:42, 12.74it/s]
Epoch 161:  17%|█▋        | 99/582 [00:05<00:14, 33.35it/s]
Epoch 161:  26%|██▋       | 154/582 [00:05<00:07, 60.65it/s]
Epoch 161:  36%|███▌      | 209/582 [00:05<00:03, 94.98it/s]
Epoch 161:  45%|████▌     | 262/582 [00:05<00:02, 134.43it/s]
Epoch 161:  54%|█████▍    | 317/582 [00:05<00:01, 182.25it/s]
Epoch 161:  63%|██████▎   | 369/582 [00:05<00:00, 229.93it/s]
Epoch 161:  73%|███████▎  | 422/582 [00:05<00:00, 279.82it/s]
Epoch 161:  82%|████████▏ | 475/582 [00:05<00:00, 327.50it/s]
Epoch 161:  91%|█████████ | 530/582 [00:05<00:00, 373.93it/s]
Epoch 161: 100%|██████████| 582/582 [00:06<00:00, 93.42it/s] 
Epoch 161/300: Train=0.006221  Val=0.007159  LR=1.50e-04

Epoch 162:   0%|          | 0/582 [00:00<?, ?it/s]
Epoch 162:   0%|          | 1/582 [00:04<47:29,  4.90s/it]
Epoch 162:   9%|▉         | 51/582 [00:05<00:37, 14.35it/s]
Epoch 162:  18%|█▊        | 104/582 [00:05<00:13, 34.38it/s]
Epoch 162:  27%|██▋       | 157/582 [00:05<00:07, 60.44it/s]
Epoch 162:  36%|███▌      | 209/582 [00:05<00:04, 92.46it/s]
Epoch 162:  45%|████▍     | 259/582 [00:05<00:02, 129.41it/s]
Epoch 162:  54%|█████▍    | 314/582 [00:05<00:01, 177.51it/s]
Epoch 162:  64%|██████▎   | 370/582 [00:05<00:00, 230.99it/s]
Epoch 162:  73%|███████▎  | 424/582 [00:05<00:00, 282.17it/s]
Epoch 162:  82%|████████▏ | 477/582 [00:05<00:00, 328.61it/s]
Epoch 162:  91%|█████████ | 531/582 [00:05<00:00, 374.06it/s]
Epoch 162: 100%|██████████| 582/582 [00:06<00:00, 92.80it/s] 
Epoch 162/300: Train=0.006234  Val=0.007270  LR=1.50e-04

Epoch 163:   0%|          | 0/582 [00:00<?, ?it/s]
Epoch 163:   0%|          | 1/582 [00:04<46:50,  4.84s/it]
Epoch 163:   8%|▊         | 49/582 [00:04<00:38, 13.97it/s]
Epoch 163:  17%|█▋        | 99/582 [00:05<00:14, 33.10it/s]
Epoch 163:  27%|██▋       | 156/582 [00:05<00:06, 61.65it/s]
Epoch 163:  37%|███▋      | 213/582 [00:05<00:03, 97.49it/s]
Epoch 163:  46%|████▌     | 269/582 [00:05<00:02, 139.73it/s]
Epoch 163:  55%|█████▌    | 322/582 [00:05<00:01, 184.43it/s]
Epoch 163:  65%|██████▌   | 379/582 [00:05<00:00, 238.31it/s]
Epoch 163:  75%|███████▍  | 435/582 [00:05<00:00, 291.29it/s]
Epoch 163:  84%|████████▍ | 491/582 [00:05<00:00, 342.44it/s]
Epoch 163:  94%|█████████▍| 546/582 [00:05<00:00, 387.18it/s]
Epoch 163: 100%|██████████| 582/582 [00:06<00:00, 94.36it/s] 
  >>> 学习率降低: 1.50e-04 -> 7.50e-05
Epoch 163/300: Train=0.006197  Val=0.007088  LR=7.50e-05

Epoch 164:   0%|          | 0/582 [00:00<?, ?it/s]
Epoch 164:   0%|          | 1/582 [00:04<46:30,  4.80s/it]
Epoch 164:   8%|▊         | 47/582 [00:04<00:39, 13.49it/s]
Epoch 164:  18%|█▊        | 103/582 [00:05<00:13, 35.13it/s]
Epoch 164:  27%|██▋       | 160/582 [00:05<00:06, 63.74it/s]
Epoch 164:  37%|███▋      | 214/582 [00:05<00:03, 97.57it/s]
Epoch 164:  46%|████▋     | 270/582 [00:05<00:02, 139.91it/s]
Epoch 164:  56%|█████▌    | 326/582 [00:05<00:01, 188.25it/s]
Epoch 164:  65%|██████▌   | 381/582 [00:05<00:00, 239.16it/s]
Epoch 164:  75%|███████▌  | 437/582 [00:05<00:00, 293.18it/s]
Epoch 164:  84%|████████▍ | 491/582 [00:05<00:00, 339.72it/s]
Epoch 164:  94%|█████████▍| 547/582 [00:05<00:00, 386.52it/s]
Epoch 164: 100%|██████████| 582/582 [00:06<00:00, 94.98it/s] 
Epoch 164/300: Train=0.006076  Val=0.007076  LR=7.50e-05

Epoch 165:   0%|          | 0/582 [00:00<?, ?it/s]
Epoch 165:   0%|          | 1/582 [00:04<46:09,  4.77s/it]
Epoch 165:   8%|▊         | 47/582 [00:04<00:39, 13.58it/s]
Epoch 165:  17%|█▋        | 98/582 [00:04<00:14, 33.38it/s]
Epoch 165:  26%|██▌       | 151/582 [00:05<00:07, 60.10it/s]
Epoch 165:  35%|███▌      | 205/582 [00:05<00:03, 94.35it/s]
Epoch 165:  45%|████▍     | 261/582 [00:05<00:02, 137.28it/s]
Epoch 165:  53%|█████▎    | 311/582 [00:05<00:01, 179.39it/s]
Epoch 165:  63%|██████▎   | 365/582 [00:05<00:00, 230.76it/s]
Epoch 165:  72%|███████▏  | 420/582 [00:05<00:00, 284.80it/s]
Epoch 165:  81%|████████▏ | 474/582 [00:05<00:00, 333.28it/s]
Epoch 165:  91%|█████████ | 529/582 [00:05<00:00, 378.67it/s]
Epoch 165: 100%|██████████| 582/582 [00:06<00:00, 94.94it/s] 
Epoch 165/300: Train=0.006121  Val=0.007041  LR=7.50e-05

Epoch 166:   0%|          | 0/582 [00:00<?, ?it/s]
Epoch 166:   0%|          | 1/582 [00:04<46:17,  4.78s/it]
Epoch 166:   7%|▋         | 42/582 [00:04<00:44, 12.10it/s]
Epoch 166:  15%|█▌        | 90/582 [00:04<00:16, 30.70it/s]
Epoch 166:  25%|██▌       | 147/582 [00:05<00:07, 59.63it/s]
Epoch 166:  35%|███▍      | 203/582 [00:05<00:03, 95.21it/s]
Epoch 166:  44%|████▍     | 258/582 [00:05<00:02, 137.20it/s]
Epoch 166:  54%|█████▎    | 312/582 [00:05<00:01, 183.92it/s]
Epoch 166:  63%|██████▎   | 369/582 [00:05<00:00, 238.62it/s]
Epoch 166:  73%|███████▎  | 422/582 [00:05<00:00, 287.38it/s]
Epoch 166:  82%|████████▏ | 476/582 [00:05<00:00, 335.79it/s]
Epoch 166:  91%|█████████ | 530/582 [00:05<00:00, 380.08it/s]
Epoch 166: 100%|██████████| 582/582 [00:06<00:00, 94.64it/s] 
Epoch 166/300: Train=0.006083  Val=0.007100  LR=7.50e-05

Epoch 167:   0%|          | 0/582 [00:00<?, ?it/s]
Epoch 167:   0%|          | 1/582 [00:04<46:59,  4.85s/it]
Epoch 167:   9%|▉         | 52/582 [00:04<00:35, 14.78it/s]
Epoch 167:  18%|█▊        | 107/582 [00:05<00:13, 35.77it/s]
Epoch 167:  27%|██▋       | 160/582 [00:05<00:06, 61.97it/s]
Epoch 167:  36%|███▋      | 212/582 [00:05<00:03, 94.16it/s]
Epoch 167:  45%|████▍     | 260/582 [00:05<00:02, 128.94it/s]
Epoch 167:  54%|█████▍    | 313/582 [00:05<00:01, 175.09it/s]
Epoch 167:  62%|██████▏   | 363/582 [00:05<00:00, 220.96it/s]
Epoch 167:  71%|███████▏  | 416/582 [00:05<00:00, 272.38it/s]
Epoch 167:  81%|████████  | 471/582 [00:05<00:00, 325.36it/s]
Epoch 167:  91%|█████████ | 528/582 [00:05<00:00, 377.38it/s]
Epoch 167: 100%|██████████| 582/582 [00:05<00:00, 415.64it/s]
Epoch 167: 100%|██████████| 582/582 [00:06<00:00, 93.52it/s] 
Epoch 167/300: Train=0.006064  Val=0.007039  LR=7.50e-05

Epoch 168:   0%|          | 0/582 [00:00<?, ?it/s]
Epoch 168:   0%|          | 1/582 [00:04<48:01,  4.96s/it]
Epoch 168:   9%|▉         | 54/582 [00:05<00:35, 15.03it/s]
Epoch 168:  18%|█▊        | 106/582 [00:05<00:13, 34.44it/s]
Epoch 168:  27%|██▋       | 158/582 [00:05<00:07, 59.65it/s]
Epoch 168:  36%|███▌      | 210/582 [00:05<00:04, 91.48it/s]
Epoch 168:  46%|████▌     | 266/582 [00:05<00:02, 133.48it/s]
Epoch 168:  55%|█████▌    | 321/582 [00:05<00:01, 180.85it/s]
Epoch 168:  65%|██████▍   | 376/582 [00:05<00:00, 232.12it/s]
Epoch 168:  74%|███████▍  | 431/582 [00:05<00:00, 284.49it/s]
Epoch 168:  84%|████████▍ | 488/582 [00:05<00:00, 338.56it/s]
Epoch 168:  93%|█████████▎| 544/582 [00:05<00:00, 385.26it/s]
Epoch 168: 100%|██████████| 582/582 [00:06<00:00, 92.33it/s] 
Epoch 168/300: Train=0.006096  Val=0.007109  LR=7.50e-05

Epoch 169:   0%|          | 0/582 [00:00<?, ?it/s]
Epoch 169:   0%|          | 1/582 [00:05<48:41,  5.03s/it]
Epoch 169:   8%|▊         | 46/582 [00:05<00:42, 12.62it/s]
Epoch 169:  16%|█▋        | 95/582 [00:05<00:15, 30.73it/s]
Epoch 169:  26%|██▌       | 150/582 [00:05<00:07, 57.37it/s]
Epoch 169:  35%|███▍      | 202/582 [00:05<00:04, 88.88it/s]
Epoch 169:  44%|████▎     | 254/582 [00:05<00:02, 127.15it/s]
Epoch 169:  53%|█████▎    | 310/582 [00:05<00:01, 175.51it/s]
Epoch 169:  62%|██████▏   | 363/582 [00:05<00:00, 224.00it/s]
Epoch 169:  72%|███████▏  | 417/582 [00:05<00:00, 275.14it/s]
Epoch 169:  81%|████████  | 470/582 [00:05<00:00, 322.93it/s]
Epoch 169:  90%|█████████ | 526/582 [00:06<00:00, 373.45it/s]
Epoch 169: 100%|█████████▉| 581/582 [00:06<00:00, 413.75it/s]
Epoch 169: 100%|██████████| 582/582 [00:06<00:00, 90.91it/s] 
Epoch 169/300: Train=0.006082  Val=0.007076  LR=7.50e-05

Epoch 170:   0%|          | 0/582 [00:00<?, ?it/s]
Epoch 170:   0%|          | 1/582 [00:05<48:40,  5.03s/it]
Epoch 170:   8%|▊         | 49/582 [00:05<00:39, 13.46it/s]
Epoch 170:  18%|█▊        | 103/582 [00:05<00:14, 33.43it/s]
Epoch 170:  27%|██▋       | 159/582 [00:05<00:06, 60.45it/s]
Epoch 170:  37%|███▋      | 215/582 [00:05<00:03, 94.54it/s]
Epoch 170:  46%|████▋     | 270/582 [00:05<00:02, 134.97it/s]
Epoch 170:  56%|█████▌    | 324/582 [00:05<00:01, 180.61it/s]
Epoch 170:  65%|██████▍   | 378/582 [00:05<00:00, 229.80it/s]
Epoch 170:  75%|███████▍  | 435/582 [00:05<00:00, 284.97it/s]
Epoch 170:  84%|████████▍ | 491/582 [00:05<00:00, 336.64it/s]
Epoch 170:  94%|█████████▍| 546/582 [00:06<00:00, 380.94it/s]
Epoch 170: 100%|██████████| 582/582 [00:06<00:00, 91.32it/s] 
Epoch 170/300: Train=0.006074  Val=0.007067  LR=7.50e-05

Epoch 171:   0%|          | 0/582 [00:00<?, ?it/s]
Epoch 171:   0%|          | 1/582 [00:04<48:20,  4.99s/it]
Epoch 171:   8%|▊         | 48/582 [00:05<00:40, 13.27it/s]
Epoch 171:  16%|█▋        | 95/582 [00:05<00:15, 30.71it/s]
Epoch 171:  26%|██▌       | 149/582 [00:05<00:07, 57.03it/s]
Epoch 171:  35%|███▍      | 203/582 [00:05<00:04, 90.19it/s]
Epoch 171:  44%|████▍     | 256/582 [00:05<00:02, 129.30it/s]
Epoch 171:  54%|█████▎    | 312/582 [00:05<00:01, 177.61it/s]
Epoch 171:  62%|██████▏   | 363/582 [00:05<00:00, 223.14it/s]
Epoch 171:  72%|███████▏  | 420/582 [00:05<00:00, 279.95it/s]
Epoch 171:  81%|████████▏ | 473/582 [00:05<00:00, 326.37it/s]
Epoch 171:  90%|█████████ | 526/582 [00:06<00:00, 369.37it/s]
Epoch 171: 100%|█████████▉| 580/582 [00:06<00:00, 408.75it/s]
Epoch 171: 100%|██████████| 582/582 [00:06<00:00, 91.40it/s] 
Epoch 171/300: Train=0.006086  Val=0.007084  LR=7.50e-05

Epoch 172:   0%|          | 0/582 [00:00<?, ?it/s]
Epoch 172:   0%|          | 1/582 [00:04<47:40,  4.92s/it]
Epoch 172:   8%|▊         | 44/582 [00:05<00:43, 12.32it/s]
Epoch 172:  16%|█▌        | 94/582 [00:05<00:15, 31.20it/s]
Epoch 172:  26%|██▌       | 149/582 [00:05<00:07, 58.35it/s]
Epoch 172:  35%|███▍      | 203/582 [00:05<00:04, 91.69it/s]
Epoch 172:  44%|████▍     | 258/582 [00:05<00:02, 132.83it/s]
Epoch 172:  54%|█████▎    | 312/582 [00:05<00:01, 179.27it/s]
Epoch 172:  63%|██████▎   | 369/582 [00:05<00:00, 233.36it/s]
Epoch 172:  73%|███████▎  | 424/582 [00:05<00:00, 285.79it/s]
Epoch 172:  82%|████████▏ | 478/582 [00:05<00:00, 329.52it/s]
Epoch 172:  92%|█████████▏| 534/582 [00:05<00:00, 378.52it/s]
Epoch 172: 100%|██████████| 582/582 [00:06<00:00, 92.37it/s] 
Epoch 172/300: Train=0.006082  Val=0.007125  LR=7.50e-05

Epoch 173:   0%|          | 0/582 [00:00<?, ?it/s]
Epoch 173:   0%|          | 1/582 [00:04<47:32,  4.91s/it]
Epoch 173:   7%|▋         | 42/582 [00:05<00:45, 11.79it/s]
Epoch 173:  16%|█▌        | 94/582 [00:05<00:15, 31.50it/s]
Epoch 173:  26%|██▌       | 150/582 [00:05<00:07, 59.22it/s]
Epoch 173:  35%|███▌      | 205/582 [00:05<00:04, 93.45it/s]
Epoch 173:  45%|████▍     | 261/582 [00:05<00:02, 135.53it/s]
Epoch 173:  55%|█████▍    | 318/582 [00:05<00:01, 185.05it/s]
Epoch 173:  64%|██████▍   | 373/582 [00:05<00:00, 235.96it/s]
Epoch 173:  73%|███████▎  | 427/582 [00:05<00:00, 285.74it/s]
Epoch 173:  83%|████████▎ | 481/582 [00:05<00:00, 333.91it/s]
Epoch 173:  93%|█████████▎| 539/582 [00:05<00:00, 385.97it/s]
Epoch 173: 100%|██████████| 582/582 [00:06<00:00, 93.00it/s] 
Epoch 173/300: Train=0.006054  Val=0.007052  LR=7.50e-05

Epoch 174:   0%|          | 0/582 [00:00<?, ?it/s]
Epoch 174:   0%|          | 1/582 [00:04<47:42,  4.93s/it]
Epoch 174:   8%|▊         | 46/582 [00:05<00:41, 12.87it/s]
Epoch 174:  17%|█▋        | 99/582 [00:05<00:14, 32.86it/s]
Epoch 174:  26%|██▋       | 154/582 [00:05<00:07, 59.92it/s]
Epoch 174:  36%|███▌      | 207/582 [00:05<00:04, 92.62it/s]
Epoch 174:  45%|████▍     | 260/582 [00:05<00:02, 132.04it/s]
Epoch 174:  53%|█████▎    | 310/582 [00:05<00:01, 173.30it/s]
Epoch 174:  63%|██████▎   | 364/582 [00:05<00:00, 223.93it/s]
Epoch 174:  72%|███████▏  | 419/582 [00:05<00:00, 278.08it/s]
Epoch 174:  81%|████████▏ | 474/582 [00:05<00:00, 330.22it/s]
Epoch 174:  91%|█████████ | 527/582 [00:05<00:00, 370.00it/s]
Epoch 174: 100%|█████████▉| 580/582 [00:06<00:00, 400.80it/s]
Epoch 174: 100%|██████████| 582/582 [00:06<00:00, 92.20it/s] 
Epoch 174/300: Train=0.006075  Val=0.007072  LR=7.50e-05

Epoch 175:   0%|          | 0/582 [00:00<?, ?it/s]
Epoch 175:   0%|          | 1/582 [00:05<49:06,  5.07s/it]
Epoch 175:   8%|▊         | 47/582 [00:05<00:41, 12.79it/s]
Epoch 175:  16%|█▋        | 95/582 [00:05<00:16, 30.38it/s]
Epoch 175:  25%|██▌       | 148/582 [00:05<00:07, 55.88it/s]
Epoch 175:  35%|███▍      | 203/582 [00:05<00:04, 89.34it/s]
Epoch 175:  45%|████▍     | 259/582 [00:05<00:02, 130.83it/s]
Epoch 175:  53%|█████▎    | 310/582 [00:05<00:01, 173.11it/s]
Epoch 175:  62%|██████▏   | 363/582 [00:05<00:00, 221.81it/s]
Epoch 175:  71%|███████   | 414/582 [00:05<00:00, 266.51it/s]
Epoch 175:  81%|████████  | 469/582 [00:05<00:00, 318.74it/s]
Epoch 175:  90%|█████████ | 526/582 [00:06<00:00, 369.55it/s]
Epoch 175:  99%|█████████▉| 579/582 [00:06<00:00, 402.88it/s]
Epoch 175: 100%|██████████| 582/582 [00:06<00:00, 90.05it/s] 
Epoch 175/300: Train=0.006093  Val=0.007055  LR=7.50e-05

Epoch 176:   0%|          | 0/582 [00:00<?, ?it/s]
Epoch 176:   0%|          | 1/582 [00:04<47:54,  4.95s/it]
Epoch 176:   8%|▊         | 48/582 [00:05<00:39, 13.38it/s]
Epoch 176:  17%|█▋        | 101/582 [00:05<00:14, 33.28it/s]
Epoch 176:  27%|██▋       | 156/582 [00:05<00:07, 60.23it/s]
Epoch 176:  36%|███▌      | 208/582 [00:05<00:04, 92.05it/s]
Epoch 176:  45%|████▌     | 262/582 [00:05<00:02, 132.28it/s]
Epoch 176:  55%|█████▍    | 319/582 [00:05<00:01, 181.94it/s]
Epoch 176:  64%|██████▍   | 372/582 [00:05<00:00, 230.61it/s]
Epoch 176:  74%|███████▎  | 429/582 [00:05<00:00, 286.79it/s]
Epoch 176:  83%|████████▎ | 484/582 [00:05<00:00, 337.31it/s]
Epoch 176:  93%|█████████▎| 539/582 [00:05<00:00, 379.82it/s]
Epoch 176: 100%|██████████| 582/582 [00:06<00:00, 92.23it/s] 
Epoch 176/300: Train=0.006064  Val=0.007059  LR=7.50e-05

Epoch 177:   0%|          | 0/582 [00:00<?, ?it/s]
Epoch 177:   0%|          | 1/582 [00:04<47:59,  4.96s/it]
Epoch 177:   7%|▋         | 40/582 [00:05<00:48, 11.12it/s]
Epoch 177:  15%|█▍        | 85/582 [00:05<00:17, 27.98it/s]
Epoch 177:  24%|██▎       | 137/582 [00:05<00:08, 53.57it/s]
Epoch 177:  31%|███▏      | 182/582 [00:05<00:04, 80.94it/s]
Epoch 177:  41%|████      | 237/582 [00:05<00:02, 123.06it/s]
Epoch 177:  50%|█████     | 291/582 [00:05<00:01, 170.50it/s]
Epoch 177:  59%|█████▉    | 346/582 [00:05<00:01, 222.93it/s]
Epoch 177:  69%|██████▊   | 400/582 [00:05<00:00, 275.59it/s]
Epoch 177:  78%|███████▊  | 452/582 [00:05<00:00, 318.18it/s]
Epoch 177:  87%|████████▋ | 506/582 [00:05<00:00, 364.62it/s]
Epoch 177:  96%|█████████▌| 559/582 [00:06<00:00, 403.10it/s]
Epoch 177: 100%|██████████| 582/582 [00:06<00:00, 91.29it/s] 
Epoch 177/300: Train=0.006054  Val=0.007098  LR=7.50e-05

Epoch 178:   0%|          | 0/582 [00:00<?, ?it/s]
Epoch 178:   0%|          | 1/582 [00:05<48:55,  5.05s/it]
Epoch 178:   8%|▊         | 49/582 [00:05<00:39, 13.39it/s]
Epoch 178:  17%|█▋        | 99/582 [00:05<00:15, 31.76it/s]
Epoch 178:  25%|██▌       | 148/582 [00:05<00:07, 55.19it/s]
Epoch 178:  35%|███▍      | 203/582 [00:05<00:04, 88.77it/s]
Epoch 178:  44%|████▎     | 254/582 [00:05<00:02, 125.97it/s]
Epoch 178:  53%|█████▎    | 307/582 [00:05<00:01, 170.93it/s]
Epoch 178:  62%|██████▏   | 359/582 [00:05<00:01, 219.07it/s]
Epoch 178:  71%|███████   | 413/582 [00:05<00:00, 270.55it/s]
Epoch 178:  80%|████████  | 467/582 [00:05<00:00, 321.64it/s]
Epoch 178:  89%|████████▉ | 519/582 [00:06<00:00, 360.84it/s]
Epoch 178:  98%|█████████▊| 571/582 [00:06<00:00, 396.82it/s]
Epoch 178: 100%|██████████| 582/582 [00:06<00:00, 90.07it/s] 
  >>> 学习率降低: 7.50e-05 -> 3.75e-05
Epoch 178/300: Train=0.006055  Val=0.007094  LR=3.75e-05

Epoch 179:   0%|          | 0/582 [00:00<?, ?it/s]
Epoch 179:   0%|          | 1/582 [00:04<48:20,  4.99s/it]
Epoch 179:   8%|▊         | 49/582 [00:05<00:39, 13.54it/s]
Epoch 179:  18%|█▊        | 103/582 [00:05<00:14, 33.65it/s]
Epoch 179:  27%|██▋       | 158/582 [00:05<00:07, 60.33it/s]
Epoch 179:  36%|███▋      | 212/582 [00:05<00:03, 93.27it/s]
Epoch 179:  46%|████▌     | 265/582 [00:05<00:02, 132.33it/s]
Epoch 179:  55%|█████▍    | 319/582 [00:05<00:01, 178.31it/s]
Epoch 179:  64%|██████▍   | 373/582 [00:05<00:00, 228.64it/s]
Epoch 179:  73%|███████▎  | 426/582 [00:05<00:00, 276.78it/s]
Epoch 179:  82%|████████▏ | 479/582 [00:05<00:00, 324.40it/s]
Epoch 179:  91%|█████████▏| 532/582 [00:06<00:00, 367.54it/s]
Epoch 179: 100%|██████████| 582/582 [00:06<00:00, 91.45it/s] 
Epoch 179/300: Train=0.006034  Val=0.007040  LR=3.75e-05

Epoch 180:   0%|          | 0/582 [00:00<?, ?it/s]
Epoch 180:   0%|          | 1/582 [00:04<47:55,  4.95s/it]
Epoch 180:   8%|▊         | 48/582 [00:05<00:39, 13.38it/s]
Epoch 180:  16%|█▌        | 94/582 [00:05<00:15, 30.57it/s]
Epoch 180:  25%|██▌       | 146/582 [00:05<00:07, 56.04it/s]
Epoch 180:  35%|███▍      | 201/582 [00:05<00:04, 90.25it/s]
Epoch 180:  44%|████▍     | 256/582 [00:05<00:02, 131.52it/s]
Epoch 180:  54%|█████▎    | 312/582 [00:05<00:01, 180.11it/s]
Epoch 180:  63%|██████▎   | 367/582 [00:05<00:00, 231.49it/s]
Epoch 180:  73%|███████▎  | 423/582 [00:05<00:00, 286.10it/s]
Epoch 180:  82%|████████▏ | 478/582 [00:05<00:00, 335.47it/s]
Epoch 180:  92%|█████████▏| 534/582 [00:05<00:00, 382.82it/s]
Epoch 180: 100%|██████████| 582/582 [00:06<00:00, 92.24it/s] 
Epoch 180/300: Train=0.006023  Val=0.007065  LR=3.75e-05

Epoch 181:   0%|          | 0/582 [00:00<?, ?it/s]
Epoch 181:   0%|          | 1/582 [00:04<47:17,  4.88s/it]
Epoch 181:   7%|▋         | 43/582 [00:04<00:44, 12.13it/s]
Epoch 181:  15%|█▌        | 90/582 [00:05<00:16, 29.98it/s]
Epoch 181:  25%|██▍       | 144/582 [00:05<00:07, 56.85it/s]
Epoch 181:  35%|███▍      | 201/582 [00:05<00:04, 92.67it/s]
Epoch 181:  44%|████▍     | 256/582 [00:05<00:02, 134.06it/s]
Epoch 181:  54%|█████▎    | 312/582 [00:05<00:01, 182.53it/s]
Epoch 181:  63%|██████▎   | 367/582 [00:05<00:00, 233.85it/s]
Epoch 181:  73%|███████▎  | 423/582 [00:05<00:00, 287.85it/s]
Epoch 181:  82%|████████▏ | 477/582 [00:05<00:00, 335.72it/s]
Epoch 181:  92%|█████████▏| 533/582 [00:05<00:00, 382.36it/s]
Epoch 181: 100%|██████████| 582/582 [00:06<00:00, 93.16it/s] 
Epoch 181/300: Train=0.006044  Val=0.007072  LR=3.75e-05

Epoch 182:   0%|          | 0/582 [00:00<?, ?it/s]
Epoch 182:   0%|          | 1/582 [00:04<47:16,  4.88s/it]
Epoch 182:   8%|▊         | 45/582 [00:04<00:42, 12.70it/s]
Epoch 182:  16%|█▌        | 91/582 [00:05<00:16, 30.14it/s]
Epoch 182:  25%|██▍       | 145/582 [00:05<00:07, 57.05it/s]
Epoch 182:  35%|███▍      | 201/582 [00:05<00:04, 92.21it/s]
Epoch 182:  44%|████▍     | 256/582 [00:05<00:02, 133.60it/s]
Epoch 182:  54%|█████▍    | 313/582 [00:05<00:01, 183.48it/s]
Epoch 182:  63%|██████▎   | 369/582 [00:05<00:00, 236.14it/s]
Epoch 182:  73%|███████▎  | 426/582 [00:05<00:00, 290.99it/s]
Epoch 182:  83%|████████▎ | 482/582 [00:05<00:00, 342.07it/s]
Epoch 182:  93%|█████████▎| 539/582 [00:05<00:00, 390.28it/s]
Epoch 182: 100%|██████████| 582/582 [00:06<00:00, 93.43it/s] 
Epoch 182/300: Train=0.006033  Val=0.007034  LR=3.75e-05

Epoch 183:   0%|          | 0/582 [00:00<?, ?it/s]
Epoch 183:   0%|          | 1/582 [00:04<47:18,  4.89s/it]
Epoch 183:   8%|▊         | 46/582 [00:04<00:41, 12.98it/s]
Epoch 183:  16%|█▌        | 94/582 [00:05<00:15, 31.15it/s]
Epoch 183:  25%|██▌       | 147/582 [00:05<00:07, 57.40it/s]
Epoch 183:  35%|███▍      | 203/582 [00:05<00:04, 92.44it/s]
Epoch 183:  45%|████▍     | 259/582 [00:05<00:02, 134.76it/s]
Epoch 183:  54%|█████▍    | 315/582 [00:05<00:01, 183.18it/s]
Epoch 183:  64%|██████▍   | 373/582 [00:05<00:00, 238.44it/s]
Epoch 183:  74%|███████▎  | 428/582 [00:05<00:00, 289.96it/s]
Epoch 183:  83%|████████▎ | 484/582 [00:05<00:00, 340.57it/s]
Epoch 183:  93%|█████████▎| 539/582 [00:05<00:00, 385.57it/s]
Epoch 183: 100%|██████████| 582/582 [00:06<00:00, 93.13it/s] 
Epoch 183/300: Train=0.006007  Val=0.007016  LR=3.75e-05

Epoch 184:   0%|          | 0/582 [00:00<?, ?it/s]
Epoch 184:   0%|          | 1/582 [00:04<47:14,  4.88s/it]
Epoch 184:   8%|▊         | 48/582 [00:04<00:39, 13.57it/s]
Epoch 184:  18%|█▊        | 105/582 [00:05<00:13, 35.26it/s]
Epoch 184:  27%|██▋       | 158/582 [00:05<00:06, 61.38it/s]
Epoch 184:  37%|███▋      | 215/582 [00:05<00:03, 96.91it/s]
Epoch 184:  47%|████▋     | 271/582 [00:05<00:02, 138.89it/s]
Epoch 184:  56%|█████▌    | 327/582 [00:05<00:01, 186.84it/s]
Epoch 184:  66%|██████▌   | 383/582 [00:05<00:00, 239.16it/s]
Epoch 184:  75%|███████▌  | 438/582 [00:05<00:00, 290.37it/s]
Epoch 184:  85%|████████▍ | 493/582 [00:05<00:00, 339.67it/s]
Epoch 184:  94%|█████████▍| 549/582 [00:05<00:00, 386.28it/s]
Epoch 184: 100%|██████████| 582/582 [00:06<00:00, 93.69it/s] 
Epoch 184/300: Train=0.006006  Val=0.007033  LR=3.75e-05

Epoch 185:   0%|          | 0/582 [00:00<?, ?it/s]
Epoch 185:   0%|          | 1/582 [00:04<48:21,  4.99s/it]
Epoch 185:   7%|▋         | 41/582 [00:05<00:47, 11.32it/s]
Epoch 185:  15%|█▌        | 88/582 [00:05<00:17, 28.83it/s]
Epoch 185:  23%|██▎       | 136/582 [00:05<00:08, 52.14it/s]
Epoch 185:  33%|███▎      | 192/582 [00:05<00:04, 87.01it/s]
Epoch 185:  42%|████▏     | 246/582 [00:05<00:02, 127.29it/s]
Epoch 185:  52%|█████▏    | 304/582 [00:05<00:01, 178.08it/s]
Epoch 185:  62%|██████▏   | 359/582 [00:05<00:00, 229.39it/s]
Epoch 185:  71%|███████   | 414/582 [00:05<00:00, 281.70it/s]
Epoch 185:  81%|████████  | 469/582 [00:05<00:00, 330.96it/s]
Epoch 185:  90%|█████████ | 524/582 [00:06<00:00, 377.63it/s]
Epoch 185:  99%|█████████▉| 578/582 [00:06<00:00, 410.73it/s]
Epoch 185: 100%|██████████| 582/582 [00:06<00:00, 91.14it/s] 
Epoch 185/300: Train=0.005982  Val=0.007050  LR=3.75e-05

Epoch 186:   0%|          | 0/582 [00:00<?, ?it/s]
Epoch 186:   0%|          | 1/582 [00:04<48:20,  4.99s/it]
Epoch 186:   8%|▊         | 46/582 [00:05<00:42, 12.71it/s]
Epoch 186:  18%|█▊        | 102/582 [00:05<00:14, 33.62it/s]
Epoch 186:  27%|██▋       | 159/582 [00:05<00:06, 61.32it/s]
Epoch 186:  37%|███▋      | 216/582 [00:05<00:03, 96.17it/s]
Epoch 186:  47%|████▋     | 271/582 [00:05<00:02, 136.48it/s]
Epoch 186:  56%|█████▋    | 328/582 [00:05<00:01, 185.06it/s]
Epoch 186:  66%|██████▌   | 384/582 [00:05<00:00, 236.75it/s]
Epoch 186:  75%|███████▌  | 438/582 [00:05<00:00, 285.44it/s]
Epoch 186:  85%|████████▍ | 492/582 [00:05<00:00, 331.97it/s]
Epoch 186:  94%|█████████▍| 547/582 [00:06<00:00, 378.34it/s]
Epoch 186: 100%|██████████| 582/582 [00:06<00:00, 91.92it/s] 
Epoch 186/300: Train=0.006011  Val=0.007054  LR=3.75e-05

Epoch 187:   0%|          | 0/582 [00:00<?, ?it/s]
Epoch 187:   0%|          | 1/582 [00:04<48:21,  4.99s/it]
Epoch 187:   7%|▋         | 38/582 [00:05<00:51, 10.48it/s]
Epoch 187:  16%|█▌        | 92/582 [00:05<00:15, 30.67it/s]
Epoch 187:  24%|██▎       | 137/582 [00:05<00:08, 52.33it/s]
Epoch 187:  32%|███▏      | 186/582 [00:05<00:04, 82.37it/s]
Epoch 187:  41%|████      | 237/582 [00:05<00:02, 120.45it/s]
Epoch 187:  49%|████▉     | 286/582 [00:05<00:01, 162.16it/s]
Epoch 187:  59%|█████▊    | 341/582 [00:05<00:01, 215.78it/s]
Epoch 187:  67%|██████▋   | 392/582 [00:05<00:00, 264.04it/s]
Epoch 187:  76%|███████▋  | 444/582 [00:05<00:00, 311.73it/s]
Epoch 187:  86%|████████▌ | 500/582 [00:06<00:00, 363.24it/s]
Epoch 187:  96%|█████████▌| 556/582 [00:06<00:00, 407.22it/s]
Epoch 187: 100%|██████████| 582/582 [00:06<00:00, 90.51it/s] 
Epoch 187/300: Train=0.006012  Val=0.007006  LR=3.75e-05

Epoch 188:   0%|          | 0/582 [00:00<?, ?it/s]
Epoch 188:   0%|          | 1/582 [00:04<48:06,  4.97s/it]
Epoch 188:   9%|▉         | 52/582 [00:05<00:36, 14.45it/s]
Epoch 188:  18%|█▊        | 106/582 [00:05<00:13, 34.62it/s]
Epoch 188:  28%|██▊       | 161/582 [00:05<00:06, 61.34it/s]
Epoch 188:  37%|███▋      | 214/582 [00:05<00:03, 93.71it/s]
Epoch 188:  46%|████▌     | 268/582 [00:05<00:02, 133.67it/s]
Epoch 188:  56%|█████▌    | 324/582 [00:05<00:01, 181.69it/s]
Epoch 188:  65%|██████▍   | 378/582 [00:05<00:00, 230.98it/s]
Epoch 188:  74%|███████▍  | 431/582 [00:05<00:00, 280.05it/s]
Epoch 188:  83%|████████▎ | 485/582 [00:05<00:00, 329.73it/s]
Epoch 188:  93%|█████████▎| 540/582 [00:05<00:00, 376.15it/s]
Epoch 188: 100%|██████████| 582/582 [00:06<00:00, 92.18it/s] 
Epoch 188/300: Train=0.006008  Val=0.007042  LR=3.75e-05

Epoch 189:   0%|          | 0/582 [00:00<?, ?it/s]
Epoch 189:   0%|          | 1/582 [00:04<47:44,  4.93s/it]
Epoch 189:   8%|▊         | 44/582 [00:05<00:43, 12.30it/s]
Epoch 189:  17%|█▋        | 99/582 [00:05<00:14, 33.08it/s]
Epoch 189:  27%|██▋       | 155/582 [00:05<00:07, 60.59it/s]
Epoch 189:  36%|███▌      | 208/582 [00:05<00:04, 93.21it/s]
Epoch 189:  45%|████▌     | 263/582 [00:05<00:02, 134.28it/s]
Epoch 189:  54%|█████▍    | 315/582 [00:05<00:01, 178.30it/s]
Epoch 189:  64%|██████▎   | 371/582 [00:05<00:00, 231.16it/s]
Epoch 189:  73%|███████▎  | 427/582 [00:05<00:00, 284.98it/s]
Epoch 189:  83%|████████▎ | 481/582 [00:05<00:00, 333.85it/s]
Epoch 189:  92%|█████████▏| 537/582 [00:05<00:00, 381.63it/s]
Epoch 189: 100%|██████████| 582/582 [00:06<00:00, 92.52it/s] 
Epoch 189/300: Train=0.005977  Val=0.007008  LR=3.75e-05

Epoch 190:   0%|          | 0/582 [00:00<?, ?it/s]
Epoch 190:   0%|          | 1/582 [00:04<48:05,  4.97s/it]
Epoch 190:   8%|▊         | 44/582 [00:05<00:44, 12.21it/s]
Epoch 190:  15%|█▌        | 90/582 [00:05<00:16, 29.39it/s]
Epoch 190:  25%|██▍       | 145/582 [00:05<00:07, 56.44it/s]
Epoch 190:  34%|███▍      | 198/582 [00:05<00:04, 89.10it/s]
Epoch 190:  43%|████▎     | 253/582 [00:05<00:02, 130.25it/s]
Epoch 190:  53%|█████▎    | 307/582 [00:05<00:01, 176.76it/s]
Epoch 190:  63%|██████▎   | 364/582 [00:05<00:00, 231.31it/s]
Epoch 190:  72%|███████▏  | 417/582 [00:05<00:00, 279.04it/s]
Epoch 190:  81%|████████  | 469/582 [00:05<00:00, 324.36it/s]
Epoch 190:  90%|████████▉ | 523/582 [00:05<00:00, 369.17it/s]
Epoch 190:  99%|█████████▉| 576/582 [00:06<00:00, 397.08it/s]
Epoch 190: 100%|██████████| 582/582 [00:06<00:00, 91.47it/s] 
Epoch 190/300: Train=0.006026  Val=0.007001  LR=3.75e-05

Epoch 191:   0%|          | 0/582 [00:00<?, ?it/s]
Epoch 191:   0%|          | 1/582 [00:04<47:43,  4.93s/it]
Epoch 191:   9%|▉         | 51/582 [00:05<00:37, 14.28it/s]
Epoch 191:  18%|█▊        | 106/582 [00:05<00:13, 34.99it/s]
Epoch 191:  28%|██▊       | 161/582 [00:05<00:06, 61.95it/s]
Epoch 191:  37%|███▋      | 215/582 [00:05<00:03, 95.14it/s]
Epoch 191:  47%|████▋     | 271/582 [00:05<00:02, 137.02it/s]
Epoch 191:  56%|█████▌    | 325/582 [00:05<00:01, 182.84it/s]
Epoch 191:  65%|██████▌   | 379/582 [00:05<00:00, 232.90it/s]
Epoch 191:  75%|███████▍  | 434/582 [00:05<00:00, 285.32it/s]
Epoch 191:  84%|████████▍ | 489/582 [00:05<00:00, 334.90it/s]
Epoch 191:  93%|█████████▎| 543/582 [00:05<00:00, 377.33it/s]
Epoch 191: 100%|██████████| 582/582 [00:06<00:00, 92.91it/s] 
Epoch 191/300: Train=0.005994  Val=0.007011  LR=3.75e-05

Epoch 192:   0%|          | 0/582 [00:00<?, ?it/s]
Epoch 192:   0%|          | 1/582 [00:04<47:50,  4.94s/it]
Epoch 192:   8%|▊         | 45/582 [00:05<00:42, 12.56it/s]
Epoch 192:  16%|█▋        | 96/582 [00:05<00:15, 31.76it/s]
Epoch 192:  26%|██▌       | 150/582 [00:05<00:07, 58.28it/s]
Epoch 192:  35%|███▌      | 204/582 [00:05<00:04, 91.66it/s]
Epoch 192:  45%|████▍     | 259/582 [00:05<00:02, 132.87it/s]
Epoch 192:  54%|█████▍    | 313/582 [00:05<00:01, 179.29it/s]
Epoch 192:  63%|██████▎   | 369/582 [00:05<00:00, 231.96it/s]
Epoch 192:  73%|███████▎  | 425/582 [00:05<00:00, 286.06it/s]
Epoch 192:  83%|████████▎ | 481/582 [00:05<00:00, 337.55it/s]
Epoch 192:  92%|█████████▏| 535/582 [00:05<00:00, 380.17it/s]
Epoch 192: 100%|██████████| 582/582 [00:06<00:00, 92.40it/s] 
Epoch 192/300: Train=0.006013  Val=0.006993  LR=3.75e-05

Epoch 193:   0%|          | 0/582 [00:00<?, ?it/s]
Epoch 193:   0%|          | 1/582 [00:04<47:54,  4.95s/it]
Epoch 193:   8%|▊         | 45/582 [00:05<00:42, 12.54it/s]
Epoch 193:  17%|█▋        | 101/582 [00:05<00:14, 33.62it/s]
Epoch 193:  27%|██▋       | 157/582 [00:05<00:06, 61.04it/s]
Epoch 193:  37%|███▋      | 214/582 [00:05<00:03, 96.19it/s]
Epoch 193:  46%|████▌     | 269/582 [00:05<00:02, 136.77it/s]
Epoch 193:  55%|█████▌    | 323/582 [00:05<00:01, 182.21it/s]
Epoch 193:  65%|██████▌   | 379/582 [00:05<00:00, 234.58it/s]
Epoch 193:  75%|███████▍  | 434/582 [00:05<00:00, 286.45it/s]
Epoch 193:  84%|████████▍ | 488/582 [00:05<00:00, 334.97it/s]
Epoch 193:  94%|█████████▎| 545/582 [00:05<00:00, 383.79it/s]
Epoch 193: 100%|██████████| 582/582 [00:06<00:00, 92.62it/s] 
Epoch 193/300: Train=0.005990  Val=0.007016  LR=3.75e-05

Epoch 194:   0%|          | 0/582 [00:00<?, ?it/s]
Epoch 194:   0%|          | 1/582 [00:04<47:32,  4.91s/it]
Epoch 194:   8%|▊         | 48/582 [00:05<00:39, 13.48it/s]
Epoch 194:  18%|█▊        | 104/582 [00:05<00:13, 34.68it/s]
Epoch 194:  27%|██▋       | 160/582 [00:05<00:06, 62.23it/s]
Epoch 194:  37%|███▋      | 214/582 [00:05<00:03, 95.55it/s]
Epoch 194:  46%|████▌     | 268/582 [00:05<00:02, 135.63it/s]
Epoch 194:  56%|█████▌    | 324/582 [00:05<00:01, 183.92it/s]
Epoch 194:  65%|██████▌   | 380/582 [00:05<00:00, 236.67it/s]
Epoch 194:  75%|███████▍  | 435/582 [00:05<00:00, 288.98it/s]
Epoch 194:  84%|████████▍ | 491/582 [00:05<00:00, 340.53it/s]
Epoch 194:  94%|█████████▍| 547/582 [00:05<00:00, 386.98it/s]
Epoch 194: 100%|██████████| 582/582 [00:06<00:00, 93.09it/s] 
Epoch 194/300: Train=0.005975  Val=0.007038  LR=3.75e-05

Epoch 195:   0%|          | 0/582 [00:00<?, ?it/s]
Epoch 195:   0%|          | 1/582 [00:04<47:55,  4.95s/it]
Epoch 195:   9%|▉         | 52/582 [00:05<00:36, 14.50it/s]
Epoch 195:  18%|█▊        | 106/582 [00:05<00:13, 34.72it/s]
Epoch 195:  28%|██▊       | 162/582 [00:05<00:06, 62.07it/s]
Epoch 195:  37%|███▋      | 217/582 [00:05<00:03, 95.81it/s]
Epoch 195:  47%|████▋     | 271/582 [00:05<00:02, 135.55it/s]
Epoch 195:  56%|█████▌    | 325/582 [00:05<00:01, 181.55it/s]
Epoch 195:  65%|██████▌   | 380/582 [00:05<00:00, 232.40it/s]
Epoch 195:  75%|███████▍  | 435/582 [00:05<00:00, 284.68it/s]
Epoch 195:  84%|████████▍ | 489/582 [00:05<00:00, 332.29it/s]
Epoch 195:  93%|█████████▎| 542/582 [00:05<00:00, 373.04it/s]
Epoch 195: 100%|██████████| 582/582 [00:06<00:00, 92.43it/s] 
Epoch 195/300: Train=0.005956  Val=0.007030  LR=3.75e-05

Epoch 196:   0%|          | 0/582 [00:00<?, ?it/s]
Epoch 196:   0%|          | 1/582 [00:04<47:31,  4.91s/it]
Epoch 196:   8%|▊         | 46/582 [00:05<00:41, 12.93it/s]
Epoch 196:  17%|█▋        | 97/582 [00:05<00:15, 32.20it/s]
Epoch 196:  25%|██▌       | 146/582 [00:05<00:07, 56.21it/s]
Epoch 196:  34%|███▍      | 199/582 [00:05<00:04, 89.26it/s]
Epoch 196:  44%|████▍     | 256/582 [00:05<00:02, 132.71it/s]
Epoch 196:  54%|█████▎    | 312/582 [00:05<00:01, 181.44it/s]
Epoch 196:  63%|██████▎   | 366/582 [00:05<00:00, 231.80it/s]
Epoch 196:  72%|███████▏  | 419/582 [00:05<00:00, 280.20it/s]
Epoch 196:  82%|████████▏ | 475/582 [00:05<00:00, 332.96it/s]
Epoch 196:  91%|█████████ | 530/582 [00:05<00:00, 377.95it/s]
Epoch 196: 100%|██████████| 582/582 [00:06<00:00, 92.61it/s] 
Epoch 196/300: Train=0.006025  Val=0.007058  LR=3.75e-05

Epoch 197:   0%|          | 0/582 [00:00<?, ?it/s]
Epoch 197:   0%|          | 1/582 [00:04<48:16,  4.99s/it]
Epoch 197:   9%|▉         | 51/582 [00:05<00:37, 14.12it/s]
Epoch 197:  18%|█▊        | 105/582 [00:05<00:13, 34.24it/s]
Epoch 197:  27%|██▋       | 159/582 [00:05<00:07, 60.40it/s]
Epoch 197:  37%|███▋      | 215/582 [00:05<00:03, 94.74it/s]
Epoch 197:  46%|████▋     | 270/582 [00:05<00:02, 135.50it/s]
Epoch 197:  56%|█████▋    | 328/582 [00:05<00:01, 185.48it/s]
Epoch 197:  66%|██████▌   | 383/582 [00:05<00:00, 235.87it/s]
Epoch 197:  75%|███████▌  | 437/582 [00:05<00:00, 284.35it/s]
Epoch 197:  85%|████████▍ | 492/582 [00:05<00:00, 334.27it/s]
Epoch 197:  94%|█████████▍| 546/582 [00:05<00:00, 378.18it/s]
Epoch 197: 100%|██████████| 582/582 [00:06<00:00, 92.01it/s] 
Epoch 197/300: Train=0.006018  Val=0.007023  LR=3.75e-05

Epoch 198:   0%|          | 0/582 [00:00<?, ?it/s]
Epoch 198:   0%|          | 1/582 [00:05<50:33,  5.22s/it]
Epoch 198:   9%|▉         | 51/582 [00:05<00:39, 13.50it/s]
Epoch 198:  18%|█▊        | 105/582 [00:05<00:14, 32.77it/s]
Epoch 198:  28%|██▊       | 161/582 [00:05<00:07, 58.95it/s]
Epoch 198:  37%|███▋      | 217/582 [00:05<00:03, 92.03it/s]
Epoch 198:  47%|████▋     | 275/582 [00:05<00:02, 133.96it/s]
Epoch 198:  57%|█████▋    | 330/582 [00:05<00:01, 179.39it/s]
Epoch 198:  66%|██████▌   | 385/582 [00:05<00:00, 229.55it/s]
Epoch 198:  76%|███████▌  | 440/582 [00:06<00:00, 281.46it/s]
Epoch 198:  85%|████████▌ | 497/582 [00:06<00:00, 334.44it/s]
Epoch 198:  95%|█████████▍| 552/582 [00:06<00:00, 379.13it/s]
Epoch 198: 100%|██████████| 582/582 [00:06<00:00, 88.69it/s] 
Epoch 198/300: Train=0.005992  Val=0.007026  LR=3.75e-05

Epoch 199:   0%|          | 0/582 [00:00<?, ?it/s]
Epoch 199:   0%|          | 1/582 [00:04<48:12,  4.98s/it]
Epoch 199:   8%|▊         | 48/582 [00:05<00:40, 13.30it/s]
Epoch 199:  17%|█▋        | 98/582 [00:05<00:15, 31.95it/s]
Epoch 199:  26%|██▋       | 153/582 [00:05<00:07, 58.80it/s]
Epoch 199:  36%|███▌      | 209/582 [00:05<00:04, 93.24it/s]
Epoch 199:  46%|████▌     | 265/582 [00:05<00:02, 134.81it/s]
Epoch 199:  55%|█████▍    | 320/582 [00:05<00:01, 181.51it/s]
Epoch 199:  64%|██████▍   | 372/582 [00:05<00:00, 228.26it/s]
Epoch 199:  74%|███████▎  | 428/582 [00:05<00:00, 282.25it/s]
Epoch 199:  83%|████████▎ | 483/582 [00:05<00:00, 332.05it/s]
Epoch 199:  92%|█████████▏| 537/582 [00:05<00:00, 374.85it/s]
Epoch 199: 100%|██████████| 582/582 [00:06<00:00, 91.85it/s] 
Epoch 199/300: Train=0.005988  Val=0.007021  LR=3.75e-05

Epoch 200:   0%|          | 0/582 [00:00<?, ?it/s]
Epoch 200:   0%|          | 1/582 [00:05<48:44,  5.03s/it]
Epoch 200:   8%|▊         | 44/582 [00:05<00:44, 12.05it/s]
Epoch 200:  17%|█▋        | 99/582 [00:05<00:14, 32.43it/s]
Epoch 200:  27%|██▋       | 155/582 [00:05<00:07, 59.45it/s]
Epoch 200:  36%|███▌      | 209/582 [00:05<00:04, 92.20it/s]
Epoch 200:  45%|████▌     | 263/582 [00:05<00:02, 131.85it/s]
Epoch 200:  55%|█████▍    | 319/582 [00:05<00:01, 179.61it/s]
Epoch 200:  65%|██████▍   | 376/582 [00:05<00:00, 232.91it/s]
Epoch 200:  74%|███████▍  | 430/582 [00:05<00:00, 283.13it/s]
Epoch 200:  83%|████████▎ | 485/582 [00:05<00:00, 333.23it/s]
Epoch 200:  93%|█████████▎| 541/582 [00:06<00:00, 379.97it/s]
Epoch 200: 100%|██████████| 582/582 [00:06<00:00, 91.04it/s] 
Epoch 200/300: Train=0.005992  Val=0.007046  LR=3.75e-05

Epoch 201:   0%|          | 0/582 [00:00<?, ?it/s]
Epoch 201:   0%|          | 1/582 [00:04<48:07,  4.97s/it]
Epoch 201:   8%|▊         | 44/582 [00:05<00:44, 12.21it/s]
Epoch 201:  16%|█▌        | 92/582 [00:05<00:16, 30.13it/s]
Epoch 201:  25%|██▍       | 145/582 [00:05<00:07, 56.05it/s]
Epoch 201:  34%|███▍      | 200/582 [00:05<00:04, 90.04it/s]
Epoch 201:  44%|████▎     | 254/582 [00:05<00:02, 130.22it/s]
Epoch 201:  53%|█████▎    | 310/582 [00:05<00:01, 178.75it/s]
Epoch 201:  62%|██████▏   | 361/582 [00:05<00:00, 224.26it/s]
Epoch 201:  71%|███████▏  | 415/582 [00:05<00:00, 276.08it/s]
Epoch 201:  81%|████████  | 469/582 [00:05<00:00, 326.49it/s]
Epoch 201:  90%|█████████ | 524/582 [00:05<00:00, 373.25it/s]
Epoch 201:  99%|█████████▉| 578/582 [00:06<00:00, 412.25it/s]
Epoch 201: 100%|██████████| 582/582 [00:06<00:00, 91.64it/s] 
Epoch 201/300: Train=0.005959  Val=0.007047  LR=3.75e-05

Epoch 202:   0%|          | 0/582 [00:00<?, ?it/s]
Epoch 202:   0%|          | 1/582 [00:04<47:43,  4.93s/it]
Epoch 202:   8%|▊         | 48/582 [00:05<00:39, 13.44it/s]
Epoch 202:  17%|█▋        | 97/582 [00:05<00:15, 31.87it/s]
Epoch 202:  26%|██▌       | 152/582 [00:05<00:07, 58.94it/s]
Epoch 202:  35%|███▌      | 206/582 [00:05<00:04, 92.27it/s]
Epoch 202:  45%|████▍     | 259/582 [00:05<00:02, 131.76it/s]
Epoch 202:  54%|█████▍    | 314/582 [00:05<00:01, 179.33it/s]
Epoch 202:  64%|██████▎   | 370/582 [00:05<00:00, 231.70it/s]
Epoch 202:  73%|███████▎  | 424/582 [00:05<00:00, 282.94it/s]
Epoch 202:  82%|████████▏ | 478/582 [00:05<00:00, 331.63it/s]
Epoch 202:  91%|█████████▏| 532/582 [00:05<00:00, 375.59it/s]
Epoch 202: 100%|██████████| 582/582 [00:06<00:00, 92.35it/s] 
Epoch 202/300: Train=0.005998  Val=0.007003  LR=3.75e-05

Epoch 203:   0%|          | 0/582 [00:00<?, ?it/s]
Epoch 203:   0%|          | 1/582 [00:04<47:48,  4.94s/it]
Epoch 203:   8%|▊         | 46/582 [00:05<00:41, 12.85it/s]
Epoch 203:  17%|█▋        | 97/582 [00:05<00:15, 32.04it/s]
Epoch 203:  26%|██▌       | 152/582 [00:05<00:07, 59.08it/s]
Epoch 203:  35%|███▌      | 206/582 [00:05<00:04, 92.42it/s]
Epoch 203:  45%|████▍     | 261/582 [00:05<00:02, 133.57it/s]
Epoch 203:  54%|█████▍    | 317/582 [00:05<00:01, 181.79it/s]
Epoch 203:  64%|██████▎   | 371/582 [00:05<00:00, 231.56it/s]
Epoch 203:  73%|███████▎  | 424/582 [00:05<00:00, 281.19it/s]
Epoch 203:  82%|████████▏ | 479/582 [00:05<00:00, 332.17it/s]
Epoch 203:  92%|█████████▏| 533/582 [00:05<00:00, 376.02it/s]
Epoch 203: 100%|██████████| 582/582 [00:06<00:00, 92.45it/s] 
  >>> 学习率降低: 3.75e-05 -> 1.87e-05
Epoch 203/300: Train=0.005967  Val=0.007044  LR=1.87e-05

Epoch 204:   0%|          | 0/582 [00:00<?, ?it/s]
Epoch 204:   0%|          | 1/582 [00:05<48:43,  5.03s/it]
Epoch 204:   7%|▋         | 43/582 [00:05<00:45, 11.78it/s]
Epoch 204:  15%|█▌        | 88/582 [00:05<00:17, 28.37it/s]
Epoch 204:  24%|██▎       | 137/582 [00:05<00:08, 52.07it/s]
Epoch 204:  33%|███▎      | 191/582 [00:05<00:04, 85.31it/s]
Epoch 204:  42%|████▏     | 244/582 [00:05<00:02, 124.71it/s]
Epoch 204:  51%|█████     | 296/582 [00:05<00:01, 169.00it/s]
Epoch 204:  60%|█████▉    | 348/582 [00:05<00:01, 216.96it/s]
Epoch 204:  69%|██████▉   | 403/582 [00:05<00:00, 271.36it/s]
Epoch 204:  79%|███████▊  | 457/582 [00:05<00:00, 322.45it/s]
Epoch 204:  87%|████████▋ | 509/582 [00:06<00:00, 361.56it/s]
Epoch 204:  96%|█████████▋| 561/582 [00:06<00:00, 397.45it/s]
Epoch 204: 100%|██████████| 582/582 [00:06<00:00, 90.05it/s] 
Epoch 204/300: Train=0.005972  Val=0.007019  LR=1.87e-05

Epoch 205:   0%|          | 0/582 [00:00<?, ?it/s]
Epoch 205:   0%|          | 1/582 [00:04<48:17,  4.99s/it]
Epoch 205:   9%|▉         | 52/582 [00:05<00:36, 14.40it/s]
Epoch 205:  19%|█▊        | 108/582 [00:05<00:13, 35.24it/s]
Epoch 205:  28%|██▊       | 163/582 [00:05<00:06, 61.90it/s]
Epoch 205:  38%|███▊      | 220/582 [00:05<00:03, 96.78it/s]
Epoch 205:  47%|████▋     | 276/582 [00:05<00:02, 138.11it/s]
Epoch 205:  57%|█████▋    | 331/582 [00:05<00:01, 184.76it/s]
Epoch 205:  66%|██████▋   | 387/582 [00:05<00:00, 236.03it/s]
Epoch 205:  76%|███████▌  | 441/582 [00:05<00:00, 284.88it/s]
Epoch 205:  85%|████████▌ | 497/582 [00:05<00:00, 337.24it/s]
Epoch 205:  95%|█████████▍| 552/582 [00:05<00:00, 382.59it/s]
Epoch 205: 100%|██████████| 582/582 [00:06<00:00, 92.18it/s] 
Epoch 205/300: Train=0.005997  Val=0.007013  LR=1.87e-05

Epoch 206:   0%|          | 0/582 [00:00<?, ?it/s]
Epoch 206:   0%|          | 1/582 [00:04<47:28,  4.90s/it]
Epoch 206:   6%|▌         | 36/582 [00:05<00:54, 10.10it/s]
Epoch 206:  16%|█▌        | 93/582 [00:05<00:15, 31.84it/s]
Epoch 206:  25%|██▌       | 148/582 [00:05<00:07, 59.06it/s]
Epoch 206:  35%|███▍      | 202/582 [00:05<00:04, 92.59it/s]
Epoch 206:  45%|████▍     | 259/582 [00:05<00:02, 135.67it/s]
Epoch 206:  54%|█████▍    | 315/582 [00:05<00:01, 183.72it/s]
Epoch 206:  63%|██████▎   | 367/582 [00:05<00:00, 230.24it/s]
Epoch 206:  72%|███████▏  | 419/582 [00:05<00:00, 278.48it/s]
Epoch 206:  81%|████████  | 471/582 [00:05<00:00, 324.69it/s]
Epoch 206:  91%|█████████ | 527/582 [00:05<00:00, 375.35it/s]
Epoch 206: 100%|█████████▉| 581/582 [00:06<00:00, 413.25it/s]
Epoch 206: 100%|██████████| 582/582 [00:06<00:00, 92.72it/s] 
Epoch 206/300: Train=0.005947  Val=0.007007  LR=1.87e-05

Epoch 207:   0%|          | 0/582 [00:00<?, ?it/s]
Epoch 207:   0%|          | 1/582 [00:04<47:48,  4.94s/it]
Epoch 207:   9%|▉         | 51/582 [00:05<00:37, 14.25it/s]
Epoch 207:  18%|█▊        | 104/582 [00:05<00:14, 34.13it/s]
Epoch 207:  27%|██▋       | 156/582 [00:05<00:07, 59.50it/s]
Epoch 207:  36%|███▋      | 211/582 [00:05<00:03, 93.49it/s]
Epoch 207:  46%|████▌     | 268/582 [00:05<00:02, 136.33it/s]
Epoch 207:  56%|█████▌    | 324/582 [00:05<00:01, 184.43it/s]
Epoch 207:  65%|██████▌   | 379/582 [00:05<00:00, 235.59it/s]
Epoch 207:  75%|███████▍  | 435/582 [00:05<00:00, 289.10it/s]
Epoch 207:  84%|████████▍ | 489/582 [00:05<00:00, 334.76it/s]
Epoch 207:  93%|█████████▎| 543/582 [00:05<00:00, 376.26it/s]
Epoch 207: 100%|██████████| 582/582 [00:06<00:00, 92.58it/s] 
Epoch 207/300: Train=0.005918  Val=0.007017  LR=1.87e-05

Epoch 208:   0%|          | 0/582 [00:00<?, ?it/s]
Epoch 208:   0%|          | 1/582 [00:04<47:52,  4.94s/it]
Epoch 208:   9%|▊         | 50/582 [00:05<00:38, 13.95it/s]
Epoch 208:  18%|█▊        | 106/582 [00:05<00:13, 34.98it/s]
Epoch 208:  27%|██▋       | 160/582 [00:05<00:06, 61.27it/s]
Epoch 208:  37%|███▋      | 213/582 [00:05<00:03, 93.75it/s]
Epoch 208:  46%|████▌     | 265/582 [00:05<00:02, 131.90it/s]
Epoch 208:  55%|█████▍    | 320/582 [00:05<00:01, 179.49it/s]
Epoch 208:  65%|██████▍   | 376/582 [00:05<00:00, 232.39it/s]
Epoch 208:  74%|███████▎  | 429/582 [00:05<00:00, 280.02it/s]
Epoch 208:  83%|████████▎ | 481/582 [00:05<00:00, 325.24it/s]
Epoch 208:  92%|█████████▏| 534/582 [00:05<00:00, 368.27it/s]
Epoch 208: 100%|██████████| 582/582 [00:06<00:00, 92.33it/s] 
Epoch 208/300: Train=0.005947  Val=0.007008  LR=1.87e-05

Epoch 209:   0%|          | 0/582 [00:00<?, ?it/s]
Epoch 209:   0%|          | 1/582 [00:04<47:41,  4.93s/it]
Epoch 209:   7%|▋         | 42/582 [00:05<00:45, 11.75it/s]
Epoch 209:  16%|█▌        | 92/582 [00:05<00:15, 30.64it/s]
Epoch 209:  25%|██▌       | 148/582 [00:05<00:07, 58.37it/s]
Epoch 209:  35%|███▍      | 203/582 [00:05<00:04, 92.54it/s]
Epoch 209:  45%|████▍     | 259/582 [00:05<00:02, 134.80it/s]
Epoch 209:  54%|█████▍    | 314/582 [00:05<00:01, 181.67it/s]
Epoch 209:  63%|██████▎   | 366/582 [00:05<00:00, 228.73it/s]
Epoch 209:  72%|███████▏  | 419/582 [00:05<00:00, 278.89it/s]
Epoch 209:  81%|████████▏ | 474/582 [00:05<00:00, 329.73it/s]
Epoch 209:  91%|█████████ | 528/582 [00:05<00:00, 373.25it/s]
Epoch 209: 100%|██████████| 582/582 [00:06<00:00, 92.50it/s] 
Epoch 209/300: Train=0.005936  Val=0.007015  LR=1.87e-05

Epoch 210:   0%|          | 0/582 [00:00<?, ?it/s]
Epoch 210:   0%|          | 1/582 [00:04<47:34,  4.91s/it]
Epoch 210:   9%|▊         | 50/582 [00:05<00:37, 14.04it/s]
Epoch 210:  18%|█▊        | 104/582 [00:05<00:13, 34.44it/s]
Epoch 210:  27%|██▋       | 159/582 [00:05<00:06, 61.50it/s]
Epoch 210:  37%|███▋      | 213/582 [00:05<00:03, 94.82it/s]
Epoch 210:  46%|████▌     | 269/582 [00:05<00:02, 136.70it/s]
Epoch 210:  55%|█████▍    | 320/582 [00:05<00:01, 179.20it/s]
Epoch 210:  64%|██████▍   | 373/582 [00:05<00:00, 228.10it/s]
Epoch 210:  73%|███████▎  | 427/582 [00:05<00:00, 279.19it/s]
Epoch 210:  83%|████████▎ | 482/582 [00:05<00:00, 330.53it/s]
Epoch 210:  92%|█████████▏| 535/582 [00:05<00:00, 370.20it/s]
Epoch 210: 100%|██████████| 582/582 [00:06<00:00, 92.79it/s] 
Epoch 210/300: Train=0.005966  Val=0.007015  LR=1.87e-05

Epoch 211:   0%|          | 0/582 [00:00<?, ?it/s]
Epoch 211:   0%|          | 1/582 [00:04<47:00,  4.85s/it]
Epoch 211:   9%|▉         | 51/582 [00:04<00:36, 14.49it/s]
Epoch 211:  18%|█▊        | 105/582 [00:05<00:13, 35.09it/s]
Epoch 211:  27%|██▋       | 159/582 [00:05<00:06, 61.85it/s]
Epoch 211:  37%|███▋      | 214/582 [00:05<00:03, 96.22it/s]
Epoch 211:  47%|████▋     | 271/582 [00:05<00:02, 139.27it/s]
Epoch 211:  56%|█████▌    | 327/582 [00:05<00:01, 187.35it/s]
Epoch 211:  66%|██████▌   | 382/582 [00:05<00:00, 237.87it/s]
Epoch 211:  75%|███████▍  | 436/582 [00:05<00:00, 288.44it/s]
Epoch 211:  84%|████████▍ | 491/582 [00:05<00:00, 338.27it/s]
Epoch 211:  94%|█████████▍| 547/582 [00:05<00:00, 385.29it/s]
Epoch 211: 100%|██████████| 582/582 [00:06<00:00, 94.00it/s] 
Epoch 211/300: Train=0.005985  Val=0.007019  LR=1.87e-05

Epoch 212:   0%|          | 0/582 [00:00<?, ?it/s]
Epoch 212:   0%|          | 1/582 [00:04<47:37,  4.92s/it]
Epoch 212:   8%|▊         | 44/582 [00:05<00:43, 12.34it/s]
Epoch 212:  16%|█▌        | 91/582 [00:05<00:16, 30.05it/s]
Epoch 212:  25%|██▌       | 147/582 [00:05<00:07, 57.78it/s]
Epoch 212:  34%|███▍      | 200/582 [00:05<00:04, 90.65it/s]
Epoch 212:  44%|████▍     | 256/582 [00:05<00:02, 132.86it/s]
Epoch 212:  54%|█████▎    | 312/582 [00:05<00:01, 181.66it/s]
Epoch 212:  63%|██████▎   | 368/582 [00:05<00:00, 234.42it/s]
Epoch 212:  73%|███████▎  | 423/582 [00:05<00:00, 287.05it/s]
Epoch 212:  82%|████████▏ | 477/582 [00:05<00:00, 334.43it/s]
Epoch 212:  91%|█████████ | 531/582 [00:05<00:00, 377.82it/s]
Epoch 212: 100%|██████████| 582/582 [00:06<00:00, 92.67it/s] 
Epoch 212/300: Train=0.005959  Val=0.007014  LR=1.87e-05

Epoch 213:   0%|          | 0/582 [00:00<?, ?it/s]
Epoch 213:   0%|          | 1/582 [00:04<47:48,  4.94s/it]
Epoch 213:   9%|▉         | 53/582 [00:05<00:35, 14.82it/s]
Epoch 213:  18%|█▊        | 106/582 [00:05<00:13, 34.72it/s]
Epoch 213:  28%|██▊       | 161/582 [00:05<00:06, 61.64it/s]
Epoch 213:  37%|███▋      | 217/582 [00:05<00:03, 96.21it/s]
Epoch 213:  46%|████▌     | 269/582 [00:05<00:02, 134.33it/s]
Epoch 213:  56%|█████▌    | 324/582 [00:05<00:01, 181.44it/s]
Epoch 213:  65%|██████▍   | 376/582 [00:05<00:00, 228.50it/s]
Epoch 213:  74%|███████▍  | 431/582 [00:05<00:00, 281.07it/s]
Epoch 213:  83%|████████▎ | 484/582 [00:05<00:00, 322.27it/s]
Epoch 213:  92%|█████████▏| 537/582 [00:05<00:00, 365.26it/s]
Epoch 213: 100%|██████████| 582/582 [00:06<00:00, 92.39it/s] 
Epoch 213/300: Train=0.005916  Val=0.007004  LR=1.87e-05

Epoch 214:   0%|          | 0/582 [00:00<?, ?it/s]
Epoch 214:   0%|          | 1/582 [00:04<47:24,  4.90s/it]
Epoch 214:   8%|▊         | 44/582 [00:04<00:43, 12.39it/s]
Epoch 214:  16%|█▌        | 92/582 [00:05<00:16, 30.59it/s]
Epoch 214:  25%|██▌       | 147/582 [00:05<00:07, 57.91it/s]
Epoch 214:  35%|███▍      | 201/582 [00:05<00:04, 91.63it/s]
Epoch 214:  44%|████▍     | 255/582 [00:05<00:02, 132.14it/s]
Epoch 214:  53%|█████▎    | 310/582 [00:05<00:01, 179.67it/s]
Epoch 214:  62%|██████▏   | 361/582 [00:05<00:00, 225.78it/s]
Epoch 214:  71%|███████▏  | 415/582 [00:05<00:00, 277.78it/s]
Epoch 214:  80%|████████  | 467/582 [00:05<00:00, 323.75it/s]
Epoch 214:  90%|████████▉ | 522/582 [00:05<00:00, 371.64it/s]
Epoch 214:  99%|█████████▉| 575/582 [00:06<00:00, 405.96it/s]
Epoch 214: 100%|██████████| 582/582 [00:06<00:00, 92.69it/s] 
  >>> 学习率降低: 1.87e-05 -> 9.37e-06
Epoch 214/300: Train=0.005966  Val=0.007027  LR=9.37e-06

Epoch 215:   0%|          | 0/582 [00:00<?, ?it/s]
Epoch 215:   0%|          | 1/582 [00:04<47:25,  4.90s/it]
Epoch 215:   9%|▉         | 53/582 [00:04<00:35, 14.93it/s]
Epoch 215:  19%|█▊        | 109/582 [00:05<00:13, 36.11it/s]
Epoch 215:  28%|██▊       | 164/582 [00:05<00:06, 63.15it/s]
Epoch 215:  38%|███▊      | 221/582 [00:05<00:03, 98.52it/s]
Epoch 215:  47%|████▋     | 276/582 [00:05<00:02, 139.24it/s]
Epoch 215:  57%|█████▋    | 333/582 [00:05<00:01, 188.16it/s]
Epoch 215:  67%|██████▋   | 389/582 [00:05<00:00, 240.02it/s]
Epoch 215:  76%|███████▋  | 445/582 [00:05<00:00, 292.64it/s]
Epoch 215:  86%|████████▌ | 501/582 [00:05<00:00, 343.34it/s]
Epoch 215:  96%|█████████▌| 557/582 [00:05<00:00, 389.08it/s]
Epoch 215: 100%|██████████| 582/582 [00:06<00:00, 93.70it/s] 
Epoch 215/300: Train=0.005922  Val=0.007015  LR=9.37e-06

Epoch 216:   0%|          | 0/582 [00:00<?, ?it/s]
Epoch 216:   0%|          | 1/582 [00:04<47:17,  4.88s/it]
Epoch 216:   8%|▊         | 45/582 [00:04<00:42, 12.70it/s]
Epoch 216:  16%|█▌        | 92/582 [00:05<00:16, 30.53it/s]
Epoch 216:  24%|██▍       | 141/582 [00:05<00:08, 54.72it/s]
Epoch 216:  34%|███▍      | 197/582 [00:05<00:04, 90.05it/s]
Epoch 216:  43%|████▎     | 253/582 [00:05<00:02, 132.54it/s]
Epoch 216:  53%|█████▎    | 310/582 [00:05<00:01, 182.53it/s]
Epoch 216:  63%|██████▎   | 366/582 [00:05<00:00, 235.09it/s]
Epoch 216:  73%|███████▎  | 423/582 [00:05<00:00, 291.03it/s]
Epoch 216:  82%|████████▏ | 478/582 [00:05<00:00, 340.27it/s]
Epoch 216:  92%|█████████▏| 534/582 [00:05<00:00, 386.79it/s]
Epoch 216: 100%|██████████| 582/582 [00:06<00:00, 92.95it/s] 
Epoch 216/300: Train=0.005957  Val=0.007024  LR=9.37e-06

Epoch 217:   0%|          | 0/582 [00:00<?, ?it/s]
Epoch 217:   0%|          | 1/582 [00:04<48:15,  4.98s/it]
Epoch 217:   9%|▊         | 50/582 [00:05<00:38, 13.84it/s]
Epoch 217:  18%|█▊        | 104/582 [00:05<00:14, 33.95it/s]
Epoch 217:  27%|██▋       | 159/582 [00:05<00:06, 60.66it/s]
Epoch 217:  37%|███▋      | 214/582 [00:05<00:03, 94.34it/s]
Epoch 217:  46%|████▋     | 270/582 [00:05<00:02, 135.92it/s]
Epoch 217:  56%|█████▌    | 326/582 [00:05<00:01, 183.99it/s]
Epoch 217:  65%|██████▌   | 380/582 [00:05<00:00, 233.59it/s]
Epoch 217:  75%|███████▍  | 434/582 [00:05<00:00, 282.59it/s]
Epoch 217:  84%|████████▍ | 489/582 [00:05<00:00, 333.58it/s]
Epoch 217:  94%|█████████▎| 545/582 [00:05<00:00, 381.24it/s]
Epoch 217: 100%|██████████| 582/582 [00:06<00:00, 92.04it/s] 
Epoch 217/300: Train=0.005941  Val=0.007021  LR=9.37e-06

Epoch 218:   0%|          | 0/582 [00:00<?, ?it/s]
Epoch 218:   0%|          | 1/582 [00:04<47:27,  4.90s/it]
Epoch 218:   8%|▊         | 44/582 [00:05<00:43, 12.38it/s]
Epoch 218:  16%|█▌        | 94/582 [00:05<00:15, 31.32it/s]
Epoch 218:  26%|██▌       | 149/582 [00:05<00:07, 58.58it/s]
Epoch 218:  35%|███▌      | 205/582 [00:05<00:04, 93.54it/s]
Epoch 218:  45%|████▍     | 259/582 [00:05<00:02, 134.03it/s]
Epoch 218:  54%|█████▍    | 316/582 [00:05<00:01, 183.83it/s]
Epoch 218:  64%|██████▎   | 371/582 [00:05<00:00, 234.99it/s]
Epoch 218:  74%|███████▎  | 428/582 [00:05<00:00, 290.50it/s]
Epoch 218:  83%|████████▎ | 483/582 [00:05<00:00, 339.92it/s]
Epoch 218:  93%|█████████▎| 540/582 [00:05<00:00, 388.65it/s]
Epoch 218: 100%|██████████| 582/582 [00:06<00:00, 93.24it/s] 
Epoch 218/300: Train=0.005920  Val=0.007021  LR=9.37e-06

Epoch 219:   0%|          | 0/582 [00:00<?, ?it/s]
Epoch 219:   0%|          | 1/582 [00:04<46:54,  4.84s/it]
Epoch 219:   7%|▋         | 40/582 [00:04<00:47, 11.37it/s]
Epoch 219:  15%|█▍        | 85/582 [00:05<00:17, 28.60it/s]
Epoch 219:  23%|██▎       | 134/582 [00:05<00:08, 53.09it/s]
Epoch 219:  33%|███▎      | 191/582 [00:05<00:04, 89.49it/s]
Epoch 219:  42%|████▏     | 247/582 [00:05<00:02, 132.41it/s]
Epoch 219:  52%|█████▏    | 303/582 [00:05<00:01, 181.79it/s]
Epoch 219:  62%|██████▏   | 359/582 [00:05<00:00, 235.01it/s]
Epoch 219:  71%|███████▏  | 416/582 [00:05<00:00, 290.34it/s]
Epoch 219:  81%|████████  | 471/582 [00:05<00:00, 339.82it/s]
Epoch 219:  91%|█████████ | 527/582 [00:05<00:00, 386.52it/s]
Epoch 219: 100%|██████████| 582/582 [00:05<00:00, 422.99it/s]
Epoch 219: 100%|██████████| 582/582 [00:06<00:00, 93.64it/s] 
Epoch 219/300: Train=0.005937  Val=0.007027  LR=9.37e-06

Epoch 220:   0%|          | 0/582 [00:00<?, ?it/s]
Epoch 220:   0%|          | 1/582 [00:04<46:48,  4.83s/it]
Epoch 220:   9%|▉         | 52/582 [00:04<00:35, 14.84it/s]
Epoch 220:  18%|█▊        | 105/582 [00:05<00:13, 35.13it/s]
Epoch 220:  27%|██▋       | 158/582 [00:05<00:06, 61.42it/s]
Epoch 220:  36%|███▋      | 212/582 [00:05<00:03, 95.23it/s]
Epoch 220:  46%|████▌     | 269/582 [00:05<00:02, 138.50it/s]
Epoch 220:  56%|█████▌    | 325/582 [00:05<00:01, 187.08it/s]
Epoch 220:  65%|██████▌   | 381/582 [00:05<00:00, 239.57it/s]
Epoch 220:  75%|███████▍  | 436/582 [00:05<00:00, 291.75it/s]
Epoch 220:  85%|████████▍ | 493/582 [00:05<00:00, 344.30it/s]
Epoch 220:  94%|█████████▍| 548/582 [00:05<00:00, 387.89it/s]
Epoch 220: 100%|██████████| 582/582 [00:06<00:00, 94.45it/s] 
Epoch 220/300: Train=0.005953  Val=0.007020  LR=9.37e-06

Epoch 221:   0%|          | 0/582 [00:00<?, ?it/s]
Epoch 221:   0%|          | 1/582 [00:04<46:45,  4.83s/it]
Epoch 221:   7%|▋         | 42/582 [00:04<00:45, 11.98it/s]
Epoch 221:  16%|█▌        | 91/582 [00:05<00:15, 30.81it/s]
Epoch 221:  25%|██▍       | 145/582 [00:05<00:07, 57.94it/s]
Epoch 221:  35%|███▍      | 202/582 [00:05<00:04, 94.04it/s]
Epoch 221:  44%|████▍     | 255/582 [00:05<00:02, 133.88it/s]
Epoch 221:  53%|█████▎    | 311/582 [00:05<00:01, 182.76it/s]
Epoch 221:  63%|██████▎   | 366/582 [00:05<00:00, 234.74it/s]
Epoch 221:  73%|███████▎  | 422/582 [00:05<00:00, 288.49it/s]
Epoch 221:  82%|████████▏ | 476/582 [00:05<00:00, 337.08it/s]
Epoch 221:  91%|█████████▏| 532/582 [00:05<00:00, 385.30it/s]
Epoch 221: 100%|██████████| 582/582 [00:06<00:00, 94.06it/s] 
Epoch 221/300: Train=0.005934  Val=0.007028  LR=9.37e-06

Epoch 222:   0%|          | 0/582 [00:00<?, ?it/s]
Epoch 222:   0%|          | 1/582 [00:04<47:03,  4.86s/it]
Epoch 222:   7%|▋         | 43/582 [00:04<00:44, 12.18it/s]
Epoch 222:  15%|█▌        | 88/582 [00:05<00:16, 29.31it/s]
Epoch 222:  25%|██▍       | 143/582 [00:05<00:07, 56.82it/s]
Epoch 222:  34%|███▍      | 198/582 [00:05<00:04, 91.47it/s]
Epoch 222:  44%|████▎     | 254/582 [00:05<00:02, 134.08it/s]
Epoch 222:  53%|█████▎    | 306/582 [00:05<00:01, 178.32it/s]
Epoch 222:  62%|██████▏   | 362/582 [00:05<00:00, 231.87it/s]
Epoch 222:  72%|███████▏  | 419/582 [00:05<00:00, 287.58it/s]
Epoch 222:  81%|████████▏ | 474/582 [00:05<00:00, 336.85it/s]
Epoch 222:  91%|█████████ | 530/582 [00:05<00:00, 383.22it/s]
Epoch 222: 100%|██████████| 582/582 [00:06<00:00, 93.46it/s] 
Epoch 222/300: Train=0.005989  Val=0.007028  LR=9.37e-06

Epoch 223:   0%|          | 0/582 [00:00<?, ?it/s]
Epoch 223:   0%|          | 1/582 [00:04<47:14,  4.88s/it]
Epoch 223:   8%|▊         | 47/582 [00:04<00:40, 13.28it/s]
Epoch 223:  16%|█▋        | 96/582 [00:05<00:15, 31.89it/s]
Epoch 223:  26%|██▌       | 149/582 [00:05<00:07, 58.17it/s]
Epoch 223:  35%|███▌      | 206/582 [00:05<00:04, 93.94it/s]
Epoch 223:  45%|████▍     | 260/582 [00:05<00:02, 134.39it/s]
Epoch 223:  54%|█████▍    | 315/582 [00:05<00:01, 181.93it/s]
Epoch 223:  63%|██████▎   | 368/582 [00:05<00:00, 230.96it/s]
Epoch 223:  73%|███████▎  | 425/582 [00:05<00:00, 286.79it/s]
Epoch 223:  83%|████████▎ | 481/582 [00:05<00:00, 338.75it/s]
Epoch 223:  92%|█████████▏| 537/582 [00:05<00:00, 385.94it/s]
Epoch 223: 100%|██████████| 582/582 [00:06<00:00, 93.44it/s] 
Epoch 223/300: Train=0.005962  Val=0.007031  LR=9.37e-06

Epoch 224:   0%|          | 0/582 [00:00<?, ?it/s]
Epoch 224:   0%|          | 1/582 [00:04<47:02,  4.86s/it]
Epoch 224:   8%|▊         | 45/582 [00:04<00:42, 12.76it/s]
Epoch 224:  17%|█▋        | 101/582 [00:05<00:14, 34.19it/s]
Epoch 224:  26%|██▋       | 154/582 [00:05<00:07, 60.44it/s]
Epoch 224:  36%|███▌      | 208/582 [00:05<00:03, 94.11it/s]
Epoch 224:  45%|████▌     | 264/582 [00:05<00:02, 136.62it/s]
Epoch 224:  55%|█████▍    | 319/582 [00:05<00:01, 184.09it/s]
Epoch 224:  64%|██████▍   | 374/582 [00:05<00:00, 235.46it/s]
Epoch 224:  74%|███████▎  | 429/582 [00:05<00:00, 287.27it/s]
Epoch 224:  83%|████████▎ | 484/582 [00:05<00:00, 337.92it/s]
Epoch 224:  93%|█████████▎| 540/582 [00:05<00:00, 384.60it/s]
Epoch 224: 100%|██████████| 582/582 [00:06<00:00, 93.79it/s] 
Epoch 224/300: Train=0.005928  Val=0.007026  LR=9.37e-06

Epoch 225:   0%|          | 0/582 [00:00<?, ?it/s]
Epoch 225:   0%|          | 1/582 [00:04<46:58,  4.85s/it]
Epoch 225:   8%|▊         | 44/582 [00:04<00:43, 12.50it/s]
Epoch 225:  16%|█▌        | 94/582 [00:05<00:15, 31.62it/s]
Epoch 225:  26%|██▌       | 150/582 [00:05<00:07, 59.64it/s]
Epoch 225:  36%|███▌      | 207/582 [00:05<00:03, 95.52it/s]
Epoch 225:  45%|████▍     | 260/582 [00:05<00:02, 135.21it/s]
Epoch 225:  54%|█████▍    | 315/582 [00:05<00:01, 182.89it/s]
Epoch 225:  64%|██████▎   | 371/582 [00:05<00:00, 235.90it/s]
Epoch 225:  73%|███████▎  | 427/582 [00:05<00:00, 289.83it/s]
Epoch 225:  83%|████████▎ | 483/582 [00:05<00:00, 341.36it/s]
Epoch 225:  92%|█████████▏| 538/582 [00:05<00:00, 382.29it/s]
Epoch 225: 100%|██████████| 582/582 [00:06<00:00, 93.85it/s] 
  >>> 学习率降低: 9.37e-06 -> 4.69e-06
Epoch 225/300: Train=0.005954  Val=0.007018  LR=4.69e-06

Epoch 226:   0%|          | 0/582 [00:00<?, ?it/s]
Epoch 226:   0%|          | 1/582 [00:04<47:10,  4.87s/it]
Epoch 226:   7%|▋         | 42/582 [00:04<00:45, 11.87it/s]
Epoch 226:  15%|█▌        | 88/582 [00:05<00:16, 29.38it/s]
Epoch 226:  25%|██▍       | 144/582 [00:05<00:07, 57.37it/s]
Epoch 226:  34%|███▍      | 199/582 [00:05<00:04, 91.87it/s]
Epoch 226:  44%|████▍     | 255/582 [00:05<00:02, 134.33it/s]
Epoch 226:  53%|█████▎    | 311/582 [00:05<00:01, 183.06it/s]
Epoch 226:  63%|██████▎   | 364/582 [00:05<00:00, 231.62it/s]
Epoch 226:  72%|███████▏  | 420/582 [00:05<00:00, 285.63it/s]
Epoch 226:  82%|████████▏ | 475/582 [00:05<00:00, 335.87it/s]
Epoch 226:  91%|█████████ | 530/582 [00:05<00:00, 381.62it/s]
Epoch 226: 100%|██████████| 582/582 [00:06<00:00, 93.36it/s] 
Epoch 226/300: Train=0.005965  Val=0.007012  LR=4.69e-06

Epoch 227:   0%|          | 0/582 [00:00<?, ?it/s]
Epoch 227:   0%|          | 1/582 [00:04<46:58,  4.85s/it]
Epoch 227:   8%|▊         | 46/582 [00:04<00:41, 13.06it/s]
Epoch 227:  15%|█▌        | 90/582 [00:05<00:16, 29.81it/s]
Epoch 227:  23%|██▎       | 135/582 [00:05<00:08, 52.05it/s]
Epoch 227:  33%|███▎      | 191/582 [00:05<00:04, 87.80it/s]
Epoch 227:  42%|████▏     | 245/582 [00:05<00:02, 128.88it/s]
Epoch 227:  52%|█████▏    | 301/582 [00:05<00:01, 178.37it/s]
Epoch 227:  61%|██████▏   | 357/582 [00:05<00:00, 231.95it/s]
Epoch 227:  71%|███████   | 413/582 [00:05<00:00, 286.62it/s]
Epoch 227:  81%|████████  | 469/582 [00:05<00:00, 339.40it/s]
Epoch 227:  90%|█████████ | 525/582 [00:05<00:00, 387.08it/s]
Epoch 227: 100%|█████████▉| 580/582 [00:05<00:00, 424.52it/s]
Epoch 227: 100%|██████████| 582/582 [00:06<00:00, 93.42it/s] 
Epoch 227/300: Train=0.005954  Val=0.007014  LR=4.69e-06

Epoch 228:   0%|          | 0/582 [00:00<?, ?it/s]
Epoch 228:   0%|          | 1/582 [00:04<47:09,  4.87s/it]
Epoch 228:   8%|▊         | 45/582 [00:04<00:42, 12.74it/s]
Epoch 228:  16%|█▌        | 93/582 [00:05<00:15, 30.99it/s]
Epoch 228:  25%|██▍       | 145/582 [00:05<00:07, 56.82it/s]
Epoch 228:  34%|███▍      | 200/582 [00:05<00:04, 91.32it/s]
Epoch 228:  44%|████▍     | 256/582 [00:05<00:02, 133.74it/s]
Epoch 228:  54%|█████▎    | 312/582 [00:05<00:01, 182.51it/s]
Epoch 228:  63%|██████▎   | 368/582 [00:05<00:00, 235.02it/s]
Epoch 228:  73%|███████▎  | 424/582 [00:05<00:00, 288.37it/s]
Epoch 228:  82%|████████▏ | 478/582 [00:05<00:00, 336.74it/s]
Epoch 228:  92%|█████████▏| 533/582 [00:05<00:00, 382.68it/s]
Epoch 228: 100%|██████████| 582/582 [00:06<00:00, 93.39it/s] 
Epoch 228/300: Train=0.005946  Val=0.007019  LR=4.69e-06

Epoch 229:   0%|          | 0/582 [00:00<?, ?it/s]
Epoch 229:   0%|          | 1/582 [00:04<46:58,  4.85s/it]
Epoch 229:   8%|▊         | 44/582 [00:04<00:43, 12.50it/s]
Epoch 229:  16%|█▋        | 96/582 [00:05<00:15, 32.40it/s]
Epoch 229:  26%|██▋       | 153/582 [00:05<00:07, 60.87it/s]
Epoch 229:  36%|███▌      | 208/582 [00:05<00:03, 95.23it/s]
Epoch 229:  45%|████▌     | 263/582 [00:05<00:02, 136.64it/s]
Epoch 229:  54%|█████▍    | 317/582 [00:05<00:01, 182.94it/s]
Epoch 229:  64%|██████▍   | 374/582 [00:05<00:00, 236.96it/s]
Epoch 229:  74%|███████▍  | 431/582 [00:05<00:00, 292.27it/s]
Epoch 229:  84%|████████▎ | 486/582 [00:05<00:00, 341.32it/s]
Epoch 229:  93%|█████████▎| 542/582 [00:05<00:00, 388.49it/s]
Epoch 229: 100%|██████████| 582/582 [00:06<00:00, 93.95it/s] 
Epoch 229/300: Train=0.005923  Val=0.007015  LR=4.69e-06

Epoch 230:   0%|          | 0/582 [00:00<?, ?it/s]
Epoch 230:   0%|          | 1/582 [00:04<46:57,  4.85s/it]
Epoch 230:   8%|▊         | 47/582 [00:04<00:40, 13.36it/s]
Epoch 230:  17%|█▋        | 97/582 [00:05<00:14, 32.45it/s]
Epoch 230:  26%|██▌       | 150/582 [00:05<00:07, 58.84it/s]
Epoch 230:  35%|███▌      | 206/582 [00:05<00:03, 94.09it/s]
Epoch 230:  45%|████▌     | 262/582 [00:05<00:02, 136.68it/s]
Epoch 230:  55%|█████▍    | 318/582 [00:05<00:01, 185.36it/s]
Epoch 230:  64%|██████▍   | 375/582 [00:05<00:00, 239.44it/s]
Epoch 230:  74%|███████▍  | 431/582 [00:05<00:00, 292.78it/s]
Epoch 230:  84%|████████▎ | 487/582 [00:05<00:00, 343.76it/s]
Epoch 230:  93%|█████████▎| 543/582 [00:05<00:00, 389.62it/s]
Epoch 230: 100%|██████████| 582/582 [00:06<00:00, 93.96it/s] 
Epoch 230/300: Train=0.005924  Val=0.007015  LR=4.69e-06

Epoch 231:   0%|          | 0/582 [00:00<?, ?it/s]
Epoch 231:   0%|          | 1/582 [00:04<47:02,  4.86s/it]
Epoch 231:   8%|▊         | 45/582 [00:04<00:42, 12.76it/s]
Epoch 231:  16%|█▌        | 91/582 [00:05<00:16, 30.29it/s]
Epoch 231:  24%|██▍       | 141/582 [00:05<00:07, 55.17it/s]
Epoch 231:  34%|███▍      | 197/582 [00:05<00:04, 90.63it/s]
Epoch 231:  43%|████▎     | 252/582 [00:05<00:02, 132.45it/s]
Epoch 231:  53%|█████▎    | 308/582 [00:05<00:01, 181.31it/s]
Epoch 231:  63%|██████▎   | 364/582 [00:05<00:00, 234.10it/s]
Epoch 231:  72%|███████▏  | 420/582 [00:05<00:00, 288.44it/s]
Epoch 231:  82%|████████▏ | 475/582 [00:05<00:00, 337.59it/s]
Epoch 231:  91%|█████████ | 530/582 [00:05<00:00, 382.50it/s]
Epoch 231: 100%|██████████| 582/582 [00:06<00:00, 93.50it/s] 
Epoch 231/300: Train=0.005923  Val=0.007018  LR=4.69e-06

Epoch 232:   0%|          | 0/582 [00:00<?, ?it/s]
Epoch 232:   0%|          | 1/582 [00:04<46:48,  4.83s/it]
Epoch 232:   8%|▊         | 45/582 [00:04<00:41, 12.83it/s]
Epoch 232:  17%|█▋        | 98/582 [00:05<00:14, 33.19it/s]
Epoch 232:  26%|██▋       | 154/582 [00:05<00:06, 61.22it/s]
Epoch 232:  36%|███▋      | 211/582 [00:05<00:03, 97.03it/s]
Epoch 232:  46%|████▌     | 266/582 [00:05<00:02, 138.51it/s]
Epoch 232:  55%|█████▍    | 319/582 [00:05<00:01, 183.80it/s]
Epoch 232:  64%|██████▍   | 375/582 [00:05<00:00, 236.83it/s]
Epoch 232:  74%|███████▍  | 431/582 [00:05<00:00, 290.73it/s]
Epoch 232:  84%|████████▎ | 486/582 [00:05<00:00, 340.91it/s]
Epoch 232:  93%|█████████▎| 543/582 [00:05<00:00, 389.21it/s]
Epoch 232: 100%|██████████| 582/582 [00:06<00:00, 94.30it/s] 
Epoch 232/300: Train=0.005949  Val=0.007018  LR=4.69e-06

Epoch 233:   0%|          | 0/582 [00:00<?, ?it/s]
Epoch 233:   0%|          | 1/582 [00:04<47:13,  4.88s/it]
Epoch 233:   8%|▊         | 46/582 [00:04<00:41, 13.00it/s]
Epoch 233:  16%|█▋        | 96/582 [00:05<00:15, 32.03it/s]
Epoch 233:  26%|██▋       | 153/582 [00:05<00:07, 60.43it/s]
Epoch 233:  36%|███▌      | 207/582 [00:05<00:03, 94.08it/s]
Epoch 233:  45%|████▌     | 263/582 [00:05<00:02, 136.41it/s]
Epoch 233:  55%|█████▍    | 319/582 [00:05<00:01, 184.73it/s]
Epoch 233:  65%|██████▍   | 376/582 [00:05<00:00, 238.34it/s]
Epoch 233:  74%|███████▍  | 432/582 [00:05<00:00, 291.14it/s]
Epoch 233:  84%|████████▍ | 489/582 [00:05<00:00, 343.44it/s]
Epoch 233:  94%|█████████▎| 545/582 [00:05<00:00, 389.12it/s]
Epoch 233: 100%|██████████| 582/582 [00:06<00:00, 93.52it/s] 
Epoch 233/300: Train=0.005949  Val=0.007018  LR=4.69e-06

Epoch 234:   0%|          | 0/582 [00:00<?, ?it/s]
Epoch 234:   0%|          | 1/582 [00:04<47:12,  4.88s/it]
Epoch 234:   8%|▊         | 44/582 [00:04<00:43, 12.44it/s]
Epoch 234:  16%|█▌        | 91/582 [00:05<00:16, 30.30it/s]
Epoch 234:  25%|██▌       | 147/582 [00:05<00:07, 58.26it/s]
Epoch 234:  35%|███▍      | 203/582 [00:05<00:04, 93.39it/s]
Epoch 234:  45%|████▍     | 259/582 [00:05<00:02, 135.74it/s]
Epoch 234:  54%|█████▍    | 314/582 [00:05<00:01, 183.17it/s]
Epoch 234:  63%|██████▎   | 369/582 [00:05<00:00, 234.54it/s]
Epoch 234:  73%|███████▎  | 426/582 [00:05<00:00, 290.22it/s]
Epoch 234:  82%|████████▏ | 480/582 [00:05<00:00, 336.41it/s]
Epoch 234:  92%|█████████▏| 536/582 [00:05<00:00, 383.65it/s]
Epoch 234: 100%|██████████| 582/582 [00:06<00:00, 93.41it/s] 
Epoch 234/300: Train=0.005902  Val=0.007018  LR=4.69e-06

Epoch 235:   0%|          | 0/582 [00:00<?, ?it/s]
Epoch 235:   0%|          | 1/582 [00:04<47:17,  4.88s/it]
Epoch 235:   7%|▋         | 42/582 [00:04<00:45, 11.85it/s]
Epoch 235:  15%|█▌        | 89/582 [00:05<00:16, 29.70it/s]
Epoch 235:  25%|██▍       | 144/582 [00:05<00:07, 57.15it/s]
Epoch 235:  34%|███▍      | 199/582 [00:05<00:04, 91.65it/s]
Epoch 235:  43%|████▎     | 251/582 [00:05<00:02, 130.50it/s]
Epoch 235:  53%|█████▎    | 306/582 [00:05<00:01, 178.50it/s]
Epoch 235:  62%|██████▏   | 360/582 [00:05<00:00, 229.42it/s]
Epoch 235:  71%|███████   | 413/582 [00:05<00:00, 279.31it/s]
Epoch 235:  81%|████████  | 469/582 [00:05<00:00, 332.80it/s]
Epoch 235:  90%|█████████ | 524/582 [00:05<00:00, 378.83it/s]
Epoch 235: 100%|█████████▉| 580/582 [00:05<00:00, 419.46it/s]
Epoch 235: 100%|██████████| 582/582 [00:06<00:00, 93.05it/s] 
Epoch 235/300: Train=0.005959  Val=0.007021  LR=4.69e-06

Epoch 236:   0%|          | 0/582 [00:00<?, ?it/s]
Epoch 236:   0%|          | 1/582 [00:04<46:52,  4.84s/it]
Epoch 236:   7%|▋         | 41/582 [00:04<00:46, 11.67it/s]
Epoch 236:  15%|█▍        | 85/582 [00:05<00:17, 28.49it/s]
Epoch 236:  23%|██▎       | 133/582 [00:05<00:08, 52.46it/s]
Epoch 236:  32%|███▏      | 188/582 [00:05<00:04, 87.56it/s]
Epoch 236:  42%|████▏     | 243/582 [00:05<00:02, 129.90it/s]
Epoch 236:  51%|█████▏    | 299/582 [00:05<00:01, 179.43it/s]
Epoch 236:  61%|██████    | 354/582 [00:05<00:00, 231.88it/s]
Epoch 236:  70%|███████   | 409/582 [00:05<00:00, 284.93it/s]
Epoch 236:  80%|███████▉  | 464/582 [00:05<00:00, 335.58it/s]
Epoch 236:  89%|████████▉ | 519/582 [00:05<00:00, 381.13it/s]
Epoch 236:  98%|█████████▊| 573/582 [00:05<00:00, 416.60it/s]
Epoch 236: 100%|██████████| 582/582 [00:06<00:00, 93.51it/s] 
  >>> 学习率降低: 4.69e-06 -> 2.34e-06
Epoch 236/300: Train=0.005921  Val=0.007021  LR=2.34e-06

Epoch 237:   0%|          | 0/582 [00:00<?, ?it/s]
Epoch 237:   0%|          | 1/582 [00:04<47:04,  4.86s/it]
Epoch 237:   9%|▊         | 50/582 [00:04<00:37, 14.19it/s]
Epoch 237:  18%|█▊        | 106/582 [00:05<00:13, 35.56it/s]
Epoch 237:  28%|██▊       | 162/582 [00:05<00:06, 63.35it/s]
Epoch 237:  37%|███▋      | 217/582 [00:05<00:03, 97.60it/s]
Epoch 237:  47%|████▋     | 272/582 [00:05<00:02, 138.93it/s]
Epoch 237:  57%|█████▋    | 329/582 [00:05<00:01, 188.35it/s]
Epoch 237:  66%|██████▌   | 384/582 [00:05<00:00, 239.46it/s]
Epoch 237:  75%|███████▌  | 438/582 [00:05<00:00, 288.02it/s]
Epoch 237:  85%|████████▍ | 494/582 [00:05<00:00, 339.72it/s]
Epoch 237:  95%|█████████▍| 550/582 [00:05<00:00, 386.33it/s]
Epoch 237: 100%|██████████| 582/582 [00:06<00:00, 94.04it/s] 
Epoch 237/300: Train=0.005912  Val=0.007018  LR=2.34e-06

Epoch 238:   0%|          | 0/582 [00:00<?, ?it/s]
Epoch 238:   0%|          | 1/582 [00:04<47:10,  4.87s/it]
Epoch 238:   8%|▊         | 46/582 [00:04<00:41, 13.01it/s]
Epoch 238:  17%|█▋        | 97/582 [00:05<00:14, 32.43it/s]
Epoch 238:  26%|██▋       | 153/582 [00:05<00:07, 60.32it/s]
Epoch 238:  36%|███▌      | 207/582 [00:05<00:03, 93.88it/s]
Epoch 238:  45%|████▌     | 263/582 [00:05<00:02, 136.20it/s]
Epoch 238:  55%|█████▍    | 320/582 [00:05<00:01, 185.67it/s]
Epoch 238:  65%|██████▍   | 377/582 [00:05<00:00, 239.46it/s]
Epoch 238:  74%|███████▍  | 432/582 [00:05<00:00, 290.94it/s]
Epoch 238:  84%|████████▍ | 488/582 [00:05<00:00, 342.77it/s]
Epoch 238:  93%|█████████▎| 544/582 [00:05<00:00, 388.81it/s]
Epoch 238: 100%|██████████| 582/582 [00:06<00:00, 93.75it/s] 
Epoch 238/300: Train=0.005912  Val=0.007018  LR=2.34e-06

Epoch 239:   0%|          | 0/582 [00:00<?, ?it/s]
Epoch 239:   0%|          | 1/582 [00:04<47:02,  4.86s/it]
Epoch 239:   8%|▊         | 44/582 [00:04<00:43, 12.48it/s]
Epoch 239:  15%|█▌        | 88/582 [00:05<00:16, 29.25it/s]
Epoch 239:  24%|██▍       | 142/582 [00:05<00:07, 56.28it/s]
Epoch 239:  34%|███▍      | 198/582 [00:05<00:04, 91.54it/s]
Epoch 239:  43%|████▎     | 253/582 [00:05<00:02, 133.34it/s]
Epoch 239:  53%|█████▎    | 309/582 [00:05<00:01, 182.29it/s]
Epoch 239:  63%|██████▎   | 364/582 [00:05<00:00, 233.89it/s]
Epoch 239:  72%|███████▏  | 420/582 [00:05<00:00, 288.08it/s]
Epoch 239:  82%|████████▏ | 477/582 [00:05<00:00, 341.83it/s]
Epoch 239:  92%|█████████▏| 533/582 [00:05<00:00, 387.24it/s]
Epoch 239: 100%|██████████| 582/582 [00:06<00:00, 93.60it/s] 
Epoch 239/300: Train=0.005947  Val=0.007019  LR=2.34e-06

Epoch 240:   0%|          | 0/582 [00:00<?, ?it/s]
Epoch 240:   0%|          | 1/582 [00:04<47:06,  4.86s/it]
Epoch 240:   8%|▊         | 48/582 [00:04<00:39, 13.61it/s]
Epoch 240:  17%|█▋        | 101/582 [00:05<00:14, 33.82it/s]
Epoch 240:  26%|██▋       | 154/582 [00:05<00:07, 60.10it/s]
Epoch 240:  36%|███▌      | 209/582 [00:05<00:03, 94.56it/s]
Epoch 240:  46%|████▌     | 266/582 [00:05<00:02, 137.84it/s]
Epoch 240:  55%|█████▌    | 322/582 [00:05<00:01, 186.30it/s]
Epoch 240:  65%|██████▍   | 378/582 [00:05<00:00, 238.76it/s]
Epoch 240:  74%|███████▍  | 432/582 [00:05<00:00, 289.28it/s]
Epoch 240:  84%|████████▍ | 488/582 [00:05<00:00, 340.30it/s]
Epoch 240:  93%|█████████▎| 543/582 [00:05<00:00, 384.71it/s]
Epoch 240: 100%|██████████| 582/582 [00:06<00:00, 93.87it/s] 
Epoch 240/300: Train=0.005915  Val=0.007020  LR=2.34e-06

Epoch 241:   0%|          | 0/582 [00:00<?, ?it/s]
Epoch 241:   0%|          | 1/582 [00:04<47:05,  4.86s/it]
Epoch 241:   8%|▊         | 46/582 [00:04<00:41, 13.04it/s]
Epoch 241:  17%|█▋        | 99/582 [00:05<00:14, 33.27it/s]
Epoch 241:  27%|██▋       | 155/582 [00:05<00:06, 61.17it/s]
Epoch 241:  36%|███▌      | 208/582 [00:05<00:03, 94.08it/s]
Epoch 241:  45%|████▌     | 264/582 [00:05<00:02, 136.45it/s]
Epoch 241:  55%|█████▍    | 320/582 [00:05<00:01, 185.12it/s]
Epoch 241:  65%|██████▍   | 376/582 [00:05<00:00, 237.75it/s]
Epoch 241:  74%|███████▍  | 431/582 [00:05<00:00, 290.11it/s]
Epoch 241:  84%|████████▎ | 487/582 [00:05<00:00, 341.99it/s]
Epoch 241:  93%|█████████▎| 543/582 [00:05<00:00, 388.28it/s]
Epoch 241: 100%|██████████| 582/582 [00:06<00:00, 93.84it/s] 
Epoch 241/300: Train=0.005892  Val=0.007023  LR=2.34e-06

Epoch 242:   0%|          | 0/582 [00:00<?, ?it/s]
Epoch 242:   0%|          | 1/582 [00:04<47:13,  4.88s/it]
Epoch 242:   7%|▋         | 42/582 [00:04<00:45, 11.86it/s]
Epoch 242:  15%|█▌        | 89/582 [00:05<00:16, 29.74it/s]
Epoch 242:  25%|██▍       | 145/582 [00:05<00:07, 57.68it/s]
Epoch 242:  34%|███▍      | 200/582 [00:05<00:04, 92.12it/s]
Epoch 242:  44%|████▍     | 255/582 [00:05<00:02, 133.64it/s]
Epoch 242:  53%|█████▎    | 310/582 [00:05<00:01, 181.27it/s]
Epoch 242:  63%|██████▎   | 366/582 [00:05<00:00, 233.96it/s]
Epoch 242:  72%|███████▏  | 419/582 [00:05<00:00, 283.43it/s]
Epoch 242:  81%|████████▏ | 474/582 [00:05<00:00, 334.41it/s]
Epoch 242:  91%|█████████ | 528/582 [00:05<00:00, 377.94it/s]
Epoch 242: 100%|██████████| 582/582 [00:05<00:00, 410.26it/s]
Epoch 242: 100%|██████████| 582/582 [00:06<00:00, 93.04it/s] 
Epoch 242/300: Train=0.005909  Val=0.007017  LR=2.34e-06
早停触发 (patience=50)

端到端训练完成，最佳验证损失: 0.006993
  Saved: C:\Users\Windows\Desktop\论文4\code-projectv2\results\platform1\Models\mlp_koopman\model.pth  rho=1.0847
Trajectory length: 4976 steps (predicting 4960)
  RMSE: 0.420048
  MAE:  0.224312
Plot saved: C:\Users\Windows\Desktop\论文4\code-projectv2\results\platform1\Models\mlp_koopman\test_prediction.png
Final test RMSE: 0.420048
Final test MAE:  0.224312

============================================================
Exit code: 0
Finished: 2026-05-29T13:50:05.069658
