Command: C:\Users\Windows\.conda\envs\koopman\python.exe C:\Users\Windows\Desktop\论文4\code-projectv2\scripts\train_patchtst.py --config C:\Users\Windows\Desktop\论文4\code-projectv2\configs\platform1.yaml --save_dir C:\Users\Windows\Desktop\论文4\code-projectv2\results\platform1\Models\patchtst_koopman
Started: 2026-06-05T22:58:49.597812
============================================================
============================================================
PatchTST-Koopman training
============================================================
Loaded config: C:\Users\Windows\Desktop\论文4\code-projectv2\configs\platform1.yaml
CUDA device: NVIDIA GeForce RTX 5060 Ti
PyTorch CUDA version: 12.8
Using device: cuda
Random seed set to: 42
CUDA performance: deterministic=False, cudnn.benchmark=True, amp=True, tf32=True, matmul_precision=high
Using float32 precision

============================================================
Preparing datasets
============================================================
  State normalised: mean=[ 0.09753077 -0.01582445  0.6733926   0.00189379  0.22411865 -0.00133182], std=[0.42824686 2.9804783  0.2169297  1.9343365  0.11937906 1.5706955 ]
  Control normalised: mean=[0.0345642 3.11136   1.3806984], std=[0.9186094  0.91855556 0.5460997 ]
Dataset [train]:
  Total points: 74655
  Valid samples: 74385
  Trajectories: 15
  State normalised (using training-set statistics)
  Control normalised (using training-set statistics)
Dataset [val]:
  Total points: 19909
  Valid samples: 19837
  Trajectories: 4
  State normalised (using training-set statistics)
  Control normalised (using training-set statistics)
Dataset [test]:
  Total points: 4976
  Valid samples: 4958
  Trajectories: 1

============================================================
Building model
============================================================
Total parameters: 313,722

============================================================
阶段0：初始EDMD计算（初始化Koopman矩阵）
============================================================
使用随机初始化的编码器计算初始Koopman矩阵...
步骤1：编码所有训练数据...

编码数据:   0%|          | 0/73 [00:00<?, ?it/s]
编码数据:   1%|▏         | 1/73 [00:05<06:18,  5.25s/it]
编码数据:  36%|███▌      | 26/73 [00:05<00:06,  6.79it/s]
编码数据:  60%|██████    | 44/73 [00:05<00:02, 13.10it/s]
编码数据:  92%|█████████▏| 67/73 [00:05<00:00, 23.73it/s]
编码数据: 100%|██████████| 73/73 [00:05<00:00, 13.05it/s]
  编码完成：74385 个样本
  潜在维度：64
  控制维度：3

步骤2：计算EDMD闭式解...
  Koopman矩阵A: (64, 64)
  控制矩阵B: (64, 3)
  谱半径（SVD前）: 1.0000

步骤3：SVD后处理...
  跳过SVD限制

步骤4：更新模型...
  Koopman矩阵已更新

步骤5：验证EDMD性能...
  训练集预测RMSE: 0.118452
初始Koopman矩阵已设置

============================================================
阶段1：预训练编码器和降维矩阵
============================================================
使用初始化的Koopman矩阵进行端到端训练...
注意：使用状态嵌入式编码器，解码器固定，不使用重建损失

预训练:   0%|          | 0/73 [00:00<?, ?it/s]
预训练:   1%|▏         | 1/73 [00:05<06:16,  5.22s/it]
预训练:   7%|▋         | 5/73 [00:05<00:54,  1.25it/s]
预训练:  12%|█▏        | 9/73 [00:05<00:24,  2.65it/s]
预训练:  18%|█▊        | 13/73 [00:05<00:13,  4.46it/s]
预训练:  23%|██▎       | 17/73 [00:05<00:08,  6.74it/s]
预训练:  29%|██▉       | 21/73 [00:05<00:05,  9.51it/s]
预训练:  34%|███▍      | 25/73 [00:05<00:03, 12.65it/s]
预训练:  40%|███▉      | 29/73 [00:06<00:02, 15.96it/s]
预训练:  45%|████▌     | 33/73 [00:06<00:02, 19.35it/s]
预训练:  51%|█████     | 37/73 [00:06<00:01, 22.74it/s]
预训练:  56%|█████▌    | 41/73 [00:06<00:01, 26.01it/s]
预训练:  62%|██████▏   | 45/73 [00:06<00:00, 28.49it/s]
预训练:  67%|██████▋   | 49/73 [00:06<00:00, 30.71it/s]
预训练:  73%|███████▎  | 53/73 [00:06<00:00, 32.31it/s]
预训练:  78%|███████▊  | 57/73 [00:06<00:00, 33.35it/s]
预训练:  84%|████████▎ | 61/73 [00:06<00:00, 34.47it/s]
预训练:  89%|████████▉ | 65/73 [00:06<00:00, 35.77it/s]
预训练:  95%|█████████▍| 69/73 [00:07<00:00, 36.64it/s]
预训练: 100%|██████████| 73/73 [00:07<00:00, 10.17it/s]
  [损失分解] Pred: 0.054028, Latent: 0.014867, Consistency: 0.014295, MultiX: 0.153898, MultiZ: 0.026864
Epoch 1/300: Train Loss = 0.235939, Val Loss = 0.012171, LR = 3.00e-04

预训练:   0%|          | 0/73 [00:00<?, ?it/s]
预训练:   3%|▎         | 2/73 [00:00<00:04, 17.10it/s]
预训练:   8%|▊         | 6/73 [00:00<00:02, 29.05it/s]
预训练:  14%|█▎        | 10/73 [00:00<00:01, 33.09it/s]
预训练:  19%|█▉        | 14/73 [00:00<00:01, 35.04it/s]
预训练:  25%|██▍       | 18/73 [00:00<00:01, 35.41it/s]
预训练:  30%|███       | 22/73 [00:00<00:01, 35.96it/s]
预训练:  36%|███▌      | 26/73 [00:00<00:01, 36.31it/s]
预训练:  41%|████      | 30/73 [00:00<00:01, 36.65it/s]
预训练:  47%|████▋     | 34/73 [00:00<00:01, 36.56it/s]
预训练:  52%|█████▏    | 38/73 [00:01<00:00, 36.60it/s]
预训练:  58%|█████▊    | 42/73 [00:01<00:00, 36.84it/s]
预训练:  63%|██████▎   | 46/73 [00:01<00:00, 37.11it/s]
预训练:  68%|██████▊   | 50/73 [00:01<00:00, 36.82it/s]
预训练:  74%|███████▍  | 54/73 [00:01<00:00, 36.88it/s]
预训练:  79%|███████▉  | 58/73 [00:01<00:00, 36.93it/s]
预训练:  85%|████████▍ | 62/73 [00:01<00:00, 37.38it/s]
预训练:  90%|█████████ | 66/73 [00:01<00:00, 37.07it/s]
预训练:  96%|█████████▌| 70/73 [00:01<00:00, 37.90it/s]
预训练: 100%|██████████| 73/73 [00:02<00:00, 36.33it/s]
  [损失分解] Pred: 0.022036, Latent: 0.010492, Consistency: 0.010116, MultiX: 0.058108, MultiZ: 0.015692
Epoch 2/300: Train Loss = 0.098294, Val Loss = 0.011796, LR = 3.00e-04

预训练:   0%|          | 0/73 [00:00<?, ?it/s]
预训练:   3%|▎         | 2/73 [00:00<00:03, 18.02it/s]
预训练:   8%|▊         | 6/73 [00:00<00:02, 29.40it/s]
预训练:  14%|█▎        | 10/73 [00:00<00:01, 32.52it/s]
预训练:  19%|█▉        | 14/73 [00:00<00:01, 33.80it/s]
预训练:  25%|██▍       | 18/73 [00:00<00:01, 34.87it/s]
预训练:  30%|███       | 22/73 [00:00<00:01, 35.60it/s]
预训练:  36%|███▌      | 26/73 [00:00<00:01, 35.96it/s]
预训练:  41%|████      | 30/73 [00:00<00:01, 36.30it/s]
预训练:  47%|████▋     | 34/73 [00:00<00:01, 36.53it/s]
预训练:  52%|█████▏    | 38/73 [00:01<00:00, 36.38it/s]
预训练:  58%|█████▊    | 42/73 [00:01<00:00, 36.07it/s]
预训练:  63%|██████▎   | 46/73 [00:01<00:00, 36.16it/s]
预训练:  68%|██████▊   | 50/73 [00:01<00:00, 36.42it/s]
预训练:  74%|███████▍  | 54/73 [00:01<00:00, 36.40it/s]
预训练:  79%|███████▉  | 58/73 [00:01<00:00, 36.90it/s]
预训练:  85%|████████▍ | 62/73 [00:01<00:00, 37.46it/s]
预训练:  90%|█████████ | 66/73 [00:01<00:00, 37.23it/s]
预训练:  96%|█████████▌| 70/73 [00:01<00:00, 38.02it/s]
预训练: 100%|██████████| 73/73 [00:02<00:00, 36.01it/s]
  [损失分解] Pred: 0.019485, Latent: 0.009421, Consistency: 0.009068, MultiX: 0.051541, MultiZ: 0.014091
Epoch 3/300: Train Loss = 0.087316, Val Loss = 0.011192, LR = 3.00e-04

预训练:   0%|          | 0/73 [00:00<?, ?it/s]
预训练:   4%|▍         | 3/73 [00:00<00:02, 27.52it/s]
预训练:  10%|▉         | 7/73 [00:00<00:01, 33.65it/s]
预训练:  15%|█▌        | 11/73 [00:00<00:01, 34.91it/s]
预训练:  21%|██        | 15/73 [00:00<00:01, 35.88it/s]
预训练:  26%|██▌       | 19/73 [00:00<00:01, 36.79it/s]
预训练:  32%|███▏      | 23/73 [00:00<00:01, 36.64it/s]
预训练:  37%|███▋      | 27/73 [00:00<00:01, 36.22it/s]
预训练:  42%|████▏     | 31/73 [00:00<00:01, 36.27it/s]
预训练:  48%|████▊     | 35/73 [00:00<00:01, 36.09it/s]
预训练:  53%|█████▎    | 39/73 [00:01<00:00, 36.18it/s]
预训练:  59%|█████▉    | 43/73 [00:01<00:00, 35.83it/s]
预训练:  64%|██████▍   | 47/73 [00:01<00:00, 36.29it/s]
预训练:  70%|██████▉   | 51/73 [00:01<00:00, 36.02it/s]
预训练:  75%|███████▌  | 55/73 [00:01<00:00, 36.42it/s]
预训练:  81%|████████  | 59/73 [00:01<00:00, 36.40it/s]
预训练:  86%|████████▋ | 63/73 [00:01<00:00, 37.00it/s]
预训练:  92%|█████████▏| 67/73 [00:01<00:00, 37.43it/s]
预训练:  99%|█████████▊| 72/73 [00:01<00:00, 38.19it/s]
预训练: 100%|██████████| 73/73 [00:01<00:00, 36.59it/s]
  [损失分解] Pred: 0.017496, Latent: 0.008575, Consistency: 0.008256, MultiX: 0.046550, MultiZ: 0.012831
Epoch 4/300: Train Loss = 0.078878, Val Loss = 0.010622, LR = 3.00e-04

预训练:   0%|          | 0/73 [00:00<?, ?it/s]
预训练:   4%|▍         | 3/73 [00:00<00:02, 28.57it/s]
预训练:  10%|▉         | 7/73 [00:00<00:01, 33.06it/s]
预训练:  15%|█▌        | 11/73 [00:00<00:01, 34.58it/s]
预训练:  21%|██        | 15/73 [00:00<00:01, 35.86it/s]
预训练:  26%|██▌       | 19/73 [00:00<00:01, 36.16it/s]
预训练:  32%|███▏      | 23/73 [00:00<00:01, 36.69it/s]
预训练:  37%|███▋      | 27/73 [00:00<00:01, 36.69it/s]
预训练:  42%|████▏     | 31/73 [00:00<00:01, 36.37it/s]
预训练:  48%|████▊     | 35/73 [00:00<00:01, 36.48it/s]
预训练:  53%|█████▎    | 39/73 [00:01<00:00, 36.44it/s]
预训练:  59%|█████▉    | 43/73 [00:01<00:00, 36.25it/s]
预训练:  64%|██████▍   | 47/73 [00:01<00:00, 36.49it/s]
预训练:  70%|██████▉   | 51/73 [00:01<00:00, 36.72it/s]
预训练:  75%|███████▌  | 55/73 [00:01<00:00, 36.72it/s]
预训练:  81%|████████  | 59/73 [00:01<00:00, 36.61it/s]
预训练:  86%|████████▋ | 63/73 [00:01<00:00, 37.15it/s]
预训练:  92%|█████████▏| 67/73 [00:01<00:00, 37.75it/s]
预训练:  97%|█████████▋| 71/73 [00:01<00:00, 38.40it/s]
预训练: 100%|██████████| 73/73 [00:01<00:00, 36.77it/s]
  [损失分解] Pred: 0.016086, Latent: 0.007920, Consistency: 0.007609, MultiX: 0.042964, MultiZ: 0.011887
Epoch 5/300: Train Loss = 0.072758, Val Loss = 0.010256, LR = 3.00e-04

预训练:   0%|          | 0/73 [00:00<?, ?it/s]
预训练:   4%|▍         | 3/73 [00:00<00:02, 25.64it/s]
预训练:  10%|▉         | 7/73 [00:00<00:02, 32.29it/s]
预训练:  15%|█▌        | 11/73 [00:00<00:01, 33.86it/s]
预训练:  21%|██        | 15/73 [00:00<00:01, 35.47it/s]
预训练:  26%|██▌       | 19/73 [00:00<00:01, 35.91it/s]
预训练:  32%|███▏      | 23/73 [00:00<00:01, 36.29it/s]
预训练:  37%|███▋      | 27/73 [00:00<00:01, 36.10it/s]
预训练:  42%|████▏     | 31/73 [00:00<00:01, 36.72it/s]
预训练:  48%|████▊     | 35/73 [00:00<00:01, 36.40it/s]
预训练:  53%|█████▎    | 39/73 [00:01<00:00, 36.28it/s]
预训练:  59%|█████▉    | 43/73 [00:01<00:00, 36.31it/s]
预训练:  64%|██████▍   | 47/73 [00:01<00:00, 36.63it/s]
预训练:  70%|██████▉   | 51/73 [00:01<00:00, 36.75it/s]
预训练:  75%|███████▌  | 55/73 [00:01<00:00, 37.04it/s]
预训练:  81%|████████  | 59/73 [00:01<00:00, 36.63it/s]
预训练:  86%|████████▋ | 63/73 [00:01<00:00, 36.96it/s]
预训练:  92%|█████████▏| 67/73 [00:01<00:00, 37.50it/s]
预训练:  97%|█████████▋| 71/73 [00:01<00:00, 38.00it/s]
预训练: 100%|██████████| 73/73 [00:02<00:00, 36.48it/s]
  [损失分解] Pred: 0.014878, Latent: 0.007379, Consistency: 0.007096, MultiX: 0.040284, MultiZ: 0.011108
Epoch 6/300: Train Loss = 0.067954, Val Loss = 0.009826, LR = 3.00e-04

预训练:   0%|          | 0/73 [00:00<?, ?it/s]
预训练:   4%|▍         | 3/73 [00:00<00:02, 28.30it/s]
预训练:  10%|▉         | 7/73 [00:00<00:01, 34.04it/s]
预训练:  15%|█▌        | 11/73 [00:00<00:01, 34.54it/s]
预训练:  21%|██        | 15/73 [00:00<00:01, 36.04it/s]
预训练:  26%|██▌       | 19/73 [00:00<00:01, 36.04it/s]
预训练:  32%|███▏      | 23/73 [00:00<00:01, 36.38it/s]
预训练:  37%|███▋      | 27/73 [00:00<00:01, 36.70it/s]
预训练:  42%|████▏     | 31/73 [00:00<00:01, 36.92it/s]
预训练:  48%|████▊     | 35/73 [00:00<00:01, 37.28it/s]
预训练:  53%|█████▎    | 39/73 [00:01<00:00, 36.99it/s]
预训练:  59%|█████▉    | 43/73 [00:01<00:00, 36.69it/s]
预训练:  64%|██████▍   | 47/73 [00:01<00:00, 37.43it/s]
预训练:  70%|██████▉   | 51/73 [00:01<00:00, 37.31it/s]
预训练:  75%|███████▌  | 55/73 [00:01<00:00, 37.44it/s]
预训练:  81%|████████  | 59/73 [00:01<00:00, 37.85it/s]
预训练:  88%|████████▊ | 64/73 [00:01<00:00, 38.57it/s]
预训练:  93%|█████████▎| 68/73 [00:01<00:00, 38.65it/s]
预训练:  99%|█████████▊| 72/73 [00:01<00:00, 38.85it/s]
预训练: 100%|██████████| 73/73 [00:01<00:00, 37.31it/s]
  [损失分解] Pred: 0.013974, Latent: 0.006951, Consistency: 0.006657, MultiX: 0.038101, MultiZ: 0.010476
Epoch 7/300: Train Loss = 0.064117, Val Loss = 0.009348, LR = 3.00e-04

预训练:   0%|          | 0/73 [00:00<?, ?it/s]
预训练:   4%|▍         | 3/73 [00:00<00:02, 27.78it/s]
预训练:  10%|▉         | 7/73 [00:00<00:01, 33.22it/s]
预训练:  15%|█▌        | 11/73 [00:00<00:01, 34.24it/s]
预训练:  21%|██        | 15/73 [00:00<00:01, 34.95it/s]
预训练:  26%|██▌       | 19/73 [00:00<00:01, 35.46it/s]
预训练:  32%|███▏      | 23/73 [00:00<00:01, 35.77it/s]
预训练:  37%|███▋      | 27/73 [00:00<00:01, 35.54it/s]
预训练:  42%|████▏     | 31/73 [00:00<00:01, 36.01it/s]
预训练:  48%|████▊     | 35/73 [00:00<00:01, 36.43it/s]
预训练:  53%|█████▎    | 39/73 [00:01<00:00, 36.20it/s]
预训练:  59%|█████▉    | 43/73 [00:01<00:00, 36.56it/s]
预训练:  64%|██████▍   | 47/73 [00:01<00:00, 36.50it/s]
预训练:  70%|██████▉   | 51/73 [00:01<00:00, 36.26it/s]
预训练:  75%|███████▌  | 55/73 [00:01<00:00, 37.00it/s]
预训练:  81%|████████  | 59/73 [00:01<00:00, 37.32it/s]
预训练:  86%|████████▋ | 63/73 [00:01<00:00, 38.09it/s]
预训练:  92%|█████████▏| 67/73 [00:01<00:00, 38.53it/s]
预训练:  99%|█████████▊| 72/73 [00:01<00:00, 39.14it/s]
预训练: 100%|██████████| 73/73 [00:01<00:00, 36.78it/s]
  [损失分解] Pred: 0.012983, Latent: 0.006559, Consistency: 0.006280, MultiX: 0.035751, MultiZ: 0.009891
Epoch 8/300: Train Loss = 0.060099, Val Loss = 0.009171, LR = 3.00e-04

预训练:   0%|          | 0/73 [00:00<?, ?it/s]
预训练:   4%|▍         | 3/73 [00:00<00:02, 27.52it/s]
预训练:  10%|▉         | 7/73 [00:00<00:01, 33.10it/s]
预训练:  15%|█▌        | 11/73 [00:00<00:01, 35.19it/s]
预训练:  21%|██        | 15/73 [00:00<00:01, 35.92it/s]
预训练:  26%|██▌       | 19/73 [00:00<00:01, 36.08it/s]
预训练:  32%|███▏      | 23/73 [00:00<00:01, 36.07it/s]
预训练:  37%|███▋      | 27/73 [00:00<00:01, 36.82it/s]
预训练:  42%|████▏     | 31/73 [00:00<00:01, 37.00it/s]
预训练:  48%|████▊     | 35/73 [00:00<00:01, 36.48it/s]
预训练:  53%|█████▎    | 39/73 [00:01<00:00, 36.86it/s]
预训练:  59%|█████▉    | 43/73 [00:01<00:00, 37.34it/s]
预训练:  64%|██████▍   | 47/73 [00:01<00:00, 37.46it/s]
预训练:  70%|██████▉   | 51/73 [00:01<00:00, 37.26it/s]
预训练:  75%|███████▌  | 55/73 [00:01<00:00, 36.99it/s]
预训练:  81%|████████  | 59/73 [00:01<00:00, 36.80it/s]
预训练:  86%|████████▋ | 63/73 [00:01<00:00, 37.71it/s]
预训练:  92%|█████████▏| 67/73 [00:01<00:00, 38.15it/s]
预训练:  97%|█████████▋| 71/73 [00:01<00:00, 38.46it/s]
预训练: 100%|██████████| 73/73 [00:01<00:00, 37.01it/s]
  [损失分解] Pred: 0.012307, Latent: 0.006235, Consistency: 0.005948, MultiX: 0.034406, MultiZ: 0.009442
Epoch 9/300: Train Loss = 0.057526, Val Loss = 0.008738, LR = 3.00e-04

预训练:   0%|          | 0/73 [00:00<?, ?it/s]
预训练:   4%|▍         | 3/73 [00:00<00:02, 27.27it/s]
预训练:  10%|▉         | 7/73 [00:00<00:02, 32.62it/s]
预训练:  15%|█▌        | 11/73 [00:00<00:01, 35.06it/s]
预训练:  21%|██        | 15/73 [00:00<00:01, 35.45it/s]
预训练:  26%|██▌       | 19/73 [00:00<00:01, 36.41it/s]
预训练:  32%|███▏      | 23/73 [00:00<00:01, 36.78it/s]
预训练:  37%|███▋      | 27/73 [00:00<00:01, 37.09it/s]
预训练:  42%|████▏     | 31/73 [00:00<00:01, 36.95it/s]
预训练:  48%|████▊     | 35/73 [00:00<00:01, 37.08it/s]
预训练:  53%|█████▎    | 39/73 [00:01<00:00, 36.86it/s]
预训练:  59%|█████▉    | 43/73 [00:01<00:00, 37.02it/s]
预训练:  64%|██████▍   | 47/73 [00:01<00:00, 36.78it/s]
预训练:  70%|██████▉   | 51/73 [00:01<00:00, 36.96it/s]
预训练:  75%|███████▌  | 55/73 [00:01<00:00, 37.12it/s]
预训练:  81%|████████  | 59/73 [00:01<00:00, 37.10it/s]
预训练:  86%|████████▋ | 63/73 [00:01<00:00, 37.82it/s]
预训练:  92%|█████████▏| 67/73 [00:01<00:00, 38.12it/s]
预训练:  99%|█████████▊| 72/73 [00:01<00:00, 38.86it/s]
预训练: 100%|██████████| 73/73 [00:01<00:00, 37.12it/s]
  [损失分解] Pred: 0.011846, Latent: 0.005962, Consistency: 0.005696, MultiX: 0.033299, MultiZ: 0.009060
Epoch 10/300: Train Loss = 0.055503, Val Loss = 0.009472, LR = 3.00e-04

预训练:   0%|          | 0/73 [00:00<?, ?it/s]
预训练:   4%|▍         | 3/73 [00:00<00:02, 26.32it/s]
预训练:  10%|▉         | 7/73 [00:00<00:02, 32.83it/s]
预训练:  15%|█▌        | 11/73 [00:00<00:01, 35.03it/s]
预训练:  21%|██        | 15/73 [00:00<00:01, 36.09it/s]
预训练:  26%|██▌       | 19/73 [00:00<00:01, 36.00it/s]
预训练:  32%|███▏      | 23/73 [00:00<00:01, 36.69it/s]
预训练:  37%|███▋      | 27/73 [00:00<00:01, 36.47it/s]
预训练:  42%|████▏     | 31/73 [00:00<00:01, 36.98it/s]
预训练:  48%|████▊     | 35/73 [00:00<00:01, 37.65it/s]
预训练:  53%|█████▎    | 39/73 [00:01<00:00, 37.90it/s]
预训练:  59%|█████▉    | 43/73 [00:01<00:00, 38.07it/s]
预训练:  64%|██████▍   | 47/73 [00:01<00:00, 38.08it/s]
预训练:  70%|██████▉   | 51/73 [00:01<00:00, 37.22it/s]
预训练:  75%|███████▌  | 55/73 [00:01<00:00, 36.86it/s]
预训练:  81%|████████  | 59/73 [00:01<00:00, 37.33it/s]
预训练:  88%|████████▊ | 64/73 [00:01<00:00, 38.32it/s]
预训练:  93%|█████████▎| 68/73 [00:01<00:00, 38.68it/s]
预训练:  99%|█████████▊| 72/73 [00:01<00:00, 38.62it/s]
预训练: 100%|██████████| 73/73 [00:01<00:00, 37.27it/s]
  [损失分解] Pred: 0.011198, Latent: 0.005689, Consistency: 0.005421, MultiX: 0.031754, MultiZ: 0.008647
Epoch 11/300: Train Loss = 0.052831, Val Loss = 0.008087, LR = 3.00e-04

预训练:   0%|          | 0/73 [00:00<?, ?it/s]
预训练:   4%|▍         | 3/73 [00:00<00:02, 26.55it/s]
预训练:  10%|▉         | 7/73 [00:00<00:01, 33.32it/s]
预训练:  15%|█▌        | 11/73 [00:00<00:01, 35.47it/s]
预训练:  21%|██        | 15/73 [00:00<00:01, 35.83it/s]
预训练:  26%|██▌       | 19/73 [00:00<00:01, 36.27it/s]
预训练:  32%|███▏      | 23/73 [00:00<00:01, 36.53it/s]
预训练:  37%|███▋      | 27/73 [00:00<00:01, 37.14it/s]
预训练:  42%|████▏     | 31/73 [00:00<00:01, 36.89it/s]
预训练:  48%|████▊     | 35/73 [00:00<00:01, 37.12it/s]
预训练:  53%|█████▎    | 39/73 [00:01<00:00, 36.78it/s]
预训练:  59%|█████▉    | 43/73 [00:01<00:00, 36.55it/s]
预训练:  64%|██████▍   | 47/73 [00:01<00:00, 36.29it/s]
预训练:  70%|██████▉   | 51/73 [00:01<00:00, 36.35it/s]
预训练:  75%|███████▌  | 55/73 [00:01<00:00, 36.35it/s]
预训练:  81%|████████  | 59/73 [00:01<00:00, 36.26it/s]
预训练:  86%|████████▋ | 63/73 [00:01<00:00, 37.00it/s]
预训练:  93%|█████████▎| 68/73 [00:01<00:00, 37.99it/s]
预训练:  99%|█████████▊| 72/73 [00:01<00:00, 38.44it/s]
预训练: 100%|██████████| 73/73 [00:01<00:00, 36.80it/s]
  [损失分解] Pred: 0.010673, Latent: 0.005435, Consistency: 0.005170, MultiX: 0.030488, MultiZ: 0.008274
Epoch 12/300: Train Loss = 0.050601, Val Loss = 0.007967, LR = 3.00e-04

预训练:   0%|          | 0/73 [00:00<?, ?it/s]
预训练:   4%|▍         | 3/73 [00:00<00:02, 25.86it/s]
预训练:  10%|▉         | 7/73 [00:00<00:02, 32.82it/s]
预训练:  15%|█▌        | 11/73 [00:00<00:01, 33.99it/s]
预训练:  21%|██        | 15/73 [00:00<00:01, 35.17it/s]
预训练:  26%|██▌       | 19/73 [00:00<00:01, 35.95it/s]
预训练:  32%|███▏      | 23/73 [00:00<00:01, 35.87it/s]
预训练:  37%|███▋      | 27/73 [00:00<00:01, 36.14it/s]
预训练:  42%|████▏     | 31/73 [00:00<00:01, 36.42it/s]
预训练:  48%|████▊     | 35/73 [00:00<00:01, 36.40it/s]
预训练:  53%|█████▎    | 39/73 [00:01<00:00, 36.81it/s]
预训练:  59%|█████▉    | 43/73 [00:01<00:00, 36.77it/s]
预训练:  64%|██████▍   | 47/73 [00:01<00:00, 36.34it/s]
预训练:  70%|██████▉   | 51/73 [00:01<00:00, 36.96it/s]
预训练:  75%|███████▌  | 55/73 [00:01<00:00, 37.19it/s]
预训练:  81%|████████  | 59/73 [00:01<00:00, 36.84it/s]
预训练:  86%|████████▋ | 63/73 [00:01<00:00, 37.21it/s]
预训练:  92%|█████████▏| 67/73 [00:01<00:00, 37.68it/s]
预训练:  97%|█████████▋| 71/73 [00:01<00:00, 37.91it/s]
预训练: 100%|██████████| 73/73 [00:01<00:00, 36.58it/s]
  [损失分解] Pred: 0.010400, Latent: 0.005225, Consistency: 0.004960, MultiX: 0.029825, MultiZ: 0.007991
Epoch 13/300: Train Loss = 0.049314, Val Loss = 0.007958, LR = 3.00e-04

预训练:   0%|          | 0/73 [00:00<?, ?it/s]
预训练:   4%|▍         | 3/73 [00:00<00:02, 28.30it/s]
预训练:  10%|▉         | 7/73 [00:00<00:01, 34.23it/s]
预训练:  15%|█▌        | 11/73 [00:00<00:01, 35.84it/s]
预训练:  21%|██        | 15/73 [00:00<00:01, 36.46it/s]
预训练:  26%|██▌       | 19/73 [00:00<00:01, 37.17it/s]
预训练:  32%|███▏      | 23/73 [00:00<00:01, 36.89it/s]
预训练:  37%|███▋      | 27/73 [00:00<00:01, 36.83it/s]
预训练:  42%|████▏     | 31/73 [00:00<00:01, 37.11it/s]
预训练:  48%|████▊     | 35/73 [00:00<00:01, 37.09it/s]
预训练:  53%|█████▎    | 39/73 [00:01<00:00, 36.86it/s]
预训练:  59%|█████▉    | 43/73 [00:01<00:00, 36.91it/s]
预训练:  64%|██████▍   | 47/73 [00:01<00:00, 36.34it/s]
预训练:  70%|██████▉   | 51/73 [00:01<00:00, 36.75it/s]
预训练:  75%|███████▌  | 55/73 [00:01<00:00, 36.73it/s]
预训练:  81%|████████  | 59/73 [00:01<00:00, 37.13it/s]
预训练:  86%|████████▋ | 63/73 [00:01<00:00, 37.95it/s]
预训练:  92%|█████████▏| 67/73 [00:01<00:00, 38.00it/s]
预训练:  97%|█████████▋| 71/73 [00:01<00:00, 38.13it/s]
预训练: 100%|██████████| 73/73 [00:01<00:00, 37.11it/s]
  [损失分解] Pred: 0.010092, Latent: 0.005024, Consistency: 0.004765, MultiX: 0.029241, MultiZ: 0.007722
Epoch 14/300: Train Loss = 0.048089, Val Loss = 0.008359, LR = 3.00e-04

预训练:   0%|          | 0/73 [00:00<?, ?it/s]
预训练:   4%|▍         | 3/73 [00:00<00:02, 27.52it/s]
预训练:  10%|▉         | 7/73 [00:00<00:01, 33.65it/s]
预训练:  15%|█▌        | 11/73 [00:00<00:01, 35.20it/s]
预训练:  21%|██        | 15/73 [00:00<00:01, 36.47it/s]
预训练:  26%|██▌       | 19/73 [00:00<00:01, 35.71it/s]
预训练:  32%|███▏      | 23/73 [00:00<00:01, 35.93it/s]
预训练:  37%|███▋      | 27/73 [00:00<00:01, 36.07it/s]
预训练:  42%|████▏     | 31/73 [00:00<00:01, 36.48it/s]
预训练:  48%|████▊     | 35/73 [00:00<00:01, 36.24it/s]
预训练:  53%|█████▎    | 39/73 [00:01<00:00, 36.48it/s]
预训练:  59%|█████▉    | 43/73 [00:01<00:00, 36.86it/s]
预训练:  64%|██████▍   | 47/73 [00:01<00:00, 36.65it/s]
预训练:  70%|██████▉   | 51/73 [00:01<00:00, 36.77it/s]
预训练:  75%|███████▌  | 55/73 [00:01<00:00, 37.05it/s]
预训练:  81%|████████  | 59/73 [00:01<00:00, 37.36it/s]
预训练:  86%|████████▋ | 63/73 [00:01<00:00, 37.47it/s]
预训练:  92%|█████████▏| 67/73 [00:01<00:00, 37.87it/s]
预训练:  97%|█████████▋| 71/73 [00:01<00:00, 38.16it/s]
预训练: 100%|██████████| 73/73 [00:01<00:00, 36.82it/s]
  [损失分解] Pred: 0.009846, Latent: 0.004847, Consistency: 0.004598, MultiX: 0.028463, MultiZ: 0.007454
Epoch 15/300: Train Loss = 0.046759, Val Loss = 0.007349, LR = 3.00e-04

预训练:   0%|          | 0/73 [00:00<?, ?it/s]
预训练:   3%|▎         | 2/73 [00:00<00:03, 18.69it/s]
预训练:   8%|▊         | 6/73 [00:00<00:02, 30.35it/s]
预训练:  14%|█▎        | 10/73 [00:00<00:01, 33.17it/s]
预训练:  19%|█▉        | 14/73 [00:00<00:01, 34.20it/s]
预训练:  25%|██▍       | 18/73 [00:00<00:01, 35.35it/s]
预训练:  30%|███       | 22/73 [00:00<00:01, 35.92it/s]
预训练:  36%|███▌      | 26/73 [00:00<00:01, 36.29it/s]
预训练:  41%|████      | 30/73 [00:00<00:01, 36.21it/s]
预训练:  47%|████▋     | 34/73 [00:00<00:01, 36.26it/s]
预训练:  52%|█████▏    | 38/73 [00:01<00:00, 35.88it/s]
预训练:  58%|█████▊    | 42/73 [00:01<00:00, 36.64it/s]
预训练:  63%|██████▎   | 46/73 [00:01<00:00, 36.35it/s]
预训练:  68%|██████▊   | 50/73 [00:01<00:00, 36.26it/s]
预训练:  74%|███████▍  | 54/73 [00:01<00:00, 36.84it/s]
预训练:  79%|███████▉  | 58/73 [00:01<00:00, 37.21it/s]
预训练:  85%|████████▍ | 62/73 [00:01<00:00, 38.01it/s]
预训练:  90%|█████████ | 66/73 [00:01<00:00, 38.36it/s]
预训练:  97%|█████████▋| 71/73 [00:01<00:00, 38.92it/s]
预训练: 100%|██████████| 73/73 [00:01<00:00, 36.53it/s]
  [损失分解] Pred: 0.009603, Latent: 0.004670, Consistency: 0.004425, MultiX: 0.028056, MultiZ: 0.007233
Epoch 16/300: Train Loss = 0.045823, Val Loss = 0.007400, LR = 3.00e-04

预训练:   0%|          | 0/73 [00:00<?, ?it/s]
预训练:   4%|▍         | 3/73 [00:00<00:02, 28.85it/s]
预训练:  10%|▉         | 7/73 [00:00<00:02, 32.83it/s]
预训练:  15%|█▌        | 11/73 [00:00<00:01, 35.48it/s]
预训练:  21%|██        | 15/73 [00:00<00:01, 35.58it/s]
预训练:  26%|██▌       | 19/73 [00:00<00:01, 36.59it/s]
预训练:  32%|███▏      | 23/73 [00:00<00:01, 36.91it/s]
预训练:  37%|███▋      | 27/73 [00:00<00:01, 36.61it/s]
预训练:  42%|████▏     | 31/73 [00:00<00:01, 36.25it/s]
预训练:  48%|████▊     | 35/73 [00:00<00:01, 35.78it/s]
预训练:  53%|█████▎    | 39/73 [00:01<00:00, 36.06it/s]
预训练:  59%|█████▉    | 43/73 [00:01<00:00, 36.15it/s]
预训练:  64%|██████▍   | 47/73 [00:01<00:00, 36.42it/s]
预训练:  70%|██████▉   | 51/73 [00:01<00:00, 36.91it/s]
预训练:  75%|███████▌  | 55/73 [00:01<00:00, 36.64it/s]
预训练:  81%|████████  | 59/73 [00:01<00:00, 37.07it/s]
预训练:  86%|████████▋ | 63/73 [00:01<00:00, 37.37it/s]
预训练:  92%|█████████▏| 67/73 [00:01<00:00, 38.02it/s]
预训练:  97%|█████████▋| 71/73 [00:01<00:00, 38.48it/s]
预训练: 100%|██████████| 73/73 [00:01<00:00, 36.86it/s]
  [损失分解] Pred: 0.009260, Latent: 0.004507, Consistency: 0.004264, MultiX: 0.027081, MultiZ: 0.006975
Epoch 17/300: Train Loss = 0.044214, Val Loss = 0.007708, LR = 3.00e-04

预训练:   0%|          | 0/73 [00:00<?, ?it/s]
预训练:   4%|▍         | 3/73 [00:00<00:02, 25.86it/s]
预训练:  10%|▉         | 7/73 [00:00<00:02, 32.76it/s]
预训练:  15%|█▌        | 11/73 [00:00<00:01, 34.99it/s]
预训练:  21%|██        | 15/73 [00:00<00:01, 36.33it/s]
预训练:  26%|██▌       | 19/73 [00:00<00:01, 36.84it/s]
预训练:  32%|███▏      | 23/73 [00:00<00:01, 36.57it/s]
预训练:  37%|███▋      | 27/73 [00:00<00:01, 37.18it/s]
预训练:  42%|████▏     | 31/73 [00:00<00:01, 37.24it/s]
预训练:  48%|████▊     | 35/73 [00:00<00:01, 36.96it/s]
预训练:  53%|█████▎    | 39/73 [00:01<00:00, 36.88it/s]
预训练:  59%|█████▉    | 43/73 [00:01<00:00, 36.82it/s]
预训练:  64%|██████▍   | 47/73 [00:01<00:00, 36.78it/s]
预训练:  70%|██████▉   | 51/73 [00:01<00:00, 36.86it/s]
预训练:  75%|███████▌  | 55/73 [00:01<00:00, 36.91it/s]
预训练:  81%|████████  | 59/73 [00:01<00:00, 36.95it/s]
预训练:  86%|████████▋ | 63/73 [00:01<00:00, 37.18it/s]
预训练:  92%|█████████▏| 67/73 [00:01<00:00, 37.77it/s]
预训练:  99%|█████████▊| 72/73 [00:01<00:00, 38.52it/s]
预训练: 100%|██████████| 73/73 [00:01<00:00, 37.02it/s]
  [损失分解] Pred: 0.009301, Latent: 0.004368, Consistency: 0.004134, MultiX: 0.027322, MultiZ: 0.006840
Epoch 18/300: Train Loss = 0.044294, Val Loss = 0.007314, LR = 3.00e-04

预训练:   0%|          | 0/73 [00:00<?, ?it/s]
预训练:   4%|▍         | 3/73 [00:00<00:02, 25.00it/s]
预训练:  10%|▉         | 7/73 [00:00<00:02, 32.45it/s]
预训练:  15%|█▌        | 11/73 [00:00<00:01, 34.66it/s]
预训练:  21%|██        | 15/73 [00:00<00:01, 35.21it/s]
预训练:  26%|██▌       | 19/73 [00:00<00:01, 35.98it/s]
预训练:  32%|███▏      | 23/73 [00:00<00:01, 36.45it/s]
预训练:  37%|███▋      | 27/73 [00:00<00:01, 36.87it/s]
预训练:  42%|████▏     | 31/73 [00:00<00:01, 37.36it/s]
预训练:  48%|████▊     | 35/73 [00:00<00:01, 36.72it/s]
预训练:  53%|█████▎    | 39/73 [00:01<00:00, 36.61it/s]
预训练:  59%|█████▉    | 43/73 [00:01<00:00, 37.27it/s]
预训练:  64%|██████▍   | 47/73 [00:01<00:00, 36.78it/s]
预训练:  70%|██████▉   | 51/73 [00:01<00:00, 37.06it/s]
预训练:  75%|███████▌  | 55/73 [00:01<00:00, 36.89it/s]
预训练:  81%|████████  | 59/73 [00:01<00:00, 37.25it/s]
预训练:  86%|████████▋ | 63/73 [00:01<00:00, 37.93it/s]
预训练:  93%|█████████▎| 68/73 [00:01<00:00, 38.52it/s]
预训练:  99%|█████████▊| 72/73 [00:01<00:00, 38.93it/s]
预训练: 100%|██████████| 73/73 [00:01<00:00, 37.01it/s]
  [损失分解] Pred: 0.008906, Latent: 0.004205, Consistency: 0.003975, MultiX: 0.026195, MultiZ: 0.006578
Epoch 19/300: Train Loss = 0.042479, Val Loss = 0.007013, LR = 3.00e-04

预训练:   0%|          | 0/73 [00:00<?, ?it/s]
预训练:   4%|▍         | 3/73 [00:00<00:02, 28.57it/s]
预训练:  10%|▉         | 7/73 [00:00<00:01, 34.37it/s]
预训练:  15%|█▌        | 11/73 [00:00<00:01, 36.07it/s]
预训练:  21%|██        | 15/73 [00:00<00:01, 36.06it/s]
预训练:  26%|██▌       | 19/73 [00:00<00:01, 36.29it/s]
预训练:  32%|███▏      | 23/73 [00:00<00:01, 36.78it/s]
预训练:  37%|███▋      | 27/73 [00:00<00:01, 36.97it/s]
预训练:  42%|████▏     | 31/73 [00:00<00:01, 36.99it/s]
预训练:  48%|████▊     | 35/73 [00:00<00:01, 37.12it/s]
预训练:  53%|█████▎    | 39/73 [00:01<00:00, 37.41it/s]
预训练:  59%|█████▉    | 43/73 [00:01<00:00, 36.98it/s]
预训练:  64%|██████▍   | 47/73 [00:01<00:00, 37.10it/s]
预训练:  70%|██████▉   | 51/73 [00:01<00:00, 36.67it/s]
预训练:  75%|███████▌  | 55/73 [00:01<00:00, 36.08it/s]
预训练:  81%|████████  | 59/73 [00:01<00:00, 36.56it/s]
预训练:  86%|████████▋ | 63/73 [00:01<00:00, 37.02it/s]
预训练:  92%|█████████▏| 67/73 [00:01<00:00, 37.76it/s]
预训练:  97%|█████████▋| 71/73 [00:01<00:00, 38.19it/s]
预训练: 100%|██████████| 73/73 [00:01<00:00, 37.00it/s]
  [损失分解] Pred: 0.008909, Latent: 0.004088, Consistency: 0.003865, MultiX: 0.026224, MultiZ: 0.006430
Epoch 20/300: Train Loss = 0.042324, Val Loss = 0.007000, LR = 3.00e-04

预训练:   0%|          | 0/73 [00:00<?, ?it/s]
预训练:   3%|▎         | 2/73 [00:00<00:03, 18.52it/s]
预训练:   8%|▊         | 6/73 [00:00<00:02, 29.74it/s]
预训练:  14%|█▎        | 10/73 [00:00<00:01, 33.09it/s]
预训练:  19%|█▉        | 14/73 [00:00<00:01, 34.15it/s]
预训练:  25%|██▍       | 18/73 [00:00<00:01, 34.72it/s]
预训练:  30%|███       | 22/73 [00:00<00:01, 35.72it/s]
预训练:  36%|███▌      | 26/73 [00:00<00:01, 35.72it/s]
预训练:  41%|████      | 30/73 [00:00<00:01, 36.13it/s]
预训练:  47%|████▋     | 34/73 [00:00<00:01, 36.00it/s]
预训练:  52%|█████▏    | 38/73 [00:01<00:00, 35.81it/s]
预训练:  58%|█████▊    | 42/73 [00:01<00:00, 36.48it/s]
预训练:  63%|██████▎   | 46/73 [00:01<00:00, 36.55it/s]
预训练:  68%|██████▊   | 50/73 [00:01<00:00, 36.70it/s]
预训练:  74%|███████▍  | 54/73 [00:01<00:00, 37.21it/s]
预训练:  79%|███████▉  | 58/73 [00:01<00:00, 36.78it/s]
预训练:  85%|████████▍ | 62/73 [00:01<00:00, 37.16it/s]
预训练:  92%|█████████▏| 67/73 [00:01<00:00, 38.11it/s]
预训练:  97%|█████████▋| 71/73 [00:01<00:00, 38.63it/s]
预训练: 100%|██████████| 73/73 [00:02<00:00, 36.31it/s]
  [损失分解] Pred: 0.008549, Latent: 0.003945, Consistency: 0.003720, MultiX: 0.025198, MultiZ: 0.006203
Epoch 21/300: Train Loss = 0.040681, Val Loss = 0.007009, LR = 3.00e-04

预训练:   0%|          | 0/73 [00:00<?, ?it/s]
预训练:   4%|▍         | 3/73 [00:00<00:02, 28.30it/s]
预训练:  10%|▉         | 7/73 [00:00<00:01, 33.36it/s]
预训练:  15%|█▌        | 11/73 [00:00<00:01, 35.49it/s]
预训练:  21%|██        | 15/73 [00:00<00:01, 35.84it/s]
预训练:  26%|██▌       | 19/73 [00:00<00:01, 36.64it/s]
预训练:  32%|███▏      | 23/73 [00:00<00:01, 36.66it/s]
预训练:  37%|███▋      | 27/73 [00:00<00:01, 36.02it/s]
预训练:  42%|████▏     | 31/73 [00:00<00:01, 35.72it/s]
预训练:  48%|████▊     | 35/73 [00:00<00:01, 35.52it/s]
预训练:  53%|█████▎    | 39/73 [00:01<00:00, 35.81it/s]
预训练:  59%|█████▉    | 43/73 [00:01<00:00, 36.28it/s]
预训练:  64%|██████▍   | 47/73 [00:01<00:00, 36.10it/s]
预训练:  70%|██████▉   | 51/73 [00:01<00:00, 36.28it/s]
预训练:  75%|███████▌  | 55/73 [00:01<00:00, 36.31it/s]
预训练:  81%|████████  | 59/73 [00:01<00:00, 36.22it/s]
预训练:  86%|████████▋ | 63/73 [00:01<00:00, 36.87it/s]
预训练:  92%|█████████▏| 67/73 [00:01<00:00, 37.55it/s]
预训练:  97%|█████████▋| 71/73 [00:01<00:00, 38.03it/s]
预训练: 100%|██████████| 73/73 [00:01<00:00, 36.51it/s]
  [损失分解] Pred: 0.008430, Latent: 0.003812, Consistency: 0.003595, MultiX: 0.024977, MultiZ: 0.006043
Epoch 22/300: Train Loss = 0.040132, Val Loss = 0.006915, LR = 3.00e-04

预训练:   0%|          | 0/73 [00:00<?, ?it/s]
预训练:   4%|▍         | 3/73 [00:00<00:02, 27.52it/s]
预训练:  10%|▉         | 7/73 [00:00<00:01, 33.83it/s]
预训练:  15%|█▌        | 11/73 [00:00<00:01, 35.31it/s]
预训练:  21%|██        | 15/73 [00:00<00:01, 36.40it/s]
预训练:  26%|██▌       | 19/73 [00:00<00:01, 35.65it/s]
预训练:  32%|███▏      | 23/73 [00:00<00:01, 35.24it/s]
预训练:  37%|███▋      | 27/73 [00:00<00:01, 35.50it/s]
预训练:  42%|████▏     | 31/73 [00:00<00:01, 35.57it/s]
预训练:  48%|████▊     | 35/73 [00:00<00:01, 35.51it/s]
预训练:  53%|█████▎    | 39/73 [00:01<00:00, 36.07it/s]
预训练:  59%|█████▉    | 43/73 [00:01<00:00, 36.06it/s]
预训练:  64%|██████▍   | 47/73 [00:01<00:00, 35.96it/s]
预训练:  70%|██████▉   | 51/73 [00:01<00:00, 36.58it/s]
预训练:  75%|███████▌  | 55/73 [00:01<00:00, 37.23it/s]
预训练:  81%|████████  | 59/73 [00:01<00:00, 37.38it/s]
预训练:  88%|████████▊ | 64/73 [00:01<00:00, 38.20it/s]
预训练:  93%|█████████▎| 68/73 [00:01<00:00, 38.59it/s]
预训练:  99%|█████████▊| 72/73 [00:01<00:00, 38.13it/s]
预训练: 100%|██████████| 73/73 [00:01<00:00, 36.61it/s]
  [损失分解] Pred: 0.008478, Latent: 0.003705, Consistency: 0.003486, MultiX: 0.024995, MultiZ: 0.005908
Epoch 23/300: Train Loss = 0.040022, Val Loss = 0.007157, LR = 3.00e-04

预训练:   0%|          | 0/73 [00:00<?, ?it/s]
预训练:   4%|▍         | 3/73 [00:00<00:02, 27.78it/s]
预训练:  10%|▉         | 7/73 [00:00<00:02, 32.34it/s]
预训练:  15%|█▌        | 11/73 [00:00<00:01, 34.46it/s]
预训练:  21%|██        | 15/73 [00:00<00:01, 34.59it/s]
预训练:  26%|██▌       | 19/73 [00:00<00:01, 35.34it/s]
预训练:  32%|███▏      | 23/73 [00:00<00:01, 35.79it/s]
预训练:  37%|███▋      | 27/73 [00:00<00:01, 35.98it/s]
预训练:  42%|████▏     | 31/73 [00:00<00:01, 35.79it/s]
预训练:  48%|████▊     | 35/73 [00:00<00:01, 36.27it/s]
预训练:  53%|█████▎    | 39/73 [00:01<00:00, 36.40it/s]
预训练:  59%|█████▉    | 43/73 [00:01<00:00, 36.39it/s]
预训练:  64%|██████▍   | 47/73 [00:01<00:00, 36.28it/s]
预训练:  70%|██████▉   | 51/73 [00:01<00:00, 36.71it/s]
预训练:  75%|███████▌  | 55/73 [00:01<00:00, 37.01it/s]
预训练:  81%|████████  | 59/73 [00:01<00:00, 36.92it/s]
预训练:  86%|████████▋ | 63/73 [00:01<00:00, 37.69it/s]
预训练:  92%|█████████▏| 67/73 [00:01<00:00, 37.38it/s]
预训练:  97%|█████████▋| 71/73 [00:01<00:00, 37.38it/s]
预训练: 100%|██████████| 73/73 [00:02<00:00, 36.30it/s]
  [损失分解] Pred: 0.008253, Latent: 0.003585, Consistency: 0.003377, MultiX: 0.024243, MultiZ: 0.005718
Epoch 24/300: Train Loss = 0.038836, Val Loss = 0.006622, LR = 3.00e-04

预训练:   0%|          | 0/73 [00:00<?, ?it/s]
预训练:   4%|▍         | 3/73 [00:00<00:02, 28.57it/s]
预训练:  10%|▉         | 7/73 [00:00<00:01, 33.61it/s]
预训练:  15%|█▌        | 11/73 [00:00<00:01, 35.18it/s]
预训练:  21%|██        | 15/73 [00:00<00:01, 35.40it/s]
预训练:  26%|██▌       | 19/73 [00:00<00:01, 36.23it/s]
预训练:  32%|███▏      | 23/73 [00:00<00:01, 36.16it/s]
预训练:  37%|███▋      | 27/73 [00:00<00:01, 37.23it/s]
预训练:  42%|████▏     | 31/73 [00:00<00:01, 37.50it/s]
预训练:  48%|████▊     | 35/73 [00:00<00:01, 37.03it/s]
预训练:  53%|█████▎    | 39/73 [00:01<00:00, 37.57it/s]
预训练:  59%|█████▉    | 43/73 [00:01<00:00, 37.41it/s]
预训练:  64%|██████▍   | 47/73 [00:01<00:00, 37.08it/s]
预训练:  70%|██████▉   | 51/73 [00:01<00:00, 36.86it/s]
预训练:  75%|███████▌  | 55/73 [00:01<00:00, 36.91it/s]
预训练:  81%|████████  | 59/73 [00:01<00:00, 36.59it/s]
预训练:  86%|████████▋ | 63/73 [00:01<00:00, 37.34it/s]
预训练:  92%|█████████▏| 67/73 [00:01<00:00, 37.35it/s]
预训练:  97%|█████████▋| 71/73 [00:01<00:00, 37.68it/s]
预训练: 100%|██████████| 73/73 [00:01<00:00, 36.91it/s]
  [损失分解] Pred: 0.008399, Latent: 0.003497, Consistency: 0.003294, MultiX: 0.024837, MultiZ: 0.005659
Epoch 25/300: Train Loss = 0.039461, Val Loss = 0.007322, LR = 3.00e-04

预训练:   0%|          | 0/73 [00:00<?, ?it/s]
预训练:   3%|▎         | 2/73 [00:00<00:03, 18.87it/s]
预训练:   8%|▊         | 6/73 [00:00<00:02, 30.13it/s]
预训练:  14%|█▎        | 10/73 [00:00<00:01, 33.33it/s]
预训练:  19%|█▉        | 14/73 [00:00<00:01, 34.68it/s]
预训练:  25%|██▍       | 18/73 [00:00<00:01, 35.53it/s]
预训练:  30%|███       | 22/73 [00:00<00:01, 36.04it/s]
预训练:  36%|███▌      | 26/73 [00:00<00:01, 36.93it/s]
预训练:  41%|████      | 30/73 [00:00<00:01, 37.18it/s]
预训练:  47%|████▋     | 34/73 [00:00<00:01, 37.25it/s]
预训练:  52%|█████▏    | 38/73 [00:01<00:00, 37.73it/s]
预训练:  58%|█████▊    | 42/73 [00:01<00:00, 37.30it/s]
预训练:  63%|██████▎   | 46/73 [00:01<00:00, 37.11it/s]
预训练:  68%|██████▊   | 50/73 [00:01<00:00, 36.88it/s]
预训练:  74%|███████▍  | 54/73 [00:01<00:00, 37.14it/s]
预训练:  79%|███████▉  | 58/73 [00:01<00:00, 37.11it/s]
预训练:  85%|████████▍ | 62/73 [00:01<00:00, 37.33it/s]
预训练:  90%|█████████ | 66/73 [00:01<00:00, 37.77it/s]
预训练:  96%|█████████▌| 70/73 [00:01<00:00, 37.98it/s]
预训练: 100%|██████████| 73/73 [00:01<00:00, 36.69it/s]
  [损失分解] Pred: 0.008031, Latent: 0.003368, Consistency: 0.003164, MultiX: 0.023669, MultiZ: 0.005433
Epoch 26/300: Train Loss = 0.037683, Val Loss = 0.006849, LR = 3.00e-04

预训练:   0%|          | 0/73 [00:00<?, ?it/s]
预训练:   4%|▍         | 3/73 [00:00<00:02, 25.21it/s]
预训练:  10%|▉         | 7/73 [00:00<00:02, 32.39it/s]
预训练:  15%|█▌        | 11/73 [00:00<00:01, 34.49it/s]
预训练:  21%|██        | 15/73 [00:00<00:01, 35.61it/s]
预训练:  26%|██▌       | 19/73 [00:00<00:01, 36.12it/s]
预训练:  32%|███▏      | 23/73 [00:00<00:01, 36.78it/s]
预训练:  37%|███▋      | 27/73 [00:00<00:01, 36.53it/s]
预训练:  42%|████▏     | 31/73 [00:00<00:01, 36.91it/s]
预训练:  48%|████▊     | 35/73 [00:00<00:01, 36.63it/s]
预训练:  53%|█████▎    | 39/73 [00:01<00:00, 36.86it/s]
预训练:  59%|█████▉    | 43/73 [00:01<00:00, 36.20it/s]
预训练:  64%|██████▍   | 47/73 [00:01<00:00, 36.65it/s]
预训练:  70%|██████▉   | 51/73 [00:01<00:00, 36.87it/s]
预训练:  75%|███████▌  | 55/73 [00:01<00:00, 37.34it/s]
预训练:  81%|████████  | 59/73 [00:01<00:00, 37.35it/s]
预训练:  86%|████████▋ | 63/73 [00:01<00:00, 38.11it/s]
预训练:  92%|█████████▏| 67/73 [00:01<00:00, 38.55it/s]
预训练:  97%|█████████▋| 71/73 [00:01<00:00, 38.86it/s]
预训练: 100%|██████████| 73/73 [00:01<00:00, 36.96it/s]
  [损失分解] Pred: 0.007884, Latent: 0.003257, Consistency: 0.003058, MultiX: 0.023221, MultiZ: 0.005282
Epoch 27/300: Train Loss = 0.036904, Val Loss = 0.006737, LR = 3.00e-04

预训练:   0%|          | 0/73 [00:00<?, ?it/s]
预训练:   4%|▍         | 3/73 [00:00<00:02, 26.09it/s]
预训练:  10%|▉         | 7/73 [00:00<00:02, 32.53it/s]
预训练:  15%|█▌        | 11/73 [00:00<00:01, 34.28it/s]
预训练:  21%|██        | 15/73 [00:00<00:01, 34.98it/s]
预训练:  26%|██▌       | 19/73 [00:00<00:01, 35.63it/s]
预训练:  32%|███▏      | 23/73 [00:00<00:01, 36.33it/s]
预训练:  37%|███▋      | 27/73 [00:00<00:01, 36.34it/s]
预训练:  42%|████▏     | 31/73 [00:00<00:01, 37.33it/s]
预训练:  48%|████▊     | 35/73 [00:00<00:01, 36.91it/s]
预训练:  53%|█████▎    | 39/73 [00:01<00:00, 36.74it/s]
预训练:  59%|█████▉    | 43/73 [00:01<00:00, 36.42it/s]
预训练:  64%|██████▍   | 47/73 [00:01<00:00, 36.00it/s]
预训练:  70%|██████▉   | 51/73 [00:01<00:00, 36.61it/s]
预训练:  75%|███████▌  | 55/73 [00:01<00:00, 37.15it/s]
预训练:  81%|████████  | 59/73 [00:01<00:00, 37.64it/s]
预训练:  88%|████████▊ | 64/73 [00:01<00:00, 38.44it/s]
预训练:  93%|█████████▎| 68/73 [00:01<00:00, 38.76it/s]
预训练:  99%|█████████▊| 72/73 [00:01<00:00, 39.11it/s]
预训练: 100%|██████████| 73/73 [00:01<00:00, 36.97it/s]
  [损失分解] Pred: 0.007898, Latent: 0.003167, Consistency: 0.002972, MultiX: 0.023275, MultiZ: 0.005183
Epoch 28/300: Train Loss = 0.036835, Val Loss = 0.006419, LR = 3.00e-04

预训练:   0%|          | 0/73 [00:00<?, ?it/s]
预训练:   4%|▍         | 3/73 [00:00<00:02, 27.52it/s]
预训练:  10%|▉         | 7/73 [00:00<00:02, 32.92it/s]
预训练:  15%|█▌        | 11/73 [00:00<00:01, 34.84it/s]
预训练:  21%|██        | 15/73 [00:00<00:01, 36.10it/s]
预训练:  26%|██▌       | 19/73 [00:00<00:01, 36.44it/s]
预训练:  32%|███▏      | 23/73 [00:00<00:01, 36.53it/s]
预训练:  37%|███▋      | 27/73 [00:00<00:01, 36.26it/s]
预训练:  42%|████▏     | 31/73 [00:00<00:01, 36.93it/s]
预训练:  48%|████▊     | 35/73 [00:00<00:01, 36.44it/s]
预训练:  53%|█████▎    | 39/73 [00:01<00:00, 36.94it/s]
预训练:  59%|█████▉    | 43/73 [00:01<00:00, 37.07it/s]
预训练:  64%|██████▍   | 47/73 [00:01<00:00, 37.17it/s]
预训练:  70%|██████▉   | 51/73 [00:01<00:00, 37.23it/s]
预训练:  75%|███████▌  | 55/73 [00:01<00:00, 37.17it/s]
预训练:  81%|████████  | 59/73 [00:01<00:00, 37.34it/s]
预训练:  86%|████████▋ | 63/73 [00:01<00:00, 37.89it/s]
预训练:  93%|█████████▎| 68/73 [00:01<00:00, 38.60it/s]
预训练: 100%|██████████| 73/73 [00:01<00:00, 39.36it/s]
预训练: 100%|██████████| 73/73 [00:01<00:00, 37.12it/s]
  [损失分解] Pred: 0.007848, Latent: 0.003081, Consistency: 0.002888, MultiX: 0.023171, MultiZ: 0.005080
Epoch 29/300: Train Loss = 0.036544, Val Loss = 0.006750, LR = 3.00e-04

预训练:   0%|          | 0/73 [00:00<?, ?it/s]
预训练:   4%|▍         | 3/73 [00:00<00:02, 27.27it/s]
预训练:  10%|▉         | 7/73 [00:00<00:01, 33.33it/s]
预训练:  15%|█▌        | 11/73 [00:00<00:01, 34.44it/s]
预训练:  21%|██        | 15/73 [00:00<00:01, 35.98it/s]
预训练:  26%|██▌       | 19/73 [00:00<00:01, 36.36it/s]
预训练:  32%|███▏      | 23/73 [00:00<00:01, 36.59it/s]
预训练:  37%|███▋      | 27/73 [00:00<00:01, 36.41it/s]
预训练:  42%|████▏     | 31/73 [00:00<00:01, 36.29it/s]
预训练:  48%|████▊     | 35/73 [00:00<00:01, 36.94it/s]
预训练:  53%|█████▎    | 39/73 [00:01<00:00, 36.76it/s]
预训练:  59%|█████▉    | 43/73 [00:01<00:00, 36.64it/s]
预训练:  64%|██████▍   | 47/73 [00:01<00:00, 37.07it/s]
预训练:  70%|██████▉   | 51/73 [00:01<00:00, 36.85it/s]
预训练:  75%|███████▌  | 55/73 [00:01<00:00, 36.60it/s]
预训练:  81%|████████  | 59/73 [00:01<00:00, 36.53it/s]
预训练:  86%|████████▋ | 63/73 [00:01<00:00, 36.99it/s]
预训练:  92%|█████████▏| 67/73 [00:01<00:00, 37.15it/s]
预训练:  97%|█████████▋| 71/73 [00:01<00:00, 37.85it/s]
预训练: 100%|██████████| 73/73 [00:01<00:00, 36.73it/s]
  [损失分解] Pred: 0.007612, Latent: 0.002975, Consistency: 0.002783, MultiX: 0.022286, MultiZ: 0.004895
Epoch 30/300: Train Loss = 0.035224, Val Loss = 0.006349, LR = 3.00e-04

预训练:   0%|          | 0/73 [00:00<?, ?it/s]
预训练:   4%|▍         | 3/73 [00:00<00:02, 28.30it/s]
预训练:  10%|▉         | 7/73 [00:00<00:02, 32.94it/s]
预训练:  15%|█▌        | 11/73 [00:00<00:01, 34.08it/s]
预训练:  21%|██        | 15/73 [00:00<00:01, 34.73it/s]
预训练:  26%|██▌       | 19/73 [00:00<00:01, 36.02it/s]
预训练:  32%|███▏      | 23/73 [00:00<00:01, 36.14it/s]
预训练:  37%|███▋      | 27/73 [00:00<00:01, 36.54it/s]
预训练:  42%|████▏     | 31/73 [00:00<00:01, 36.81it/s]
预训练:  48%|████▊     | 35/73 [00:00<00:01, 36.35it/s]
预训练:  53%|█████▎    | 39/73 [00:01<00:00, 36.60it/s]
预训练:  59%|█████▉    | 43/73 [00:01<00:00, 37.04it/s]
预训练:  64%|██████▍   | 47/73 [00:01<00:00, 37.79it/s]
预训练:  70%|██████▉   | 51/73 [00:01<00:00, 37.45it/s]
预训练:  75%|███████▌  | 55/73 [00:01<00:00, 37.43it/s]
预训练:  81%|████████  | 59/73 [00:01<00:00, 37.63it/s]
预训练:  86%|████████▋ | 63/73 [00:01<00:00, 37.88it/s]
预训练:  92%|█████████▏| 67/73 [00:01<00:00, 38.27it/s]
预训练:  97%|█████████▋| 71/73 [00:01<00:00, 38.66it/s]
预训练: 100%|██████████| 73/73 [00:01<00:00, 37.02it/s]
  [损失分解] Pred: 0.007532, Latent: 0.002882, Consistency: 0.002688, MultiX: 0.022176, MultiZ: 0.004786
Epoch 31/300: Train Loss = 0.034886, Val Loss = 0.006265, LR = 3.00e-04

预训练:   0%|          | 0/73 [00:00<?, ?it/s]
预训练:   3%|▎         | 2/73 [00:00<00:03, 18.02it/s]
预训练:   8%|▊         | 6/73 [00:00<00:02, 29.40it/s]
预训练:  14%|█▎        | 10/73 [00:00<00:01, 32.47it/s]
预训练:  19%|█▉        | 14/73 [00:00<00:01, 33.77it/s]
预训练:  25%|██▍       | 18/73 [00:00<00:01, 34.70it/s]
预训练:  30%|███       | 22/73 [00:00<00:01, 35.49it/s]
预训练:  36%|███▌      | 26/73 [00:00<00:01, 35.88it/s]
预训练:  41%|████      | 30/73 [00:00<00:01, 36.35it/s]
预训练:  47%|████▋     | 34/73 [00:00<00:01, 36.57it/s]
预训练:  52%|█████▏    | 38/73 [00:01<00:00, 36.71it/s]
预训练:  58%|█████▊    | 42/73 [00:01<00:00, 36.71it/s]
预训练:  63%|██████▎   | 46/73 [00:01<00:00, 36.60it/s]
预训练:  68%|██████▊   | 50/73 [00:01<00:00, 36.63it/s]
预训练:  74%|███████▍  | 54/73 [00:01<00:00, 36.55it/s]
预训练:  79%|███████▉  | 58/73 [00:01<00:00, 36.70it/s]
预训练:  85%|████████▍ | 62/73 [00:01<00:00, 37.63it/s]
预训练:  92%|█████████▏| 67/73 [00:01<00:00, 38.43it/s]
预训练:  97%|█████████▋| 71/73 [00:01<00:00, 38.65it/s]
预训练: 100%|██████████| 73/73 [00:02<00:00, 36.37it/s]
  [损失分解] Pred: 0.007540, Latent: 0.002802, Consistency: 0.002617, MultiX: 0.021974, MultiZ: 0.004681
Epoch 32/300: Train Loss = 0.034564, Val Loss = 0.007254, LR = 3.00e-04

预训练:   0%|          | 0/73 [00:00<?, ?it/s]
预训练:   3%|▎         | 2/73 [00:00<00:03, 18.02it/s]
预训练:   8%|▊         | 6/73 [00:00<00:02, 28.77it/s]
预训练:  14%|█▎        | 10/73 [00:00<00:01, 32.10it/s]
预训练:  19%|█▉        | 14/73 [00:00<00:01, 33.77it/s]
预训练:  25%|██▍       | 18/73 [00:00<00:01, 34.59it/s]
预训练:  30%|███       | 22/73 [00:00<00:01, 35.09it/s]
预训练:  36%|███▌      | 26/73 [00:00<00:01, 35.40it/s]
预训练:  41%|████      | 30/73 [00:00<00:01, 36.02it/s]
预训练:  47%|████▋     | 34/73 [00:00<00:01, 35.92it/s]
预训练:  52%|█████▏    | 38/73 [00:01<00:00, 36.10it/s]
预训练:  58%|█████▊    | 42/73 [00:01<00:00, 35.68it/s]
预训练:  63%|██████▎   | 46/73 [00:01<00:00, 36.39it/s]
预训练:  68%|██████▊   | 50/73 [00:01<00:00, 36.58it/s]
预训练:  74%|███████▍  | 54/73 [00:01<00:00, 36.92it/s]
预训练:  79%|███████▉  | 58/73 [00:01<00:00, 36.55it/s]
预训练:  85%|████████▍ | 62/73 [00:01<00:00, 36.70it/s]
预训练:  90%|█████████ | 66/73 [00:01<00:00, 36.93it/s]
预训练:  96%|█████████▌| 70/73 [00:01<00:00, 37.69it/s]
预训练: 100%|██████████| 73/73 [00:02<00:00, 35.76it/s]
  [损失分解] Pred: 0.007461, Latent: 0.002723, Consistency: 0.002533, MultiX: 0.021918, MultiZ: 0.004589
Epoch 33/300: Train Loss = 0.034302, Val Loss = 0.006365, LR = 3.00e-04

预训练:   0%|          | 0/73 [00:00<?, ?it/s]
预训练:   4%|▍         | 3/73 [00:00<00:02, 26.79it/s]
预训练:  10%|▉         | 7/73 [00:00<00:01, 33.81it/s]
预训练:  15%|█▌        | 11/73 [00:00<00:01, 36.23it/s]
预训练:  21%|██        | 15/73 [00:00<00:01, 36.15it/s]
预训练:  26%|██▌       | 19/73 [00:00<00:01, 36.47it/s]
预训练:  32%|███▏      | 23/73 [00:00<00:01, 36.55it/s]
预训练:  37%|███▋      | 27/73 [00:00<00:01, 36.05it/s]
预训练:  42%|████▏     | 31/73 [00:00<00:01, 36.58it/s]
预训练:  48%|████▊     | 35/73 [00:00<00:01, 36.51it/s]
预训练:  53%|█████▎    | 39/73 [00:01<00:00, 36.57it/s]
预训练:  59%|█████▉    | 43/73 [00:01<00:00, 36.92it/s]
预训练:  64%|██████▍   | 47/73 [00:01<00:00, 37.59it/s]
预训练:  70%|██████▉   | 51/73 [00:01<00:00, 37.63it/s]
预训练:  75%|███████▌  | 55/73 [00:01<00:00, 37.14it/s]
预训练:  81%|████████  | 59/73 [00:01<00:00, 36.80it/s]
预训练:  86%|████████▋ | 63/73 [00:01<00:00, 37.18it/s]
预训练:  92%|█████████▏| 67/73 [00:01<00:00, 37.88it/s]
预训练:  97%|█████████▋| 71/73 [00:01<00:00, 38.16it/s]
预训练: 100%|██████████| 73/73 [00:01<00:00, 37.00it/s]
  [损失分解] Pred: 0.007650, Latent: 0.002665, Consistency: 0.002488, MultiX: 0.022172, MultiZ: 0.004525
Epoch 34/300: Train Loss = 0.034661, Val Loss = 0.006271, LR = 3.00e-04

预训练:   0%|          | 0/73 [00:00<?, ?it/s]
预训练:   4%|▍         | 3/73 [00:00<00:02, 27.78it/s]
预训练:  10%|▉         | 7/73 [00:00<00:02, 32.34it/s]
预训练:  15%|█▌        | 11/73 [00:00<00:01, 34.31it/s]
预训练:  21%|██        | 15/73 [00:00<00:01, 35.38it/s]
预训练:  26%|██▌       | 19/73 [00:00<00:01, 36.45it/s]
预训练:  32%|███▏      | 23/73 [00:00<00:01, 36.31it/s]
预训练:  37%|███▋      | 27/73 [00:00<00:01, 36.55it/s]
预训练:  42%|████▏     | 31/73 [00:00<00:01, 36.38it/s]
预训练:  48%|████▊     | 35/73 [00:00<00:01, 36.48it/s]
预训练:  53%|█████▎    | 39/73 [00:01<00:00, 36.65it/s]
预训练:  59%|█████▉    | 43/73 [00:01<00:00, 36.67it/s]
预训练:  64%|██████▍   | 47/73 [00:01<00:00, 36.57it/s]
预训练:  70%|██████▉   | 51/73 [00:01<00:00, 36.51it/s]
预训练:  75%|███████▌  | 55/73 [00:01<00:00, 36.57it/s]
预训练:  81%|████████  | 59/73 [00:01<00:00, 36.50it/s]
预训练:  86%|████████▋ | 63/73 [00:01<00:00, 37.18it/s]
预训练:  92%|█████████▏| 67/73 [00:01<00:00, 37.81it/s]
预训练:  97%|█████████▋| 71/73 [00:01<00:00, 38.45it/s]
预训练: 100%|██████████| 73/73 [00:01<00:00, 36.77it/s]
  [损失分解] Pred: 0.007312, Latent: 0.002571, Consistency: 0.002384, MultiX: 0.021395, MultiZ: 0.004378
Epoch 35/300: Train Loss = 0.033374, Val Loss = 0.006213, LR = 3.00e-04

预训练:   0%|          | 0/73 [00:00<?, ?it/s]
预训练:   4%|▍         | 3/73 [00:00<00:02, 27.27it/s]
预训练:  10%|▉         | 7/73 [00:00<00:01, 33.89it/s]
预训练:  15%|█▌        | 11/73 [00:00<00:01, 35.34it/s]
预训练:  21%|██        | 15/73 [00:00<00:01, 36.33it/s]
预训练:  26%|██▌       | 19/73 [00:00<00:01, 36.34it/s]
预训练:  32%|███▏      | 23/73 [00:00<00:01, 36.93it/s]
预训练:  37%|███▋      | 27/73 [00:00<00:01, 37.19it/s]
预训练:  42%|████▏     | 31/73 [00:00<00:01, 37.93it/s]
预训练:  48%|████▊     | 35/73 [00:00<00:00, 38.09it/s]
预训练:  53%|█████▎    | 39/73 [00:01<00:00, 37.54it/s]
预训练:  59%|█████▉    | 43/73 [00:01<00:00, 36.96it/s]
预训练:  64%|██████▍   | 47/73 [00:01<00:00, 36.17it/s]
预训练:  70%|██████▉   | 51/73 [00:01<00:00, 36.53it/s]
预训练:  75%|███████▌  | 55/73 [00:01<00:00, 36.78it/s]
预训练:  81%|████████  | 59/73 [00:01<00:00, 36.66it/s]
预训练:  86%|████████▋ | 63/73 [00:01<00:00, 37.18it/s]
预训练:  92%|█████████▏| 67/73 [00:01<00:00, 37.45it/s]
预训练:  97%|█████████▋| 71/73 [00:01<00:00, 38.07it/s]
预训练: 100%|██████████| 73/73 [00:01<00:00, 37.06it/s]
  [损失分解] Pred: 0.007157, Latent: 0.002496, Consistency: 0.002312, MultiX: 0.020693, MultiZ: 0.004236
Epoch 36/300: Train Loss = 0.032372, Val Loss = 0.005978, LR = 3.00e-04

预训练:   0%|          | 0/73 [00:00<?, ?it/s]
预训练:   4%|▍         | 3/73 [00:00<00:02, 27.03it/s]
预训练:  10%|▉         | 7/73 [00:00<00:02, 32.67it/s]
预训练:  15%|█▌        | 11/73 [00:00<00:01, 34.22it/s]
预训练:  21%|██        | 15/73 [00:00<00:01, 34.94it/s]
预训练:  26%|██▌       | 19/73 [00:00<00:01, 35.68it/s]
预训练:  32%|███▏      | 23/73 [00:00<00:01, 36.14it/s]
预训练:  37%|███▋      | 27/73 [00:00<00:01, 36.76it/s]
预训练:  42%|████▏     | 31/73 [00:00<00:01, 36.21it/s]
预训练:  48%|████▊     | 35/73 [00:00<00:01, 36.43it/s]
预训练:  53%|█████▎    | 39/73 [00:01<00:00, 36.90it/s]
预训练:  59%|█████▉    | 43/73 [00:01<00:00, 37.47it/s]
预训练:  64%|██████▍   | 47/73 [00:01<00:00, 36.81it/s]
预训练:  70%|██████▉   | 51/73 [00:01<00:00, 36.98it/s]
预训练:  75%|███████▌  | 55/73 [00:01<00:00, 37.31it/s]
预训练:  81%|████████  | 59/73 [00:01<00:00, 37.33it/s]
预训练:  86%|████████▋ | 63/73 [00:01<00:00, 37.99it/s]
预训练:  93%|█████████▎| 68/73 [00:01<00:00, 38.57it/s]
预训练:  99%|█████████▊| 72/73 [00:01<00:00, 38.90it/s]
预训练: 100%|██████████| 73/73 [00:01<00:00, 36.99it/s]
  [损失分解] Pred: 0.007063, Latent: 0.002421, Consistency: 0.002235, MultiX: 0.020407, MultiZ: 0.004136
Epoch 37/300: Train Loss = 0.031865, Val Loss = 0.005975, LR = 3.00e-04

预训练:   0%|          | 0/73 [00:00<?, ?it/s]
预训练:   4%|▍         | 3/73 [00:00<00:02, 28.04it/s]
预训练:  10%|▉         | 7/73 [00:00<00:02, 32.99it/s]
预训练:  15%|█▌        | 11/73 [00:00<00:01, 34.54it/s]
预训练:  21%|██        | 15/73 [00:00<00:01, 36.04it/s]
预训练:  26%|██▌       | 19/73 [00:00<00:01, 36.28it/s]
预训练:  32%|███▏      | 23/73 [00:00<00:01, 36.31it/s]
预训练:  37%|███▋      | 27/73 [00:00<00:01, 36.58it/s]
预训练:  42%|████▏     | 31/73 [00:00<00:01, 36.30it/s]
预训练:  48%|████▊     | 35/73 [00:00<00:01, 36.55it/s]
预训练:  53%|█████▎    | 39/73 [00:01<00:00, 36.59it/s]
预训练:  59%|█████▉    | 43/73 [00:01<00:00, 37.41it/s]
预训练:  64%|██████▍   | 47/73 [00:01<00:00, 37.08it/s]
预训练:  70%|██████▉   | 51/73 [00:01<00:00, 36.25it/s]
预训练:  75%|███████▌  | 55/73 [00:01<00:00, 36.89it/s]
预训练:  81%|████████  | 59/73 [00:01<00:00, 37.25it/s]
预训练:  86%|████████▋ | 63/73 [00:01<00:00, 37.71it/s]
预训练:  92%|█████████▏| 67/73 [00:01<00:00, 38.26it/s]
预训练:  97%|█████████▋| 71/73 [00:01<00:00, 38.50it/s]
预训练: 100%|██████████| 73/73 [00:01<00:00, 36.90it/s]
  [损失分解] Pred: 0.006974, Latent: 0.002351, Consistency: 0.002171, MultiX: 0.020188, MultiZ: 0.004039
Epoch 38/300: Train Loss = 0.031443, Val Loss = 0.006082, LR = 3.00e-04

预训练:   0%|          | 0/73 [00:00<?, ?it/s]
预训练:   4%|▍         | 3/73 [00:00<00:02, 29.13it/s]
预训练:  10%|▉         | 7/73 [00:00<00:01, 33.87it/s]
预训练:  15%|█▌        | 11/73 [00:00<00:01, 35.03it/s]
预训练:  21%|██        | 15/73 [00:00<00:01, 35.69it/s]
预训练:  26%|██▌       | 19/73 [00:00<00:01, 35.47it/s]
预训练:  32%|███▏      | 23/73 [00:00<00:01, 35.99it/s]
预训练:  37%|███▋      | 27/73 [00:00<00:01, 36.33it/s]
预训练:  42%|████▏     | 31/73 [00:00<00:01, 36.66it/s]
预训练:  48%|████▊     | 35/73 [00:00<00:01, 36.78it/s]
预训练:  53%|█████▎    | 39/73 [00:01<00:00, 36.69it/s]
预训练:  59%|█████▉    | 43/73 [00:01<00:00, 37.00it/s]
预训练:  64%|██████▍   | 47/73 [00:01<00:00, 37.44it/s]
预训练:  70%|██████▉   | 51/73 [00:01<00:00, 37.42it/s]
预训练:  75%|███████▌  | 55/73 [00:01<00:00, 37.09it/s]
预训练:  81%|████████  | 59/73 [00:01<00:00, 37.50it/s]
预训练:  86%|████████▋ | 63/73 [00:01<00:00, 37.78it/s]
预训练:  92%|█████████▏| 67/73 [00:01<00:00, 38.31it/s]
预训练:  99%|█████████▊| 72/73 [00:01<00:00, 38.78it/s]
预训练: 100%|██████████| 73/73 [00:01<00:00, 37.12it/s]
  [损失分解] Pred: 0.006924, Latent: 0.002286, Consistency: 0.002105, MultiX: 0.020023, MultiZ: 0.003957
Epoch 39/300: Train Loss = 0.031121, Val Loss = 0.006019, LR = 3.00e-04

预训练:   0%|          | 0/73 [00:00<?, ?it/s]
预训练:   4%|▍         | 3/73 [00:00<00:02, 28.57it/s]
预训练:  10%|▉         | 7/73 [00:00<00:01, 34.17it/s]
预训练:  15%|█▌        | 11/73 [00:00<00:01, 35.35it/s]
预训练:  21%|██        | 15/73 [00:00<00:01, 36.02it/s]
预训练:  26%|██▌       | 19/73 [00:00<00:01, 37.26it/s]
预训练:  32%|███▏      | 23/73 [00:00<00:01, 37.18it/s]
预训练:  37%|███▋      | 27/73 [00:00<00:01, 37.36it/s]
预训练:  42%|████▏     | 31/73 [00:00<00:01, 36.50it/s]
预训练:  48%|████▊     | 35/73 [00:00<00:01, 36.35it/s]
预训练:  53%|█████▎    | 39/73 [00:01<00:00, 35.85it/s]
预训练:  59%|█████▉    | 43/73 [00:01<00:00, 36.21it/s]
预训练:  64%|██████▍   | 47/73 [00:01<00:00, 36.35it/s]
预训练:  70%|██████▉   | 51/73 [00:01<00:00, 36.06it/s]
预训练:  75%|███████▌  | 55/73 [00:01<00:00, 36.86it/s]
预训练:  81%|████████  | 59/73 [00:01<00:00, 37.39it/s]
预训练:  86%|████████▋ | 63/73 [00:01<00:00, 38.14it/s]
预训练:  93%|█████████▎| 68/73 [00:01<00:00, 38.76it/s]
预训练: 100%|██████████| 73/73 [00:01<00:00, 39.58it/s]
预训练: 100%|██████████| 73/73 [00:01<00:00, 37.12it/s]
  [损失分解] Pred: 0.006916, Latent: 0.002234, Consistency: 0.002052, MultiX: 0.019889, MultiZ: 0.003878
Epoch 40/300: Train Loss = 0.030886, Val Loss = 0.005855, LR = 3.00e-04

预训练:   0%|          | 0/73 [00:00<?, ?it/s]
预训练:   4%|▍         | 3/73 [00:00<00:02, 27.78it/s]
预训练:  10%|▉         | 7/73 [00:00<00:01, 33.97it/s]
预训练:  15%|█▌        | 11/73 [00:00<00:01, 35.69it/s]
预训练:  21%|██        | 15/73 [00:00<00:01, 35.57it/s]
预训练:  26%|██▌       | 19/73 [00:00<00:01, 36.22it/s]
预训练:  32%|███▏      | 23/73 [00:00<00:01, 36.84it/s]
预训练:  37%|███▋      | 27/73 [00:00<00:01, 36.35it/s]
预训练:  42%|████▏     | 31/73 [00:00<00:01, 36.79it/s]
预训练:  48%|████▊     | 35/73 [00:00<00:01, 36.65it/s]
预训练:  53%|█████▎    | 39/73 [00:01<00:00, 36.98it/s]
预训练:  59%|█████▉    | 43/73 [00:01<00:00, 37.10it/s]
预训练:  64%|██████▍   | 47/73 [00:01<00:00, 36.46it/s]
预训练:  70%|██████▉   | 51/73 [00:01<00:00, 37.05it/s]
预训练:  75%|███████▌  | 55/73 [00:01<00:00, 37.57it/s]
预训练:  81%|████████  | 59/73 [00:01<00:00, 37.09it/s]
预训练:  86%|████████▋ | 63/73 [00:01<00:00, 37.92it/s]
预训练:  92%|█████████▏| 67/73 [00:01<00:00, 38.41it/s]
预训练:  97%|█████████▋| 71/73 [00:01<00:00, 38.65it/s]
预训练: 100%|██████████| 73/73 [00:01<00:00, 37.13it/s]
  [损失分解] Pred: 0.006766, Latent: 0.002175, Consistency: 0.001990, MultiX: 0.019402, MultiZ: 0.003778
Epoch 41/300: Train Loss = 0.030139, Val Loss = 0.005900, LR = 3.00e-04

预训练:   0%|          | 0/73 [00:00<?, ?it/s]
预训练:   4%|▍         | 3/73 [00:00<00:02, 27.78it/s]
预训练:  10%|▉         | 7/73 [00:00<00:01, 33.41it/s]
预训练:  15%|█▌        | 11/73 [00:00<00:01, 35.37it/s]
预训练:  21%|██        | 15/73 [00:00<00:01, 36.57it/s]
预训练:  26%|██▌       | 19/73 [00:00<00:01, 36.74it/s]
预训练:  32%|███▏      | 23/73 [00:00<00:01, 36.38it/s]
预训练:  37%|███▋      | 27/73 [00:00<00:01, 36.59it/s]
预训练:  42%|████▏     | 31/73 [00:00<00:01, 36.52it/s]
预训练:  48%|████▊     | 35/73 [00:00<00:01, 37.11it/s]
预训练:  53%|█████▎    | 39/73 [00:01<00:00, 36.56it/s]
预训练:  59%|█████▉    | 43/73 [00:01<00:00, 36.71it/s]
预训练:  64%|██████▍   | 47/73 [00:01<00:00, 36.70it/s]
预训练:  70%|██████▉   | 51/73 [00:01<00:00, 36.30it/s]
预训练:  75%|███████▌  | 55/73 [00:01<00:00, 36.22it/s]
预训练:  81%|████████  | 59/73 [00:01<00:00, 36.36it/s]
预训练:  86%|████████▋ | 63/73 [00:01<00:00, 36.97it/s]
预训练:  92%|█████████▏| 67/73 [00:01<00:00, 37.72it/s]
预训练:  97%|█████████▋| 71/73 [00:01<00:00, 38.16it/s]
预训练: 100%|██████████| 73/73 [00:01<00:00, 36.74it/s]
  [损失分解] Pred: 0.006694, Latent: 0.002117, Consistency: 0.001934, MultiX: 0.019277, MultiZ: 0.003706
Epoch 42/300: Train Loss = 0.029850, Val Loss = 0.005783, LR = 3.00e-04

预训练:   0%|          | 0/73 [00:00<?, ?it/s]
预训练:   4%|▍         | 3/73 [00:00<00:02, 25.86it/s]
预训练:  10%|▉         | 7/73 [00:00<00:02, 32.41it/s]
预训练:  15%|█▌        | 11/73 [00:00<00:01, 35.38it/s]
预训练:  21%|██        | 15/73 [00:00<00:01, 35.26it/s]
预训练:  26%|██▌       | 19/73 [00:00<00:01, 36.38it/s]
预训练:  32%|███▏      | 23/73 [00:00<00:01, 36.41it/s]
预训练:  37%|███▋      | 27/73 [00:00<00:01, 36.77it/s]
预训练:  42%|████▏     | 31/73 [00:00<00:01, 37.18it/s]
预训练:  48%|████▊     | 35/73 [00:00<00:01, 37.24it/s]
预训练:  53%|█████▎    | 39/73 [00:01<00:00, 36.97it/s]
预训练:  59%|█████▉    | 43/73 [00:01<00:00, 37.41it/s]
预训练:  64%|██████▍   | 47/73 [00:01<00:00, 37.73it/s]
预训练:  70%|██████▉   | 51/73 [00:01<00:00, 37.30it/s]
预训练:  75%|███████▌  | 55/73 [00:01<00:00, 37.43it/s]
预训练:  81%|████████  | 59/73 [00:01<00:00, 36.79it/s]
预训练:  86%|████████▋ | 63/73 [00:01<00:00, 37.18it/s]
预训练:  92%|█████████▏| 67/73 [00:01<00:00, 37.77it/s]
预训练:  97%|█████████▋| 71/73 [00:01<00:00, 37.65it/s]
预训练: 100%|██████████| 73/73 [00:01<00:00, 36.90it/s]
  [损失分解] Pred: 0.006676, Latent: 0.002058, Consistency: 0.001879, MultiX: 0.018999, MultiZ: 0.003615
Epoch 43/300: Train Loss = 0.029450, Val Loss = 0.005694, LR = 3.00e-04

预训练:   0%|          | 0/73 [00:00<?, ?it/s]
预训练:   4%|▍         | 3/73 [00:00<00:02, 25.64it/s]
预训练:  10%|▉         | 7/73 [00:00<00:02, 32.81it/s]
预训练:  15%|█▌        | 11/73 [00:00<00:01, 34.44it/s]
预训练:  21%|██        | 15/73 [00:00<00:01, 35.72it/s]
预训练:  26%|██▌       | 19/73 [00:00<00:01, 36.07it/s]
预训练:  32%|███▏      | 23/73 [00:00<00:01, 36.40it/s]
预训练:  37%|███▋      | 27/73 [00:00<00:01, 36.94it/s]
预训练:  42%|████▏     | 31/73 [00:00<00:01, 36.86it/s]
预训练:  48%|████▊     | 35/73 [00:00<00:01, 37.02it/s]
预训练:  53%|█████▎    | 39/73 [00:01<00:00, 37.68it/s]
预训练:  59%|█████▉    | 43/73 [00:01<00:00, 37.80it/s]
预训练:  64%|██████▍   | 47/73 [00:01<00:00, 37.25it/s]
预训练:  70%|██████▉   | 51/73 [00:01<00:00, 37.29it/s]
预训练:  75%|███████▌  | 55/73 [00:01<00:00, 37.32it/s]
预训练:  81%|████████  | 59/73 [00:01<00:00, 36.92it/s]
预训练:  86%|████████▋ | 63/73 [00:01<00:00, 37.16it/s]
预训练:  92%|█████████▏| 67/73 [00:01<00:00, 37.54it/s]
预训练:  99%|█████████▊| 72/73 [00:01<00:00, 38.47it/s]
预训练: 100%|██████████| 73/73 [00:01<00:00, 36.92it/s]
  [损失分解] Pred: 0.006884, Latent: 0.002039, Consistency: 0.001864, MultiX: 0.019624, MultiZ: 0.003625
Epoch 44/300: Train Loss = 0.030273, Val Loss = 0.005966, LR = 3.00e-04

预训练:   0%|          | 0/73 [00:00<?, ?it/s]
预训练:   4%|▍         | 3/73 [00:00<00:02, 27.62it/s]
预训练:  10%|▉         | 7/73 [00:00<00:01, 33.88it/s]
预训练:  15%|█▌        | 11/73 [00:00<00:01, 35.95it/s]
预训练:  21%|██        | 15/73 [00:00<00:01, 36.52it/s]
预训练:  26%|██▌       | 19/73 [00:00<00:01, 36.84it/s]
预训练:  32%|███▏      | 23/73 [00:00<00:01, 37.26it/s]
预训练:  37%|███▋      | 27/73 [00:00<00:01, 37.30it/s]
预训练:  42%|████▏     | 31/73 [00:00<00:01, 37.33it/s]
预训练:  48%|████▊     | 35/73 [00:00<00:01, 36.80it/s]
预训练:  53%|█████▎    | 39/73 [00:01<00:00, 36.77it/s]
预训练:  59%|█████▉    | 43/73 [00:01<00:00, 36.75it/s]
预训练:  64%|██████▍   | 47/73 [00:01<00:00, 36.71it/s]
预训练:  70%|██████▉   | 51/73 [00:01<00:00, 37.36it/s]
预训练:  75%|███████▌  | 55/73 [00:01<00:00, 37.05it/s]
预训练:  81%|████████  | 59/73 [00:01<00:00, 37.05it/s]
预训练:  86%|████████▋ | 63/73 [00:01<00:00, 37.36it/s]
预训练:  92%|█████████▏| 67/73 [00:01<00:00, 37.68it/s]
预训练:  99%|█████████▊| 72/73 [00:01<00:00, 38.56it/s]
预训练: 100%|██████████| 73/73 [00:01<00:00, 37.19it/s]
  [损失分解] Pred: 0.006593, Latent: 0.001965, Consistency: 0.001791, MultiX: 0.018934, MultiZ: 0.003510
Epoch 45/300: Train Loss = 0.029160, Val Loss = 0.005859, LR = 3.00e-04

预训练:   0%|          | 0/73 [00:00<?, ?it/s]
预训练:   3%|▎         | 2/73 [00:00<00:03, 18.69it/s]
预训练:   8%|▊         | 6/73 [00:00<00:02, 29.69it/s]
预训练:  14%|█▎        | 10/73 [00:00<00:01, 34.07it/s]
预训练:  19%|█▉        | 14/73 [00:00<00:01, 34.75it/s]
预训练:  25%|██▍       | 18/73 [00:00<00:01, 35.58it/s]
预训练:  30%|███       | 22/73 [00:00<00:01, 36.08it/s]
预训练:  36%|███▌      | 26/73 [00:00<00:01, 36.28it/s]
预训练:  41%|████      | 30/73 [00:00<00:01, 35.68it/s]
预训练:  47%|████▋     | 34/73 [00:00<00:01, 36.51it/s]
预训练:  52%|█████▏    | 38/73 [00:01<00:00, 36.78it/s]
预训练:  58%|█████▊    | 42/73 [00:01<00:00, 36.55it/s]
预训练:  63%|██████▎   | 46/73 [00:01<00:00, 36.29it/s]
预训练:  68%|██████▊   | 50/73 [00:01<00:00, 36.31it/s]
预训练:  74%|███████▍  | 54/73 [00:01<00:00, 36.63it/s]
预训练:  79%|███████▉  | 58/73 [00:01<00:00, 37.16it/s]
预训练:  85%|████████▍ | 62/73 [00:01<00:00, 37.76it/s]
预训练:  92%|█████████▏| 67/73 [00:01<00:00, 38.41it/s]
预训练:  97%|█████████▋| 71/73 [00:01<00:00, 38.74it/s]
预训练: 100%|██████████| 73/73 [00:01<00:00, 36.57it/s]
  [损失分解] Pred: 0.006564, Latent: 0.001932, Consistency: 0.001751, MultiX: 0.018719, MultiZ: 0.003451
Epoch 46/300: Train Loss = 0.028850, Val Loss = 0.005730, LR = 3.00e-04

预训练:   0%|          | 0/73 [00:00<?, ?it/s]
预训练:   4%|▍         | 3/73 [00:00<00:02, 26.79it/s]
预训练:  10%|▉         | 7/73 [00:00<00:02, 32.38it/s]
预训练:  15%|█▌        | 11/73 [00:00<00:01, 33.50it/s]
预训练:  21%|██        | 15/73 [00:00<00:01, 34.49it/s]
预训练:  26%|██▌       | 19/73 [00:00<00:01, 35.04it/s]
预训练:  32%|███▏      | 23/73 [00:00<00:01, 35.71it/s]
预训练:  37%|███▋      | 27/73 [00:00<00:01, 35.92it/s]
预训练:  42%|████▏     | 31/73 [00:00<00:01, 36.48it/s]
预训练:  48%|████▊     | 35/73 [00:00<00:01, 36.45it/s]
预训练:  53%|█████▎    | 39/73 [00:01<00:00, 36.94it/s]
预训练:  59%|█████▉    | 43/73 [00:01<00:00, 36.97it/s]
预训练:  64%|██████▍   | 47/73 [00:01<00:00, 36.89it/s]
预训练:  70%|██████▉   | 51/73 [00:01<00:00, 36.93it/s]
预训练:  75%|███████▌  | 55/73 [00:01<00:00, 36.96it/s]
预训练:  81%|████████  | 59/73 [00:01<00:00, 37.51it/s]
预训练:  86%|████████▋ | 63/73 [00:01<00:00, 38.12it/s]
预训练:  93%|█████████▎| 68/73 [00:01<00:00, 38.86it/s]
预训练: 100%|██████████| 73/73 [00:01<00:00, 39.65it/s]
预训练: 100%|██████████| 73/73 [00:01<00:00, 36.87it/s]
  [损失分解] Pred: 0.006415, Latent: 0.001873, Consistency: 0.001698, MultiX: 0.018228, MultiZ: 0.003348
Epoch 47/300: Train Loss = 0.028103, Val Loss = 0.006057, LR = 3.00e-04

预训练:   0%|          | 0/73 [00:00<?, ?it/s]
预训练:   4%|▍         | 3/73 [00:00<00:02, 26.63it/s]
预训练:  10%|▉         | 7/73 [00:00<00:02, 32.82it/s]
预训练:  15%|█▌        | 11/73 [00:00<00:01, 34.16it/s]
预训练:  21%|██        | 15/73 [00:00<00:01, 35.15it/s]
预训练:  26%|██▌       | 19/73 [00:00<00:01, 35.59it/s]
预训练:  32%|███▏      | 23/73 [00:00<00:01, 35.96it/s]
预训练:  37%|███▋      | 27/73 [00:00<00:01, 36.11it/s]
预训练:  42%|████▏     | 31/73 [00:00<00:01, 36.40it/s]
预训练:  48%|████▊     | 35/73 [00:00<00:01, 36.28it/s]
预训练:  53%|█████▎    | 39/73 [00:01<00:00, 36.51it/s]
预训练:  59%|█████▉    | 43/73 [00:01<00:00, 36.78it/s]
预训练:  64%|██████▍   | 47/73 [00:01<00:00, 36.65it/s]
预训练:  70%|██████▉   | 51/73 [00:01<00:00, 36.46it/s]
预训练:  75%|███████▌  | 55/73 [00:01<00:00, 36.63it/s]
预训练:  81%|████████  | 59/73 [00:01<00:00, 36.75it/s]
预训练:  86%|████████▋ | 63/73 [00:01<00:00, 37.36it/s]
预训练:  92%|█████████▏| 67/73 [00:01<00:00, 38.11it/s]
预训练:  97%|█████████▋| 71/73 [00:01<00:00, 38.44it/s]
预训练: 100%|██████████| 73/73 [00:01<00:00, 36.65it/s]
  [损失分解] Pred: 0.006416, Latent: 0.001841, Consistency: 0.001664, MultiX: 0.018092, MultiZ: 0.003294
Epoch 48/300: Train Loss = 0.027907, Val Loss = 0.005616, LR = 3.00e-04

预训练:   0%|          | 0/73 [00:00<?, ?it/s]
预训练:   4%|▍         | 3/73 [00:00<00:02, 28.84it/s]
预训练:  10%|▉         | 7/73 [00:00<00:01, 34.12it/s]
预训练:  15%|█▌        | 11/73 [00:00<00:01, 34.72it/s]
预训练:  21%|██        | 15/73 [00:00<00:01, 35.63it/s]
预训练:  26%|██▌       | 19/73 [00:00<00:01, 36.50it/s]
预训练:  32%|███▏      | 23/73 [00:00<00:01, 36.57it/s]
预训练:  37%|███▋      | 27/73 [00:00<00:01, 37.52it/s]
预训练:  42%|████▏     | 31/73 [00:00<00:01, 37.03it/s]
预训练:  48%|████▊     | 35/73 [00:00<00:01, 36.93it/s]
预训练:  53%|█████▎    | 39/73 [00:01<00:00, 37.07it/s]
预训练:  59%|█████▉    | 43/73 [00:01<00:00, 36.64it/s]
预训练:  64%|██████▍   | 47/73 [00:01<00:00, 36.86it/s]
预训练:  70%|██████▉   | 51/73 [00:01<00:00, 37.02it/s]
预训练:  75%|███████▌  | 55/73 [00:01<00:00, 36.82it/s]
预训练:  81%|████████  | 59/73 [00:01<00:00, 36.58it/s]
预训练:  86%|████████▋ | 63/73 [00:01<00:00, 37.33it/s]
预训练:  92%|█████████▏| 67/73 [00:01<00:00, 37.88it/s]
预训练:  97%|█████████▋| 71/73 [00:01<00:00, 38.05it/s]
预训练: 100%|██████████| 73/73 [00:01<00:00, 37.00it/s]
  [损失分解] Pred: 0.006348, Latent: 0.001793, Consistency: 0.001618, MultiX: 0.017939, MultiZ: 0.003235
Epoch 49/300: Train Loss = 0.027610, Val Loss = 0.006149, LR = 3.00e-04

预训练:   0%|          | 0/73 [00:00<?, ?it/s]
预训练:   4%|▍         | 3/73 [00:00<00:02, 28.57it/s]
预训练:  10%|▉         | 7/73 [00:00<00:01, 34.56it/s]
预训练:  15%|█▌        | 11/73 [00:00<00:01, 35.56it/s]
预训练:  21%|██        | 15/73 [00:00<00:01, 36.15it/s]
预训练:  26%|██▌       | 19/73 [00:00<00:01, 36.84it/s]
预训练:  32%|███▏      | 23/73 [00:00<00:01, 36.79it/s]
预训练:  37%|███▋      | 27/73 [00:00<00:01, 37.10it/s]
预训练:  42%|████▏     | 31/73 [00:00<00:01, 37.57it/s]
预训练:  48%|████▊     | 35/73 [00:00<00:01, 37.29it/s]
预训练:  53%|█████▎    | 39/73 [00:01<00:00, 37.54it/s]
预训练:  59%|█████▉    | 43/73 [00:01<00:00, 38.04it/s]
预训练:  64%|██████▍   | 47/73 [00:01<00:00, 37.30it/s]
预训练:  70%|██████▉   | 51/73 [00:01<00:00, 37.11it/s]
预训练:  75%|███████▌  | 55/73 [00:01<00:00, 37.19it/s]
预训练:  81%|████████  | 59/73 [00:01<00:00, 37.15it/s]
预训练:  86%|████████▋ | 63/73 [00:01<00:00, 37.43it/s]
预训练:  92%|█████████▏| 67/73 [00:01<00:00, 37.68it/s]
预训练:  97%|█████████▋| 71/73 [00:01<00:00, 37.38it/s]
预训练: 100%|██████████| 73/73 [00:01<00:00, 37.17it/s]
  [损失分解] Pred: 0.006353, Latent: 0.001761, Consistency: 0.001587, MultiX: 0.018009, MultiZ: 0.003198
Epoch 50/300: Train Loss = 0.027635, Val Loss = 0.005739, LR = 3.00e-04

预训练:   0%|          | 0/73 [00:00<?, ?it/s]
预训练:   3%|▎         | 2/73 [00:00<00:04, 17.24it/s]
预训练:   8%|▊         | 6/73 [00:00<00:02, 29.00it/s]
预训练:  14%|█▎        | 10/73 [00:00<00:01, 33.34it/s]
预训练:  19%|█▉        | 14/73 [00:00<00:01, 34.81it/s]
预训练:  25%|██▍       | 18/73 [00:00<00:01, 35.38it/s]
预训练:  30%|███       | 22/73 [00:00<00:01, 35.94it/s]
预训练:  36%|███▌      | 26/73 [00:00<00:01, 36.52it/s]
预训练:  41%|████      | 30/73 [00:00<00:01, 36.69it/s]
预训练:  47%|████▋     | 34/73 [00:00<00:01, 37.01it/s]
预训练:  52%|█████▏    | 38/73 [00:01<00:00, 36.91it/s]
预训练:  58%|█████▊    | 42/73 [00:01<00:00, 36.33it/s]
预训练:  63%|██████▎   | 46/73 [00:01<00:00, 36.24it/s]
预训练:  68%|██████▊   | 50/73 [00:01<00:00, 36.68it/s]
预训练:  74%|███████▍  | 54/73 [00:01<00:00, 36.79it/s]
预训练:  79%|███████▉  | 58/73 [00:01<00:00, 36.46it/s]
预训练:  85%|████████▍ | 62/73 [00:01<00:00, 37.04it/s]
预训练:  90%|█████████ | 66/73 [00:01<00:00, 37.46it/s]
预训练:  96%|█████████▌| 70/73 [00:01<00:00, 37.97it/s]
预训练: 100%|██████████| 73/73 [00:02<00:00, 36.32it/s]
  [损失分解] Pred: 0.006264, Latent: 0.001722, Consistency: 0.001546, MultiX: 0.017649, MultiZ: 0.003126
Epoch 51/300: Train Loss = 0.027110, Val Loss = 0.005591, LR = 3.00e-04

预训练:   0%|          | 0/73 [00:00<?, ?it/s]
预训练:   4%|▍         | 3/73 [00:00<00:02, 27.52it/s]
预训练:  10%|▉         | 7/73 [00:00<00:01, 33.53it/s]
预训练:  15%|█▌        | 11/73 [00:00<00:01, 34.69it/s]
预训练:  21%|██        | 15/73 [00:00<00:01, 36.01it/s]
预训练:  26%|██▌       | 19/73 [00:00<00:01, 36.50it/s]
预训练:  32%|███▏      | 23/73 [00:00<00:01, 36.69it/s]
预训练:  37%|███▋      | 27/73 [00:00<00:01, 36.69it/s]
预训练:  42%|████▏     | 31/73 [00:00<00:01, 36.69it/s]
预训练:  48%|████▊     | 35/73 [00:00<00:01, 36.69it/s]
预训练:  53%|█████▎    | 39/73 [00:01<00:00, 36.80it/s]
预训练:  59%|█████▉    | 43/73 [00:01<00:00, 36.77it/s]
预训练:  64%|██████▍   | 47/73 [00:01<00:00, 36.95it/s]
预训练:  70%|██████▉   | 51/73 [00:01<00:00, 36.98it/s]
预训练:  75%|███████▌  | 55/73 [00:01<00:00, 36.69it/s]
预训练:  81%|████████  | 59/73 [00:01<00:00, 36.83it/s]
预训练:  86%|████████▋ | 63/73 [00:01<00:00, 37.41it/s]
预训练:  93%|█████████▎| 68/73 [00:01<00:00, 38.07it/s]
预训练:  99%|█████████▊| 72/73 [00:01<00:00, 38.29it/s]
预训练: 100%|██████████| 73/73 [00:01<00:00, 36.84it/s]
  [损失分解] Pred: 0.006178, Latent: 0.001685, Consistency: 0.001511, MultiX: 0.017294, MultiZ: 0.003059
Epoch 52/300: Train Loss = 0.026599, Val Loss = 0.005391, LR = 3.00e-04

预训练:   0%|          | 0/73 [00:00<?, ?it/s]
预训练:   4%|▍         | 3/73 [00:00<00:02, 26.09it/s]
预训练:  10%|▉         | 7/73 [00:00<00:02, 32.36it/s]
预训练:  15%|█▌        | 11/73 [00:00<00:01, 33.76it/s]
预训练:  22%|██▏       | 16/73 [00:00<00:01, 36.52it/s]
预训练:  27%|██▋       | 20/73 [00:00<00:01, 36.12it/s]
预训练:  33%|███▎      | 24/73 [00:00<00:01, 36.94it/s]
预训练:  38%|███▊      | 28/73 [00:00<00:01, 37.30it/s]
预训练:  44%|████▍     | 32/73 [00:00<00:01, 36.68it/s]
预训练:  49%|████▉     | 36/73 [00:01<00:01, 36.17it/s]
预训练:  55%|█████▍    | 40/73 [00:01<00:00, 36.23it/s]
预训练:  60%|██████    | 44/73 [00:01<00:00, 36.88it/s]
预训练:  66%|██████▌   | 48/73 [00:01<00:00, 36.62it/s]
预训练:  71%|███████   | 52/73 [00:01<00:00, 36.54it/s]
预训练:  77%|███████▋  | 56/73 [00:01<00:00, 36.49it/s]
预训练:  82%|████████▏ | 60/73 [00:01<00:00, 36.96it/s]
预训练:  88%|████████▊ | 64/73 [00:01<00:00, 37.72it/s]
预训练:  93%|█████████▎| 68/73 [00:01<00:00, 37.94it/s]
预训练:  99%|█████████▊| 72/73 [00:01<00:00, 38.53it/s]
预训练: 100%|██████████| 73/73 [00:01<00:00, 36.75it/s]
  [损失分解] Pred: 0.006159, Latent: 0.001650, Consistency: 0.001480, MultiX: 0.017257, MultiZ: 0.003014
Epoch 53/300: Train Loss = 0.026488, Val Loss = 0.005483, LR = 3.00e-04

预训练:   0%|          | 0/73 [00:00<?, ?it/s]
预训练:   4%|▍         | 3/73 [00:00<00:02, 27.52it/s]
预训练:  10%|▉         | 7/73 [00:00<00:01, 33.65it/s]
预训练:  15%|█▌        | 11/73 [00:00<00:01, 35.36it/s]
预训练:  21%|██        | 15/73 [00:00<00:01, 35.76it/s]
预训练:  26%|██▌       | 19/73 [00:00<00:01, 35.98it/s]
预训练:  32%|███▏      | 23/73 [00:00<00:01, 36.11it/s]
预训练:  37%|███▋      | 27/73 [00:00<00:01, 36.30it/s]
预训练:  42%|████▏     | 31/73 [00:00<00:01, 36.64it/s]
预训练:  48%|████▊     | 35/73 [00:00<00:01, 37.19it/s]
预训练:  53%|█████▎    | 39/73 [00:01<00:00, 37.04it/s]
预训练:  59%|█████▉    | 43/73 [00:01<00:00, 36.32it/s]
预训练:  64%|██████▍   | 47/73 [00:01<00:00, 36.43it/s]
预训练:  70%|██████▉   | 51/73 [00:01<00:00, 36.82it/s]
预训练:  75%|███████▌  | 55/73 [00:01<00:00, 36.99it/s]
预训练:  81%|████████  | 59/73 [00:01<00:00, 36.70it/s]
预训练:  86%|████████▋ | 63/73 [00:01<00:00, 37.63it/s]
预训练:  93%|█████████▎| 68/73 [00:01<00:00, 38.43it/s]
预训练:  99%|█████████▊| 72/73 [00:01<00:00, 38.23it/s]
预训练: 100%|██████████| 73/73 [00:01<00:00, 36.91it/s]
  [损失分解] Pred: 0.006161, Latent: 0.001629, Consistency: 0.001456, MultiX: 0.017303, MultiZ: 0.002990
Epoch 54/300: Train Loss = 0.026500, Val Loss = 0.005628, LR = 3.00e-04

预训练:   0%|          | 0/73 [00:00<?, ?it/s]
预训练:   4%|▍         | 3/73 [00:00<00:02, 28.04it/s]
预训练:  10%|▉         | 7/73 [00:00<00:01, 33.79it/s]
预训练:  15%|█▌        | 11/73 [00:00<00:01, 35.29it/s]
预训练:  21%|██        | 15/73 [00:00<00:01, 35.98it/s]
预训练:  26%|██▌       | 19/73 [00:00<00:01, 35.65it/s]
预训练:  32%|███▏      | 23/73 [00:00<00:01, 35.67it/s]
预训练:  37%|███▋      | 27/73 [00:00<00:01, 36.11it/s]
预训练:  42%|████▏     | 31/73 [00:00<00:01, 36.51it/s]
预训练:  48%|████▊     | 35/73 [00:00<00:01, 36.46it/s]
预训练:  53%|█████▎    | 39/73 [00:01<00:00, 36.64it/s]
预训练:  59%|█████▉    | 43/73 [00:01<00:00, 36.97it/s]
预训练:  64%|██████▍   | 47/73 [00:01<00:00, 37.41it/s]
预训练:  70%|██████▉   | 51/73 [00:01<00:00, 37.19it/s]
预训练:  75%|███████▌  | 55/73 [00:01<00:00, 37.35it/s]
预训练:  81%|████████  | 59/73 [00:01<00:00, 37.15it/s]
预训练:  86%|████████▋ | 63/73 [00:01<00:00, 37.65it/s]
预训练:  92%|█████████▏| 67/73 [00:01<00:00, 38.11it/s]
预训练:  97%|█████████▋| 71/73 [00:01<00:00, 37.99it/s]
预训练: 100%|██████████| 73/73 [00:01<00:00, 36.88it/s]
  [损失分解] Pred: 0.006011, Latent: 0.001588, Consistency: 0.001414, MultiX: 0.016838, MultiZ: 0.002915
Epoch 55/300: Train Loss = 0.025808, Val Loss = 0.005365, LR = 3.00e-04

预训练:   0%|          | 0/73 [00:00<?, ?it/s]
预训练:   3%|▎         | 2/73 [00:00<00:03, 18.87it/s]
预训练:   8%|▊         | 6/73 [00:00<00:02, 29.80it/s]
预训练:  14%|█▎        | 10/73 [00:00<00:01, 32.57it/s]
预训练:  19%|█▉        | 14/73 [00:00<00:01, 34.20it/s]
预训练:  25%|██▍       | 18/73 [00:00<00:01, 35.45it/s]
预训练:  30%|███       | 22/73 [00:00<00:01, 35.54it/s]
预训练:  36%|███▌      | 26/73 [00:00<00:01, 36.47it/s]
预训练:  41%|████      | 30/73 [00:00<00:01, 36.76it/s]
预训练:  47%|████▋     | 34/73 [00:00<00:01, 36.74it/s]
预训练:  52%|█████▏    | 38/73 [00:01<00:00, 36.73it/s]
预训练:  58%|█████▊    | 42/73 [00:01<00:00, 36.41it/s]
预训练:  63%|██████▎   | 46/73 [00:01<00:00, 36.39it/s]
预训练:  68%|██████▊   | 50/73 [00:01<00:00, 36.19it/s]
预训练:  74%|███████▍  | 54/73 [00:01<00:00, 36.54it/s]
预训练:  79%|███████▉  | 58/73 [00:01<00:00, 36.59it/s]
预训练:  85%|████████▍ | 62/73 [00:01<00:00, 37.45it/s]
预训练:  92%|█████████▏| 67/73 [00:01<00:00, 38.40it/s]
预训练:  97%|█████████▋| 71/73 [00:01<00:00, 38.85it/s]
预训练: 100%|██████████| 73/73 [00:02<00:00, 36.41it/s]
  [损失分解] Pred: 0.006212, Latent: 0.001578, Consistency: 0.001410, MultiX: 0.017152, MultiZ: 0.002910
Epoch 56/300: Train Loss = 0.026313, Val Loss = 0.005624, LR = 3.00e-04

预训练:   0%|          | 0/73 [00:00<?, ?it/s]
预训练:   4%|▍         | 3/73 [00:00<00:02, 28.85it/s]
预训练:  10%|▉         | 7/73 [00:00<00:01, 34.50it/s]
预训练:  15%|█▌        | 11/73 [00:00<00:01, 35.99it/s]
预训练:  21%|██        | 15/73 [00:00<00:01, 35.75it/s]
预训练:  26%|██▌       | 19/73 [00:00<00:01, 35.74it/s]
预训练:  32%|███▏      | 23/73 [00:00<00:01, 36.17it/s]
预训练:  37%|███▋      | 27/73 [00:00<00:01, 37.01it/s]
预训练:  42%|████▏     | 31/73 [00:00<00:01, 36.37it/s]
预训练:  48%|████▊     | 35/73 [00:00<00:01, 36.30it/s]
预训练:  53%|█████▎    | 39/73 [00:01<00:00, 36.63it/s]
预训练:  59%|█████▉    | 43/73 [00:01<00:00, 36.86it/s]
预训练:  64%|██████▍   | 47/73 [00:01<00:00, 36.50it/s]
预训练:  70%|██████▉   | 51/73 [00:01<00:00, 36.36it/s]
预训练:  75%|███████▌  | 55/73 [00:01<00:00, 36.11it/s]
预训练:  81%|████████  | 59/73 [00:01<00:00, 36.69it/s]
预训练:  86%|████████▋ | 63/73 [00:01<00:00, 37.13it/s]
预训练:  92%|█████████▏| 67/73 [00:01<00:00, 37.63it/s]
预训练:  97%|█████████▋| 71/73 [00:01<00:00, 38.31it/s]
预训练: 100%|██████████| 73/73 [00:01<00:00, 36.82it/s]
  [损失分解] Pred: 0.006176, Latent: 0.001541, Consistency: 0.001381, MultiX: 0.017052, MultiZ: 0.002863
Epoch 57/300: Train Loss = 0.026121, Val Loss = 0.005300, LR = 3.00e-04

预训练:   0%|          | 0/73 [00:00<?, ?it/s]
预训练:   4%|▍         | 3/73 [00:00<00:02, 28.04it/s]
预训练:  10%|▉         | 7/73 [00:00<00:01, 33.72it/s]
预训练:  15%|█▌        | 11/73 [00:00<00:01, 34.80it/s]
预训练:  21%|██        | 15/73 [00:00<00:01, 35.81it/s]
预训练:  26%|██▌       | 19/73 [00:00<00:01, 36.50it/s]
预训练:  32%|███▏      | 23/73 [00:00<00:01, 36.50it/s]
预训练:  37%|███▋      | 27/73 [00:00<00:01, 37.01it/s]
预训练:  42%|████▏     | 31/73 [00:00<00:01, 37.24it/s]
预训练:  48%|████▊     | 35/73 [00:00<00:01, 36.96it/s]
预训练:  53%|█████▎    | 39/73 [00:01<00:00, 37.20it/s]
预训练:  59%|█████▉    | 43/73 [00:01<00:00, 36.94it/s]
预训练:  64%|██████▍   | 47/73 [00:01<00:00, 37.28it/s]
预训练:  70%|██████▉   | 51/73 [00:01<00:00, 36.39it/s]
预训练:  75%|███████▌  | 55/73 [00:01<00:00, 36.89it/s]
预训练:  81%|████████  | 59/73 [00:01<00:00, 36.83it/s]
预训练:  86%|████████▋ | 63/73 [00:01<00:00, 37.73it/s]
预训练:  92%|█████████▏| 67/73 [00:01<00:00, 38.16it/s]
预训练:  97%|█████████▋| 71/73 [00:01<00:00, 38.47it/s]
预训练: 100%|██████████| 73/73 [00:01<00:00, 37.08it/s]
  [损失分解] Pred: 0.005867, Latent: 0.001499, Consistency: 0.001332, MultiX: 0.016212, MultiZ: 0.002765
Epoch 58/300: Train Loss = 0.024877, Val Loss = 0.005302, LR = 3.00e-04

预训练:   0%|          | 0/73 [00:00<?, ?it/s]
预训练:   4%|▍         | 3/73 [00:00<00:02, 25.00it/s]
预训练:  10%|▉         | 7/73 [00:00<00:02, 32.27it/s]
预训练:  15%|█▌        | 11/73 [00:00<00:01, 33.22it/s]
预训练:  21%|██        | 15/73 [00:00<00:01, 35.30it/s]
预训练:  26%|██▌       | 19/73 [00:00<00:01, 35.92it/s]
预训练:  32%|███▏      | 23/73 [00:00<00:01, 36.41it/s]
预训练:  37%|███▋      | 27/73 [00:00<00:01, 36.95it/s]
预训练:  42%|████▏     | 31/73 [00:00<00:01, 36.98it/s]
预训练:  48%|████▊     | 35/73 [00:00<00:01, 36.68it/s]
预训练:  53%|█████▎    | 39/73 [00:01<00:00, 36.89it/s]
预训练:  59%|█████▉    | 43/73 [00:01<00:00, 36.83it/s]
预训练:  64%|██████▍   | 47/73 [00:01<00:00, 36.59it/s]
预训练:  70%|██████▉   | 51/73 [00:01<00:00, 37.24it/s]
预训练:  75%|███████▌  | 55/73 [00:01<00:00, 37.18it/s]
预训练:  81%|████████  | 59/73 [00:01<00:00, 36.62it/s]
预训练:  86%|████████▋ | 63/73 [00:01<00:00, 37.20it/s]
预训练:  92%|█████████▏| 67/73 [00:01<00:00, 37.78it/s]
预训练:  97%|█████████▋| 71/73 [00:01<00:00, 38.20it/s]
预训练: 100%|██████████| 73/73 [00:01<00:00, 36.70it/s]
  [损失分解] Pred: 0.005869, Latent: 0.001473, Consistency: 0.001310, MultiX: 0.016148, MultiZ: 0.002729
Epoch 59/300: Train Loss = 0.024773, Val Loss = 0.005190, LR = 3.00e-04

预训练:   0%|          | 0/73 [00:00<?, ?it/s]
预训练:   4%|▍         | 3/73 [00:00<00:02, 24.39it/s]
预训练:  10%|▉         | 7/73 [00:00<00:02, 31.59it/s]
预训练:  15%|█▌        | 11/73 [00:00<00:01, 33.59it/s]
预训练:  21%|██        | 15/73 [00:00<00:01, 34.92it/s]
预训练:  26%|██▌       | 19/73 [00:00<00:01, 35.32it/s]
预训练:  32%|███▏      | 23/73 [00:00<00:01, 35.35it/s]
预训练:  37%|███▋      | 27/73 [00:00<00:01, 35.78it/s]
预训练:  42%|████▏     | 31/73 [00:00<00:01, 36.07it/s]
预训练:  48%|████▊     | 35/73 [00:01<00:01, 36.06it/s]
预训练:  53%|█████▎    | 39/73 [00:01<00:00, 35.95it/s]
预训练:  59%|█████▉    | 43/73 [00:01<00:00, 35.78it/s]
预训练:  64%|██████▍   | 47/73 [00:01<00:00, 36.15it/s]
预训练:  70%|██████▉   | 51/73 [00:01<00:00, 36.42it/s]
预训练:  75%|███████▌  | 55/73 [00:01<00:00, 36.70it/s]
预训练:  81%|████████  | 59/73 [00:01<00:00, 36.64it/s]
预训练:  86%|████████▋ | 63/73 [00:01<00:00, 36.86it/s]
预训练:  93%|█████████▎| 68/73 [00:01<00:00, 37.70it/s]
预训练:  99%|█████████▊| 72/73 [00:01<00:00, 37.81it/s]
预训练: 100%|██████████| 73/73 [00:02<00:00, 36.13it/s]
  [损失分解] Pred: 0.005860, Latent: 0.001456, Consistency: 0.001289, MultiX: 0.016254, MultiZ: 0.002716
Epoch 60/300: Train Loss = 0.024845, Val Loss = 0.005232, LR = 3.00e-04

预训练:   0%|          | 0/73 [00:00<?, ?it/s]
预训练:   3%|▎         | 2/73 [00:00<00:04, 17.54it/s]
预训练:   8%|▊         | 6/73 [00:00<00:02, 28.91it/s]
预训练:  14%|█▎        | 10/73 [00:00<00:01, 33.14it/s]
预训练:  19%|█▉        | 14/73 [00:00<00:01, 35.07it/s]
预训练:  25%|██▍       | 18/73 [00:00<00:01, 35.67it/s]
预训练:  30%|███       | 22/73 [00:00<00:01, 36.36it/s]
预训练:  36%|███▌      | 26/73 [00:00<00:01, 36.81it/s]
预训练:  41%|████      | 30/73 [00:00<00:01, 36.24it/s]
预训练:  47%|████▋     | 34/73 [00:00<00:01, 36.70it/s]
预训练:  52%|█████▏    | 38/73 [00:01<00:00, 36.18it/s]
预训练:  58%|█████▊    | 42/73 [00:01<00:00, 35.94it/s]
预训练:  63%|██████▎   | 46/73 [00:01<00:00, 36.37it/s]
预训练:  68%|██████▊   | 50/73 [00:01<00:00, 36.27it/s]
预训练:  74%|███████▍  | 54/73 [00:01<00:00, 36.00it/s]
预训练:  79%|███████▉  | 58/73 [00:01<00:00, 36.59it/s]
预训练:  85%|████████▍ | 62/73 [00:01<00:00, 36.62it/s]
预训练:  90%|█████████ | 66/73 [00:01<00:00, 37.19it/s]
预训练:  96%|█████████▌| 70/73 [00:01<00:00, 37.89it/s]
预训练: 100%|██████████| 73/73 [00:02<00:00, 36.18it/s]
  [损失分解] Pred: 0.005873, Latent: 0.001436, Consistency: 0.001273, MultiX: 0.016240, MultiZ: 0.002686
Epoch 61/300: Train Loss = 0.024811, Val Loss = 0.005166, LR = 3.00e-04

预训练:   0%|          | 0/73 [00:00<?, ?it/s]
预训练:   4%|▍         | 3/73 [00:00<00:02, 28.57it/s]
预训练:  10%|▉         | 7/73 [00:00<00:01, 33.98it/s]
预训练:  15%|█▌        | 11/73 [00:00<00:01, 35.30it/s]
预训练:  21%|██        | 15/73 [00:00<00:01, 35.99it/s]
预训练:  26%|██▌       | 19/73 [00:00<00:01, 35.77it/s]
预训练:  32%|███▏      | 23/73 [00:00<00:01, 36.08it/s]
预训练:  37%|███▋      | 27/73 [00:00<00:01, 35.96it/s]
预训练:  42%|████▏     | 31/73 [00:00<00:01, 35.88it/s]
预训练:  48%|████▊     | 35/73 [00:00<00:01, 35.63it/s]
预训练:  53%|█████▎    | 39/73 [00:01<00:00, 36.15it/s]
预训练:  59%|█████▉    | 43/73 [00:01<00:00, 36.52it/s]
预训练:  64%|██████▍   | 47/73 [00:01<00:00, 36.37it/s]
预训练:  70%|██████▉   | 51/73 [00:01<00:00, 36.67it/s]
预训练:  75%|███████▌  | 55/73 [00:01<00:00, 36.48it/s]
预训练:  81%|████████  | 59/73 [00:01<00:00, 37.16it/s]
预训练:  86%|████████▋ | 63/73 [00:01<00:00, 37.65it/s]
预训练:  92%|█████████▏| 67/73 [00:01<00:00, 38.11it/s]
预训练:  97%|█████████▋| 71/73 [00:01<00:00, 38.32it/s]
预训练: 100%|██████████| 73/73 [00:01<00:00, 36.71it/s]
  [损失分解] Pred: 0.005808, Latent: 0.001413, Consistency: 0.001248, MultiX: 0.015924, MultiZ: 0.002637
Epoch 62/300: Train Loss = 0.024381, Val Loss = 0.005149, LR = 3.00e-04

预训练:   0%|          | 0/73 [00:00<?, ?it/s]
预训练:   4%|▍         | 3/73 [00:00<00:02, 28.04it/s]
预训练:  10%|▉         | 7/73 [00:00<00:01, 33.35it/s]
预训练:  15%|█▌        | 11/73 [00:00<00:01, 34.74it/s]
预训练:  21%|██        | 15/73 [00:00<00:01, 35.39it/s]
预训练:  26%|██▌       | 19/73 [00:00<00:01, 35.41it/s]
预训练:  32%|███▏      | 23/73 [00:00<00:01, 35.62it/s]
预训练:  37%|███▋      | 27/73 [00:00<00:01, 35.86it/s]
预训练:  42%|████▏     | 31/73 [00:00<00:01, 36.77it/s]
预训练:  48%|████▊     | 35/73 [00:00<00:01, 37.06it/s]
预训练:  53%|█████▎    | 39/73 [00:01<00:00, 37.49it/s]
预训练:  59%|█████▉    | 43/73 [00:01<00:00, 36.82it/s]
预训练:  64%|██████▍   | 47/73 [00:01<00:00, 36.99it/s]
预训练:  70%|██████▉   | 51/73 [00:01<00:00, 36.59it/s]
预训练:  75%|███████▌  | 55/73 [00:01<00:00, 36.73it/s]
预训练:  81%|████████  | 59/73 [00:01<00:00, 37.02it/s]
预训练:  86%|████████▋ | 63/73 [00:01<00:00, 37.87it/s]
预训练:  93%|█████████▎| 68/73 [00:01<00:00, 38.70it/s]
预训练:  99%|█████████▊| 72/73 [00:01<00:00, 38.95it/s]
预训练: 100%|██████████| 73/73 [00:01<00:00, 36.98it/s]
  [损失分解] Pred: 0.005766, Latent: 0.001385, Consistency: 0.001223, MultiX: 0.015602, MultiZ: 0.002579
Epoch 63/300: Train Loss = 0.023962, Val Loss = 0.005151, LR = 3.00e-04

预训练:   0%|          | 0/73 [00:00<?, ?it/s]
预训练:   4%|▍         | 3/73 [00:00<00:02, 29.13it/s]
预训练:  10%|▉         | 7/73 [00:00<00:01, 34.25it/s]
预训练:  15%|█▌        | 11/73 [00:00<00:01, 35.85it/s]
预训练:  21%|██        | 15/73 [00:00<00:01, 36.87it/s]
预训练:  26%|██▌       | 19/73 [00:00<00:01, 36.93it/s]
预训练:  32%|███▏      | 23/73 [00:00<00:01, 37.45it/s]
预训练:  37%|███▋      | 27/73 [00:00<00:01, 37.43it/s]
预训练:  42%|████▏     | 31/73 [00:00<00:01, 37.30it/s]
预训练:  48%|████▊     | 35/73 [00:00<00:01, 37.66it/s]
预训练:  53%|█████▎    | 39/73 [00:01<00:00, 37.82it/s]
预训练:  59%|█████▉    | 43/73 [00:01<00:00, 37.47it/s]
预训练:  64%|██████▍   | 47/73 [00:01<00:00, 37.02it/s]
预训练:  70%|██████▉   | 51/73 [00:01<00:00, 37.34it/s]
预训练:  75%|███████▌  | 55/73 [00:01<00:00, 37.35it/s]
预训练:  81%|████████  | 59/73 [00:01<00:00, 37.36it/s]
预训练:  86%|████████▋ | 63/73 [00:01<00:00, 37.79it/s]
预训练:  92%|█████████▏| 67/73 [00:01<00:00, 37.99it/s]
预训练:  97%|█████████▋| 71/73 [00:01<00:00, 38.57it/s]
预训练: 100%|██████████| 73/73 [00:01<00:00, 37.46it/s]
  [损失分解] Pred: 0.005678, Latent: 0.001361, Consistency: 0.001199, MultiX: 0.015519, MultiZ: 0.002548
Epoch 64/300: Train Loss = 0.023750, Val Loss = 0.005473, LR = 3.00e-04

预训练:   0%|          | 0/73 [00:00<?, ?it/s]
预训练:   4%|▍         | 3/73 [00:00<00:02, 29.13it/s]
预训练:  10%|▉         | 7/73 [00:00<00:01, 33.32it/s]
预训练:  15%|█▌        | 11/73 [00:00<00:01, 34.15it/s]
预训练:  21%|██        | 15/73 [00:00<00:01, 35.27it/s]
预训练:  26%|██▌       | 19/73 [00:00<00:01, 35.90it/s]
预训练:  32%|███▏      | 23/73 [00:00<00:01, 36.29it/s]
预训练:  37%|███▋      | 27/73 [00:00<00:01, 35.87it/s]
预训练:  42%|████▏     | 31/73 [00:00<00:01, 36.77it/s]
预训练:  48%|████▊     | 35/73 [00:00<00:01, 36.96it/s]
预训练:  53%|█████▎    | 39/73 [00:01<00:00, 36.98it/s]
预训练:  59%|█████▉    | 43/73 [00:01<00:00, 37.64it/s]
预训练:  64%|██████▍   | 47/73 [00:01<00:00, 37.56it/s]
预训练:  70%|██████▉   | 51/73 [00:01<00:00, 37.61it/s]
预训练:  75%|███████▌  | 55/73 [00:01<00:00, 37.76it/s]
预训练:  81%|████████  | 59/73 [00:01<00:00, 37.65it/s]
预训练:  86%|████████▋ | 63/73 [00:01<00:00, 38.22it/s]
预训练:  92%|█████████▏| 67/73 [00:01<00:00, 37.96it/s]
预训练:  97%|█████████▋| 71/73 [00:01<00:00, 38.00it/s]
预训练: 100%|██████████| 73/73 [00:01<00:00, 37.02it/s]
  [损失分解] Pred: 0.005833, Latent: 0.001357, Consistency: 0.001195, MultiX: 0.016118, MultiZ: 0.002581
Epoch 65/300: Train Loss = 0.024518, Val Loss = 0.005116, LR = 3.00e-04

预训练:   0%|          | 0/73 [00:00<?, ?it/s]
预训练:   3%|▎         | 2/73 [00:00<00:03, 17.86it/s]
预训练:   8%|▊         | 6/73 [00:00<00:02, 28.66it/s]
预训练:  14%|█▎        | 10/73 [00:00<00:01, 33.12it/s]
预训练:  19%|█▉        | 14/73 [00:00<00:01, 34.67it/s]
预训练:  25%|██▍       | 18/73 [00:00<00:01, 35.81it/s]
预训练:  30%|███       | 22/73 [00:00<00:01, 36.00it/s]
预训练:  36%|███▌      | 26/73 [00:00<00:01, 36.56it/s]
预训练:  41%|████      | 30/73 [00:00<00:01, 37.04it/s]
预训练:  47%|████▋     | 34/73 [00:00<00:01, 37.48it/s]
预训练:  52%|█████▏    | 38/73 [00:01<00:00, 37.34it/s]
预训练:  58%|█████▊    | 42/73 [00:01<00:00, 37.25it/s]
预训练:  63%|██████▎   | 46/73 [00:01<00:00, 37.40it/s]
预训练:  68%|██████▊   | 50/73 [00:01<00:00, 37.50it/s]
预训练:  74%|███████▍  | 54/73 [00:01<00:00, 37.57it/s]
预训练:  79%|███████▉  | 58/73 [00:01<00:00, 36.99it/s]
预训练:  85%|████████▍ | 62/73 [00:01<00:00, 37.32it/s]
预训练:  90%|█████████ | 66/73 [00:01<00:00, 37.44it/s]
预训练:  97%|█████████▋| 71/73 [00:01<00:00, 38.32it/s]
预训练: 100%|██████████| 73/73 [00:01<00:00, 36.64it/s]
  [损失分解] Pred: 0.005606, Latent: 0.001327, Consistency: 0.001163, MultiX: 0.015230, MultiZ: 0.002485
Epoch 66/300: Train Loss = 0.023323, Val Loss = 0.005176, LR = 3.00e-04

预训练:   0%|          | 0/73 [00:00<?, ?it/s]
预训练:   4%|▍         | 3/73 [00:00<00:02, 27.03it/s]
预训练:  10%|▉         | 7/73 [00:00<00:01, 33.76it/s]
预训练:  15%|█▌        | 11/73 [00:00<00:01, 35.88it/s]
预训练:  21%|██        | 15/73 [00:00<00:01, 35.94it/s]
预训练:  26%|██▌       | 19/73 [00:00<00:01, 35.98it/s]
预训练:  32%|███▏      | 23/73 [00:00<00:01, 37.03it/s]
预训练:  37%|███▋      | 27/73 [00:00<00:01, 37.61it/s]
预训练:  42%|████▏     | 31/73 [00:00<00:01, 37.99it/s]
预训练:  48%|████▊     | 35/73 [00:00<00:01, 37.47it/s]
预训练:  53%|█████▎    | 39/73 [00:01<00:00, 37.22it/s]
预训练:  59%|█████▉    | 43/73 [00:01<00:00, 36.96it/s]
预训练:  64%|██████▍   | 47/73 [00:01<00:00, 36.88it/s]
预训练:  70%|██████▉   | 51/73 [00:01<00:00, 36.72it/s]
预训练:  75%|███████▌  | 55/73 [00:01<00:00, 37.23it/s]
预训练:  81%|████████  | 59/73 [00:01<00:00, 37.49it/s]
预训练:  86%|████████▋ | 63/73 [00:01<00:00, 38.14it/s]
预训练:  93%|█████████▎| 68/73 [00:01<00:00, 38.77it/s]
预训练: 100%|██████████| 73/73 [00:01<00:00, 39.69it/s]
预训练: 100%|██████████| 73/73 [00:01<00:00, 37.42it/s]
  [损失分解] Pred: 0.005606, Latent: 0.001307, Consistency: 0.001146, MultiX: 0.015321, MultiZ: 0.002472
Epoch 67/300: Train Loss = 0.023390, Val Loss = 0.005105, LR = 3.00e-04

预训练:   0%|          | 0/73 [00:00<?, ?it/s]
预训练:   4%|▍         | 3/73 [00:00<00:02, 29.13it/s]
预训练:  10%|▉         | 7/73 [00:00<00:01, 34.26it/s]
预训练:  15%|█▌        | 11/73 [00:00<00:01, 35.55it/s]
预训练:  21%|██        | 15/73 [00:00<00:01, 35.88it/s]
预训练:  26%|██▌       | 19/73 [00:00<00:01, 35.64it/s]
预训练:  32%|███▏      | 23/73 [00:00<00:01, 35.77it/s]
预训练:  37%|███▋      | 27/73 [00:00<00:01, 35.97it/s]
预训练:  42%|████▏     | 31/73 [00:00<00:01, 36.09it/s]
预训练:  48%|████▊     | 35/73 [00:00<00:01, 36.08it/s]
预训练:  53%|█████▎    | 39/73 [00:01<00:00, 36.57it/s]
预训练:  59%|█████▉    | 43/73 [00:01<00:00, 36.51it/s]
预训练:  64%|██████▍   | 47/73 [00:01<00:00, 36.57it/s]
预训练:  70%|██████▉   | 51/73 [00:01<00:00, 36.50it/s]
预训练:  75%|███████▌  | 55/73 [00:01<00:00, 37.18it/s]
预训练:  81%|████████  | 59/73 [00:01<00:00, 37.24it/s]
预训练:  86%|████████▋ | 63/73 [00:01<00:00, 37.39it/s]
预训练:  92%|█████████▏| 67/73 [00:01<00:00, 38.03it/s]
预训练:  97%|█████████▋| 71/73 [00:01<00:00, 38.16it/s]
预训练: 100%|██████████| 73/73 [00:01<00:00, 36.77it/s]
  [损失分解] Pred: 0.005556, Latent: 0.001287, Consistency: 0.001127, MultiX: 0.015092, MultiZ: 0.002430
Epoch 68/300: Train Loss = 0.023069, Val Loss = 0.005141, LR = 3.00e-04

预训练:   0%|          | 0/73 [00:00<?, ?it/s]
预训练:   4%|▍         | 3/73 [00:00<00:02, 28.16it/s]
预训练:  10%|▉         | 7/73 [00:00<00:02, 32.87it/s]
预训练:  15%|█▌        | 11/73 [00:00<00:01, 34.76it/s]
预训练:  21%|██        | 15/73 [00:00<00:01, 35.53it/s]
预训练:  26%|██▌       | 19/73 [00:00<00:01, 36.61it/s]
预训练:  32%|███▏      | 23/73 [00:00<00:01, 36.64it/s]
预训练:  37%|███▋      | 27/73 [00:00<00:01, 36.44it/s]
预训练:  42%|████▏     | 31/73 [00:00<00:01, 36.52it/s]
预训练:  48%|████▊     | 35/73 [00:00<00:01, 36.58it/s]
预训练:  53%|█████▎    | 39/73 [00:01<00:00, 37.03it/s]
预训练:  59%|█████▉    | 43/73 [00:01<00:00, 36.82it/s]
预训练:  64%|██████▍   | 47/73 [00:01<00:00, 37.20it/s]
预训练:  70%|██████▉   | 51/73 [00:01<00:00, 37.26it/s]
预训练:  75%|███████▌  | 55/73 [00:01<00:00, 37.40it/s]
预训练:  81%|████████  | 59/73 [00:01<00:00, 37.29it/s]
预训练:  86%|████████▋ | 63/73 [00:01<00:00, 37.85it/s]
预训练:  92%|█████████▏| 67/73 [00:01<00:00, 38.47it/s]
预训练:  97%|█████████▋| 71/73 [00:01<00:00, 38.58it/s]
预训练: 100%|██████████| 73/73 [00:01<00:00, 37.09it/s]
  [损失分解] Pred: 0.005564, Latent: 0.001273, Consistency: 0.001114, MultiX: 0.014977, MultiZ: 0.002401
Epoch 69/300: Train Loss = 0.022935, Val Loss = 0.005014, LR = 3.00e-04

预训练:   0%|          | 0/73 [00:00<?, ?it/s]
预训练:   4%|▍         | 3/73 [00:00<00:02, 28.04it/s]
预训练:  10%|▉         | 7/73 [00:00<00:01, 33.35it/s]
预训练:  15%|█▌        | 11/73 [00:00<00:01, 35.49it/s]
预训练:  21%|██        | 15/73 [00:00<00:01, 35.58it/s]
预训练:  26%|██▌       | 19/73 [00:00<00:01, 36.59it/s]
预训练:  32%|███▏      | 23/73 [00:00<00:01, 36.51it/s]
预训练:  37%|███▋      | 27/73 [00:00<00:01, 36.79it/s]
预训练:  42%|████▏     | 31/73 [00:00<00:01, 36.44it/s]
预训练:  48%|████▊     | 35/73 [00:00<00:01, 36.01it/s]
预训练:  53%|█████▎    | 39/73 [00:01<00:00, 36.22it/s]
预训练:  59%|█████▉    | 43/73 [00:01<00:00, 36.06it/s]
预训练:  64%|██████▍   | 47/73 [00:01<00:00, 36.76it/s]
预训练:  70%|██████▉   | 51/73 [00:01<00:00, 37.16it/s]
预训练:  75%|███████▌  | 55/73 [00:01<00:00, 37.31it/s]
预训练:  81%|████████  | 59/73 [00:01<00:00, 37.02it/s]
预训练:  86%|████████▋ | 63/73 [00:01<00:00, 37.13it/s]
预训练:  92%|█████████▏| 67/73 [00:01<00:00, 37.73it/s]
预训练:  97%|█████████▋| 71/73 [00:01<00:00, 38.16it/s]
预训练: 100%|██████████| 73/73 [00:01<00:00, 36.77it/s]
  [损失分解] Pred: 0.005620, Latent: 0.001261, Consistency: 0.001105, MultiX: 0.014935, MultiZ: 0.002375
Epoch 70/300: Train Loss = 0.022926, Val Loss = 0.005192, LR = 3.00e-04

预训练:   0%|          | 0/73 [00:00<?, ?it/s]
预训练:   4%|▍         | 3/73 [00:00<00:02, 28.85it/s]
预训练:  10%|▉         | 7/73 [00:00<00:01, 34.12it/s]
预训练:  15%|█▌        | 11/73 [00:00<00:01, 35.47it/s]
预训练:  21%|██        | 15/73 [00:00<00:01, 36.63it/s]
预训练:  26%|██▌       | 19/73 [00:00<00:01, 36.53it/s]
预训练:  32%|███▏      | 23/73 [00:00<00:01, 36.59it/s]
预训练:  37%|███▋      | 27/73 [00:00<00:01, 36.74it/s]
预训练:  42%|████▏     | 31/73 [00:00<00:01, 37.16it/s]
预训练:  48%|████▊     | 35/73 [00:00<00:01, 37.12it/s]
预训练:  53%|█████▎    | 39/73 [00:01<00:00, 36.78it/s]
预训练:  59%|█████▉    | 43/73 [00:01<00:00, 37.39it/s]
预训练:  64%|██████▍   | 47/73 [00:01<00:00, 37.11it/s]
预训练:  70%|██████▉   | 51/73 [00:01<00:00, 37.09it/s]
预训练:  75%|███████▌  | 55/73 [00:01<00:00, 37.07it/s]
预训练:  81%|████████  | 59/73 [00:01<00:00, 37.06it/s]
预训练:  86%|████████▋ | 63/73 [00:01<00:00, 37.79it/s]
预训练:  92%|█████████▏| 67/73 [00:01<00:00, 38.21it/s]
预训练:  97%|█████████▋| 71/73 [00:01<00:00, 38.17it/s]
预训练: 100%|██████████| 73/73 [00:01<00:00, 37.12it/s]
  [损失分解] Pred: 0.005513, Latent: 0.001234, Consistency: 0.001080, MultiX: 0.014847, MultiZ: 0.002352
Epoch 71/300: Train Loss = 0.022693, Val Loss = 0.005096, LR = 3.00e-04

预训练:   0%|          | 0/73 [00:00<?, ?it/s]
预训练:   3%|▎         | 2/73 [00:00<00:03, 18.18it/s]
预训练:   8%|▊         | 6/73 [00:00<00:02, 29.03it/s]
预训练:  14%|█▎        | 10/73 [00:00<00:01, 31.99it/s]
预训练:  19%|█▉        | 14/73 [00:00<00:01, 33.71it/s]
预训练:  25%|██▍       | 18/73 [00:00<00:01, 34.66it/s]
预训练:  30%|███       | 22/73 [00:00<00:01, 35.13it/s]
预训练:  36%|███▌      | 26/73 [00:00<00:01, 35.43it/s]
预训练:  41%|████      | 30/73 [00:00<00:01, 36.04it/s]
预训练:  47%|████▋     | 34/73 [00:00<00:01, 36.55it/s]
预训练:  52%|█████▏    | 38/73 [00:01<00:00, 35.99it/s]
预训练:  58%|█████▊    | 42/73 [00:01<00:00, 36.30it/s]
预训练:  63%|██████▎   | 46/73 [00:01<00:00, 36.42it/s]
预训练:  68%|██████▊   | 50/73 [00:01<00:00, 36.71it/s]
预训练:  74%|███████▍  | 54/73 [00:01<00:00, 37.01it/s]
预训练:  79%|███████▉  | 58/73 [00:01<00:00, 36.61it/s]
预训练:  85%|████████▍ | 62/73 [00:01<00:00, 37.09it/s]
预训练:  90%|█████████ | 66/73 [00:01<00:00, 37.60it/s]
预训练:  97%|█████████▋| 71/73 [00:01<00:00, 38.30it/s]
预训练: 100%|██████████| 73/73 [00:02<00:00, 36.11it/s]
  [损失分解] Pred: 0.005465, Latent: 0.001220, Consistency: 0.001063, MultiX: 0.014589, MultiZ: 0.002309
Epoch 72/300: Train Loss = 0.022350, Val Loss = 0.005008, LR = 3.00e-04

预训练:   0%|          | 0/73 [00:00<?, ?it/s]
预训练:   3%|▎         | 2/73 [00:00<00:03, 19.05it/s]
预训练:   8%|▊         | 6/73 [00:00<00:02, 30.08it/s]
预训练:  14%|█▎        | 10/73 [00:00<00:01, 33.16it/s]
预训练:  19%|█▉        | 14/73 [00:00<00:01, 34.80it/s]
预训练:  25%|██▍       | 18/73 [00:00<00:01, 35.26it/s]
预训练:  30%|███       | 22/73 [00:00<00:01, 36.47it/s]
预训练:  36%|███▌      | 26/73 [00:00<00:01, 37.23it/s]
预训练:  41%|████      | 30/73 [00:00<00:01, 36.83it/s]
预训练:  47%|████▋     | 34/73 [00:00<00:01, 37.00it/s]
预训练:  52%|█████▏    | 38/73 [00:01<00:00, 36.59it/s]
预训练:  58%|█████▊    | 42/73 [00:01<00:00, 36.42it/s]
预训练:  63%|██████▎   | 46/73 [00:01<00:00, 37.13it/s]
预训练:  68%|██████▊   | 50/73 [00:01<00:00, 37.20it/s]
预训练:  74%|███████▍  | 54/73 [00:01<00:00, 37.05it/s]
预训练:  79%|███████▉  | 58/73 [00:01<00:00, 36.77it/s]
预训练:  85%|████████▍ | 62/73 [00:01<00:00, 37.37it/s]
预训练:  92%|█████████▏| 67/73 [00:01<00:00, 38.15it/s]
预训练:  97%|█████████▋| 71/73 [00:01<00:00, 38.45it/s]
预训练: 100%|██████████| 73/73 [00:01<00:00, 36.68it/s]
  [损失分解] Pred: 0.005505, Latent: 0.001208, Consistency: 0.001054, MultiX: 0.014579, MultiZ: 0.002290
Epoch 73/300: Train Loss = 0.022360, Val Loss = 0.005108, LR = 3.00e-04

预训练:   0%|          | 0/73 [00:00<?, ?it/s]
预训练:   4%|▍         | 3/73 [00:00<00:02, 27.03it/s]
预训练:  10%|▉         | 7/73 [00:00<00:01, 33.03it/s]
预训练:  15%|█▌        | 11/73 [00:00<00:01, 35.15it/s]
预训练:  21%|██        | 15/73 [00:00<00:01, 36.43it/s]
预训练:  26%|██▌       | 19/73 [00:00<00:01, 36.28it/s]
预训练:  32%|███▏      | 23/73 [00:00<00:01, 36.09it/s]
预训练:  37%|███▋      | 27/73 [00:00<00:01, 36.73it/s]
预训练:  42%|████▏     | 31/73 [00:00<00:01, 36.29it/s]
预训练:  48%|████▊     | 35/73 [00:00<00:01, 36.52it/s]
预训练:  53%|█████▎    | 39/73 [00:01<00:00, 36.78it/s]
预训练:  59%|█████▉    | 43/73 [00:01<00:00, 36.86it/s]
预训练:  64%|██████▍   | 47/73 [00:01<00:00, 36.91it/s]
预训练:  70%|██████▉   | 51/73 [00:01<00:00, 36.64it/s]
预训练:  75%|███████▌  | 55/73 [00:01<00:00, 36.97it/s]
预训练:  81%|████████  | 59/73 [00:01<00:00, 36.99it/s]
预训练:  86%|████████▋ | 63/73 [00:01<00:00, 37.74it/s]
预训练:  92%|█████████▏| 67/73 [00:01<00:00, 38.28it/s]
预训练:  97%|█████████▋| 71/73 [00:01<00:00, 38.56it/s]
预训练: 100%|██████████| 73/73 [00:01<00:00, 36.94it/s]
  [损失分解] Pred: 0.005527, Latent: 0.001190, Consistency: 0.001043, MultiX: 0.014600, MultiZ: 0.002271
Epoch 74/300: Train Loss = 0.022379, Val Loss = 0.005119, LR = 3.00e-04

预训练:   0%|          | 0/73 [00:00<?, ?it/s]
预训练:   4%|▍         | 3/73 [00:00<00:02, 28.30it/s]
预训练:  10%|▉         | 7/73 [00:00<00:01, 33.48it/s]
预训练:  15%|█▌        | 11/73 [00:00<00:01, 34.81it/s]
预训练:  21%|██        | 15/73 [00:00<00:01, 35.43it/s]
预训练:  26%|██▌       | 19/73 [00:00<00:01, 35.77it/s]
预训练:  32%|███▏      | 23/73 [00:00<00:01, 36.77it/s]
预训练:  37%|███▋      | 27/73 [00:00<00:01, 36.64it/s]
预训练:  42%|████▏     | 31/73 [00:00<00:01, 36.66it/s]
预训练:  48%|████▊     | 35/73 [00:00<00:01, 36.56it/s]
预训练:  53%|█████▎    | 39/73 [00:01<00:00, 36.40it/s]
预训练:  59%|█████▉    | 43/73 [00:01<00:00, 36.59it/s]
预训练:  64%|██████▍   | 47/73 [00:01<00:00, 36.62it/s]
预训练:  70%|██████▉   | 51/73 [00:01<00:00, 36.11it/s]
预训练:  75%|███████▌  | 55/73 [00:01<00:00, 36.48it/s]
预训练:  81%|████████  | 59/73 [00:01<00:00, 36.15it/s]
预训练:  86%|████████▋ | 63/73 [00:01<00:00, 37.02it/s]
预训练:  92%|█████████▏| 67/73 [00:01<00:00, 37.44it/s]
预训练:  97%|█████████▋| 71/73 [00:01<00:00, 37.74it/s]
预训练: 100%|██████████| 73/73 [00:01<00:00, 36.57it/s]
  [损失分解] Pred: 0.005446, Latent: 0.001177, Consistency: 0.001027, MultiX: 0.014594, MultiZ: 0.002260
Epoch 75/300: Train Loss = 0.022272, Val Loss = 0.004934, LR = 3.00e-04

预训练:   0%|          | 0/73 [00:00<?, ?it/s]
预训练:   4%|▍         | 3/73 [00:00<00:02, 26.55it/s]
预训练:  10%|▉         | 7/73 [00:00<00:01, 33.87it/s]
预训练:  15%|█▌        | 11/73 [00:00<00:01, 35.79it/s]
预训练:  21%|██        | 15/73 [00:00<00:01, 36.02it/s]
预训练:  26%|██▌       | 19/73 [00:00<00:01, 36.15it/s]
预训练:  32%|███▏      | 23/73 [00:00<00:01, 36.26it/s]
预训练:  37%|███▋      | 27/73 [00:00<00:01, 35.97it/s]
预训练:  42%|████▏     | 31/73 [00:00<00:01, 36.10it/s]
预训练:  48%|████▊     | 35/73 [00:00<00:01, 36.49it/s]
预训练:  53%|█████▎    | 39/73 [00:01<00:00, 36.35it/s]
预训练:  59%|█████▉    | 43/73 [00:01<00:00, 36.46it/s]
预训练:  64%|██████▍   | 47/73 [00:01<00:00, 36.84it/s]
预训练:  70%|██████▉   | 51/73 [00:01<00:00, 36.49it/s]
预训练:  75%|███████▌  | 55/73 [00:01<00:00, 36.96it/s]
预训练:  81%|████████  | 59/73 [00:01<00:00, 37.09it/s]
预训练:  86%|████████▋ | 63/73 [00:01<00:00, 37.81it/s]
预训练:  92%|█████████▏| 67/73 [00:01<00:00, 38.44it/s]
预训练:  99%|█████████▊| 72/73 [00:01<00:00, 38.97it/s]
预训练: 100%|██████████| 73/73 [00:01<00:00, 36.97it/s]
  [损失分解] Pred: 0.005391, Latent: 0.001163, Consistency: 0.001012, MultiX: 0.014333, MultiZ: 0.002224
Epoch 76/300: Train Loss = 0.021924, Val Loss = 0.005031, LR = 3.00e-04

预训练:   0%|          | 0/73 [00:00<?, ?it/s]
预训练:   4%|▍         | 3/73 [00:00<00:02, 28.57it/s]
预训练:  10%|▉         | 7/73 [00:00<00:01, 34.76it/s]
预训练:  15%|█▌        | 11/73 [00:00<00:01, 36.46it/s]
预训练:  21%|██        | 15/73 [00:00<00:01, 37.11it/s]
预训练:  26%|██▌       | 19/73 [00:00<00:01, 36.83it/s]
预训练:  32%|███▏      | 23/73 [00:00<00:01, 37.38it/s]
预训练:  37%|███▋      | 27/73 [00:00<00:01, 37.50it/s]
预训练:  42%|████▏     | 31/73 [00:00<00:01, 37.91it/s]
预训练:  48%|████▊     | 35/73 [00:00<00:01, 37.97it/s]
预训练:  53%|█████▎    | 39/73 [00:01<00:00, 37.57it/s]
预训练:  59%|█████▉    | 43/73 [00:01<00:00, 36.26it/s]
预训练:  64%|██████▍   | 47/73 [00:01<00:00, 36.29it/s]
预训练:  70%|██████▉   | 51/73 [00:01<00:00, 36.51it/s]
预训练:  75%|███████▌  | 55/73 [00:01<00:00, 36.67it/s]
预训练:  81%|████████  | 59/73 [00:01<00:00, 36.58it/s]
预训练:  88%|████████▊ | 64/73 [00:01<00:00, 37.81it/s]
预训练:  93%|█████████▎| 68/73 [00:01<00:00, 37.99it/s]
预训练:  99%|█████████▊| 72/73 [00:01<00:00, 38.23it/s]
预训练: 100%|██████████| 73/73 [00:01<00:00, 37.28it/s]
  [损失分解] Pred: 0.005321, Latent: 0.001144, Consistency: 0.000992, MultiX: 0.014150, MultiZ: 0.002190
Epoch 77/300: Train Loss = 0.021634, Val Loss = 0.005207, LR = 3.00e-04

预训练:   0%|          | 0/73 [00:00<?, ?it/s]
预训练:   4%|▍         | 3/73 [00:00<00:02, 28.85it/s]
预训练:  10%|▉         | 7/73 [00:00<00:01, 34.31it/s]
预训练:  15%|█▌        | 11/73 [00:00<00:01, 35.42it/s]
预训练:  21%|██        | 15/73 [00:00<00:01, 36.03it/s]
预训练:  26%|██▌       | 19/73 [00:00<00:01, 36.52it/s]
预训练:  32%|███▏      | 23/73 [00:00<00:01, 37.16it/s]
预训练:  37%|███▋      | 27/73 [00:00<00:01, 36.79it/s]
预训练:  42%|████▏     | 31/73 [00:00<00:01, 37.31it/s]
预训练:  48%|████▊     | 35/73 [00:00<00:01, 37.80it/s]
预训练:  53%|█████▎    | 39/73 [00:01<00:00, 37.24it/s]
预训练:  59%|█████▉    | 43/73 [00:01<00:00, 36.86it/s]
预训练:  64%|██████▍   | 47/73 [00:01<00:00, 36.81it/s]
预训练:  70%|██████▉   | 51/73 [00:01<00:00, 36.67it/s]
预训练:  75%|███████▌  | 55/73 [00:01<00:00, 36.82it/s]
预训练:  81%|████████  | 59/73 [00:01<00:00, 36.89it/s]
预训练:  86%|████████▋ | 63/73 [00:01<00:00, 37.56it/s]
预训练:  92%|█████████▏| 67/73 [00:01<00:00, 38.15it/s]
预训练:  97%|█████████▋| 71/73 [00:01<00:00, 38.46it/s]
预训练: 100%|██████████| 73/73 [00:01<00:00, 37.14it/s]
  [损失分解] Pred: 0.005425, Latent: 0.001144, Consistency: 0.000993, MultiX: 0.014565, MultiZ: 0.002219
Epoch 78/300: Train Loss = 0.022169, Val Loss = 0.005134, LR = 3.00e-04

预训练:   0%|          | 0/73 [00:00<?, ?it/s]
预训练:   4%|▍         | 3/73 [00:00<00:02, 28.85it/s]
预训练:  10%|▉         | 7/73 [00:00<00:01, 33.37it/s]
预训练:  15%|█▌        | 11/73 [00:00<00:01, 35.35it/s]
预训练:  21%|██        | 15/73 [00:00<00:01, 36.02it/s]
预训练:  26%|██▌       | 19/73 [00:00<00:01, 35.67it/s]
预训练:  32%|███▏      | 23/73 [00:00<00:01, 36.24it/s]
预训练:  37%|███▋      | 27/73 [00:00<00:01, 36.83it/s]
预训练:  42%|████▏     | 31/73 [00:00<00:01, 36.68it/s]
预训练:  48%|████▊     | 35/73 [00:00<00:01, 36.17it/s]
预训练:  53%|█████▎    | 39/73 [00:01<00:00, 36.74it/s]
预训练:  59%|█████▉    | 43/73 [00:01<00:00, 36.83it/s]
预训练:  64%|██████▍   | 47/73 [00:01<00:00, 36.89it/s]
预训练:  70%|██████▉   | 51/73 [00:01<00:00, 36.94it/s]
预训练:  75%|███████▌  | 55/73 [00:01<00:00, 36.66it/s]
预训练:  81%|████████  | 59/73 [00:01<00:00, 36.57it/s]
预训练:  86%|████████▋ | 63/73 [00:01<00:00, 37.33it/s]
预训练:  92%|█████████▏| 67/73 [00:01<00:00, 37.77it/s]
预训练:  97%|█████████▋| 71/73 [00:01<00:00, 37.87it/s]
预训练: 100%|██████████| 73/73 [00:01<00:00, 36.79it/s]
  [损失分解] Pred: 0.005411, Latent: 0.001129, Consistency: 0.000982, MultiX: 0.014267, MultiZ: 0.002175
Epoch 79/300: Train Loss = 0.021822, Val Loss = 0.004841, LR = 3.00e-04

预训练:   0%|          | 0/73 [00:00<?, ?it/s]
预训练:   4%|▍         | 3/73 [00:00<00:02, 27.03it/s]
预训练:  10%|▉         | 7/73 [00:00<00:01, 33.57it/s]
预训练:  15%|█▌        | 11/73 [00:00<00:01, 35.31it/s]
预训练:  21%|██        | 15/73 [00:00<00:01, 36.40it/s]
预训练:  26%|██▌       | 19/73 [00:00<00:01, 36.63it/s]
预训练:  32%|███▏      | 23/73 [00:00<00:01, 36.77it/s]
预训练:  37%|███▋      | 27/73 [00:00<00:01, 36.41it/s]
预训练:  42%|████▏     | 31/73 [00:00<00:01, 36.53it/s]
预训练:  48%|████▊     | 35/73 [00:00<00:01, 36.38it/s]
预训练:  53%|█████▎    | 39/73 [00:01<00:00, 35.87it/s]
预训练:  59%|█████▉    | 43/73 [00:01<00:00, 35.72it/s]
预训练:  64%|██████▍   | 47/73 [00:01<00:00, 36.01it/s]
预训练:  70%|██████▉   | 51/73 [00:01<00:00, 36.42it/s]
预训练:  75%|███████▌  | 55/73 [00:01<00:00, 36.30it/s]
预训练:  81%|████████  | 59/73 [00:01<00:00, 36.93it/s]
预训练:  86%|████████▋ | 63/73 [00:01<00:00, 37.59it/s]
预训练:  92%|█████████▏| 67/73 [00:01<00:00, 38.06it/s]
预训练:  97%|█████████▋| 71/73 [00:01<00:00, 38.40it/s]
预训练: 100%|██████████| 73/73 [00:01<00:00, 36.71it/s]
  [损失分解] Pred: 0.005281, Latent: 0.001109, Consistency: 0.000962, MultiX: 0.013849, MultiZ: 0.002125
Epoch 80/300: Train Loss = 0.021229, Val Loss = 0.004867, LR = 3.00e-04

预训练:   0%|          | 0/73 [00:00<?, ?it/s]
预训练:   4%|▍         | 3/73 [00:00<00:02, 28.69it/s]
预训练:  10%|▉         | 7/73 [00:00<00:02, 32.94it/s]
预训练:  15%|█▌        | 11/73 [00:00<00:01, 33.94it/s]
预训练:  21%|██        | 15/73 [00:00<00:01, 35.65it/s]
预训练:  26%|██▌       | 19/73 [00:00<00:01, 36.15it/s]
预训练:  32%|███▏      | 23/73 [00:00<00:01, 35.78it/s]
预训练:  37%|███▋      | 27/73 [00:00<00:01, 36.29it/s]
预训练:  42%|████▏     | 31/73 [00:00<00:01, 36.42it/s]
预训练:  48%|████▊     | 35/73 [00:00<00:01, 36.30it/s]
预训练:  53%|█████▎    | 39/73 [00:01<00:00, 36.22it/s]
预训练:  59%|█████▉    | 43/73 [00:01<00:00, 36.36it/s]
预训练:  64%|██████▍   | 47/73 [00:01<00:00, 36.98it/s]
预训练:  70%|██████▉   | 51/73 [00:01<00:00, 37.20it/s]
预训练:  75%|███████▌  | 55/73 [00:01<00:00, 36.95it/s]
预训练:  81%|████████  | 59/73 [00:01<00:00, 37.08it/s]
预训练:  86%|████████▋ | 63/73 [00:01<00:00, 37.17it/s]
预训练:  92%|█████████▏| 67/73 [00:01<00:00, 37.44it/s]
预训练:  99%|█████████▊| 72/73 [00:01<00:00, 38.30it/s]
预训练: 100%|██████████| 73/73 [00:01<00:00, 36.71it/s]
  [损失分解] Pred: 0.005338, Latent: 0.001099, Consistency: 0.000955, MultiX: 0.014049, MultiZ: 0.002127
Epoch 81/300: Train Loss = 0.021478, Val Loss = 0.004926, LR = 3.00e-04

预训练:   0%|          | 0/73 [00:00<?, ?it/s]
预训练:   4%|▍         | 3/73 [00:00<00:02, 27.52it/s]
预训练:  10%|▉         | 7/73 [00:00<00:02, 32.39it/s]
预训练:  15%|█▌        | 11/73 [00:00<00:01, 34.34it/s]
预训练:  21%|██        | 15/73 [00:00<00:01, 35.65it/s]
预训练:  26%|██▌       | 19/73 [00:00<00:01, 36.15it/s]
预训练:  32%|███▏      | 23/73 [00:00<00:01, 36.45it/s]
预训练:  37%|███▋      | 27/73 [00:00<00:01, 36.75it/s]
预训练:  42%|████▏     | 31/73 [00:00<00:01, 36.63it/s]
预训练:  48%|████▊     | 35/73 [00:00<00:01, 36.55it/s]
预训练:  53%|█████▎    | 39/73 [00:01<00:00, 37.12it/s]
预训练:  59%|█████▉    | 43/73 [00:01<00:00, 37.09it/s]
预训练:  64%|██████▍   | 47/73 [00:01<00:00, 36.97it/s]
预训练:  70%|██████▉   | 51/73 [00:01<00:00, 36.89it/s]
预训练:  75%|███████▌  | 55/73 [00:01<00:00, 36.63it/s]
预训练:  81%|████████  | 59/73 [00:01<00:00, 36.05it/s]
预训练:  88%|████████▊ | 64/73 [00:01<00:00, 37.05it/s]
预训练:  95%|█████████▍| 69/73 [00:01<00:00, 37.98it/s]
预训练: 100%|██████████| 73/73 [00:01<00:00, 36.81it/s]
  [损失分解] Pred: 0.005309, Latent: 0.001086, Consistency: 0.000944, MultiX: 0.013889, MultiZ: 0.002096
Epoch 82/300: Train Loss = 0.021261, Val Loss = 0.004876, LR = 3.00e-04

预训练:   0%|          | 0/73 [00:00<?, ?it/s]
预训练:   4%|▍         | 3/73 [00:00<00:02, 27.03it/s]
预训练:  10%|▉         | 7/73 [00:00<00:01, 33.39it/s]
预训练:  15%|█▌        | 11/73 [00:00<00:01, 34.59it/s]
预训练:  21%|██        | 15/73 [00:00<00:01, 35.29it/s]
预训练:  26%|██▌       | 19/73 [00:00<00:01, 36.15it/s]
预训练:  32%|███▏      | 23/73 [00:00<00:01, 36.23it/s]
预训练:  37%|███▋      | 27/73 [00:00<00:01, 36.71it/s]
预训练:  42%|████▏     | 31/73 [00:00<00:01, 36.86it/s]
预训练:  48%|████▊     | 35/73 [00:00<00:01, 36.81it/s]
预训练:  53%|█████▎    | 39/73 [00:01<00:00, 36.88it/s]
预训练:  59%|█████▉    | 43/73 [00:01<00:00, 36.31it/s]
预训练:  64%|██████▍   | 47/73 [00:01<00:00, 36.73it/s]
预训练:  70%|██████▉   | 51/73 [00:01<00:00, 36.32it/s]
预训练:  75%|███████▌  | 55/73 [00:01<00:00, 36.53it/s]
预训练:  81%|████████  | 59/73 [00:01<00:00, 36.28it/s]
预训练:  88%|████████▊ | 64/73 [00:01<00:00, 37.60it/s]
预训练:  93%|█████████▎| 68/73 [00:01<00:00, 37.64it/s]
预训练:  99%|█████████▊| 72/73 [00:01<00:00, 38.19it/s]
预训练: 100%|██████████| 73/73 [00:01<00:00, 36.70it/s]
  [损失分解] Pred: 0.005171, Latent: 0.001063, Consistency: 0.000921, MultiX: 0.013375, MultiZ: 0.002037
Epoch 83/300: Train Loss = 0.020556, Val Loss = 0.005053, LR = 3.00e-04

预训练:   0%|          | 0/73 [00:00<?, ?it/s]
预训练:   4%|▍         | 3/73 [00:00<00:02, 28.04it/s]
预训练:  10%|▉         | 7/73 [00:00<00:01, 33.35it/s]
预训练:  15%|█▌        | 11/73 [00:00<00:01, 35.49it/s]
预训练:  21%|██        | 15/73 [00:00<00:01, 35.58it/s]
预训练:  26%|██▌       | 19/73 [00:00<00:01, 35.87it/s]
预训练:  32%|███▏      | 23/73 [00:00<00:01, 35.81it/s]
预训练:  37%|███▋      | 27/73 [00:00<00:01, 35.89it/s]
预训练:  42%|████▏     | 31/73 [00:00<00:01, 36.46it/s]
预训练:  48%|████▊     | 35/73 [00:00<00:01, 36.22it/s]
预训练:  53%|█████▎    | 39/73 [00:01<00:00, 36.37it/s]
预训练:  59%|█████▉    | 43/73 [00:01<00:00, 36.57it/s]
预训练:  64%|██████▍   | 47/73 [00:01<00:00, 36.11it/s]
预训练:  70%|██████▉   | 51/73 [00:01<00:00, 35.99it/s]
预训练:  75%|███████▌  | 55/73 [00:01<00:00, 36.50it/s]
预训练:  81%|████████  | 59/73 [00:01<00:00, 36.97it/s]
预训练:  86%|████████▋ | 63/73 [00:01<00:00, 37.61it/s]
预训练:  92%|█████████▏| 67/73 [00:01<00:00, 38.19it/s]
预训练:  97%|█████████▋| 71/73 [00:01<00:00, 38.49it/s]
预训练: 100%|██████████| 73/73 [00:01<00:00, 36.72it/s]
  [损失分解] Pred: 0.005229, Latent: 0.001064, Consistency: 0.000919, MultiX: 0.013827, MultiZ: 0.002071
Epoch 84/300: Train Loss = 0.021083, Val Loss = 0.004966, LR = 3.00e-04

预训练:   0%|          | 0/73 [00:00<?, ?it/s]
预训练:   4%|▍         | 3/73 [00:00<00:02, 28.57it/s]
预训练:  10%|▉         | 7/73 [00:00<00:01, 33.98it/s]
预训练:  15%|█▌        | 11/73 [00:00<00:01, 34.80it/s]
预训练:  21%|██        | 15/73 [00:00<00:01, 35.55it/s]
预训练:  26%|██▌       | 19/73 [00:00<00:01, 35.73it/s]
预训练:  32%|███▏      | 23/73 [00:00<00:01, 36.06it/s]
预训练:  37%|███▋      | 27/73 [00:00<00:01, 36.05it/s]
预训练:  42%|████▏     | 31/73 [00:00<00:01, 36.36it/s]
预训练:  48%|████▊     | 35/73 [00:00<00:01, 35.75it/s]
预训练:  53%|█████▎    | 39/73 [00:01<00:00, 35.84it/s]
预训练:  59%|█████▉    | 43/73 [00:01<00:00, 35.90it/s]
预训练:  64%|██████▍   | 47/73 [00:01<00:00, 36.85it/s]
预训练:  70%|██████▉   | 51/73 [00:01<00:00, 37.22it/s]
预训练:  75%|███████▌  | 55/73 [00:01<00:00, 37.48it/s]
预训练:  81%|████████  | 59/73 [00:01<00:00, 37.49it/s]
预训练:  86%|████████▋ | 63/73 [00:01<00:00, 37.99it/s]
预训练:  92%|█████████▏| 67/73 [00:01<00:00, 38.25it/s]
预训练:  97%|█████████▋| 71/73 [00:01<00:00, 38.42it/s]
预训练: 100%|██████████| 73/73 [00:01<00:00, 36.86it/s]
  [损失分解] Pred: 0.005146, Latent: 0.001050, Consistency: 0.000905, MultiX: 0.013506, MultiZ: 0.002032
Epoch 85/300: Train Loss = 0.020645, Val Loss = 0.004814, LR = 3.00e-04

预训练:   0%|          | 0/73 [00:00<?, ?it/s]
预训练:   3%|▎         | 2/73 [00:00<00:03, 18.82it/s]
预训练:   8%|▊         | 6/73 [00:00<00:02, 30.10it/s]
预训练:  14%|█▎        | 10/73 [00:00<00:01, 32.69it/s]
预训练:  19%|█▉        | 14/73 [00:00<00:01, 34.57it/s]
预训练:  25%|██▍       | 18/73 [00:00<00:01, 35.07it/s]
预训练:  30%|███       | 22/73 [00:00<00:01, 35.51it/s]
预训练:  36%|███▌      | 26/73 [00:00<00:01, 35.79it/s]
预训练:  41%|████      | 30/73 [00:00<00:01, 36.16it/s]
预训练:  47%|████▋     | 34/73 [00:00<00:01, 36.32it/s]
预训练:  52%|█████▏    | 38/73 [00:01<00:00, 36.96it/s]
预训练:  58%|█████▊    | 42/73 [00:01<00:00, 36.88it/s]
预训练:  63%|██████▎   | 46/73 [00:01<00:00, 36.68it/s]
预训练:  68%|██████▊   | 50/73 [00:01<00:00, 37.17it/s]
预训练:  74%|███████▍  | 54/73 [00:01<00:00, 36.76it/s]
预训练:  79%|███████▉  | 58/73 [00:01<00:00, 36.74it/s]
预训练:  85%|████████▍ | 62/73 [00:01<00:00, 36.60it/s]
预训练:  90%|█████████ | 66/73 [00:01<00:00, 37.14it/s]
预训练:  96%|█████████▌| 70/73 [00:01<00:00, 37.21it/s]
预训练: 100%|██████████| 73/73 [00:02<00:00, 36.09it/s]
  [损失分解] Pred: 0.005139, Latent: 0.001035, Consistency: 0.000895, MultiX: 0.013303, MultiZ: 0.001999
Epoch 86/300: Train Loss = 0.020406, Val Loss = 0.004785, LR = 3.00e-04

预训练:   0%|          | 0/73 [00:00<?, ?it/s]
预训练:   4%|▍         | 3/73 [00:00<00:02, 28.04it/s]
预训练:  10%|▉         | 7/73 [00:00<00:01, 34.10it/s]
预训练:  15%|█▌        | 11/73 [00:00<00:01, 35.31it/s]
预训练:  21%|██        | 15/73 [00:00<00:01, 35.60it/s]
预训练:  26%|██▌       | 19/73 [00:00<00:01, 35.88it/s]
预训练:  32%|███▏      | 23/73 [00:00<00:01, 36.61it/s]
预训练:  37%|███▋      | 27/73 [00:00<00:01, 36.64it/s]
预训练:  42%|████▏     | 31/73 [00:00<00:01, 36.77it/s]
预训练:  48%|████▊     | 35/73 [00:00<00:01, 36.68it/s]
预训练:  53%|█████▎    | 39/73 [00:01<00:00, 36.58it/s]
预训练:  59%|█████▉    | 43/73 [00:01<00:00, 36.72it/s]
预训练:  64%|██████▍   | 47/73 [00:01<00:00, 36.41it/s]
预训练:  70%|██████▉   | 51/73 [00:01<00:00, 36.70it/s]
预训练:  75%|███████▌  | 55/73 [00:01<00:00, 36.43it/s]
预训练:  81%|████████  | 59/73 [00:01<00:00, 37.02it/s]
预训练:  86%|████████▋ | 63/73 [00:01<00:00, 37.76it/s]
预训练:  92%|█████████▏| 67/73 [00:01<00:00, 38.19it/s]
预训练:  97%|█████████▋| 71/73 [00:01<00:00, 38.60it/s]
预训练: 100%|██████████| 73/73 [00:01<00:00, 36.96it/s]
  [损失分解] Pred: 0.005217, Latent: 0.001032, Consistency: 0.000894, MultiX: 0.013479, MultiZ: 0.002002
Epoch 87/300: Train Loss = 0.020660, Val Loss = 0.004795, LR = 3.00e-04

预训练:   0%|          | 0/73 [00:00<?, ?it/s]
预训练:   4%|▍         | 3/73 [00:00<00:02, 27.27it/s]
预训练:  10%|▉         | 7/73 [00:00<00:01, 34.14it/s]
预训练:  15%|█▌        | 11/73 [00:00<00:01, 35.95it/s]
预训练:  21%|██        | 15/73 [00:00<00:01, 36.12it/s]
预训练:  26%|██▌       | 19/73 [00:00<00:01, 36.09it/s]
预训练:  32%|███▏      | 23/73 [00:00<00:01, 36.28it/s]
预训练:  37%|███▋      | 27/73 [00:00<00:01, 36.75it/s]
预训练:  42%|████▏     | 31/73 [00:00<00:01, 36.41it/s]
预训练:  48%|████▊     | 35/73 [00:00<00:01, 36.09it/s]
预训练:  53%|█████▎    | 39/73 [00:01<00:00, 36.90it/s]
预训练:  59%|█████▉    | 43/73 [00:01<00:00, 36.73it/s]
预训练:  64%|██████▍   | 47/73 [00:01<00:00, 36.72it/s]
预训练:  70%|██████▉   | 51/73 [00:01<00:00, 36.92it/s]
预训练:  75%|███████▌  | 55/73 [00:01<00:00, 36.65it/s]
预训练:  81%|████████  | 59/73 [00:01<00:00, 36.66it/s]
预训练:  86%|████████▋ | 63/73 [00:01<00:00, 36.37it/s]
预训练:  92%|█████████▏| 67/73 [00:01<00:00, 37.08it/s]
预训练:  97%|█████████▋| 71/73 [00:01<00:00, 37.07it/s]
预训练: 100%|██████████| 73/73 [00:01<00:00, 36.52it/s]
  [损失分解] Pred: 0.005067, Latent: 0.001012, Consistency: 0.000873, MultiX: 0.013054, MultiZ: 0.001953
Epoch 88/300: Train Loss = 0.020041, Val Loss = 0.004893, LR = 3.00e-04

预训练:   0%|          | 0/73 [00:00<?, ?it/s]
预训练:   4%|▍         | 3/73 [00:00<00:02, 27.03it/s]
预训练:  10%|▉         | 7/73 [00:00<00:01, 33.76it/s]
预训练:  15%|█▌        | 11/73 [00:00<00:01, 36.35it/s]
预训练:  21%|██        | 15/73 [00:00<00:01, 36.63it/s]
预训练:  26%|██▌       | 19/73 [00:00<00:01, 36.90it/s]
预训练:  32%|███▏      | 23/73 [00:00<00:01, 37.31it/s]
预训练:  37%|███▋      | 27/73 [00:00<00:01, 37.92it/s]
预训练:  42%|████▏     | 31/73 [00:00<00:01, 37.97it/s]
预训练:  48%|████▊     | 35/73 [00:00<00:01, 36.80it/s]
预训练:  53%|█████▎    | 39/73 [00:01<00:00, 37.19it/s]
预训练:  59%|█████▉    | 43/73 [00:01<00:00, 36.83it/s]
预训练:  64%|██████▍   | 47/73 [00:01<00:00, 36.79it/s]
预训练:  70%|██████▉   | 51/73 [00:01<00:00, 37.60it/s]
预训练:  75%|███████▌  | 55/73 [00:01<00:00, 37.53it/s]
预训练:  81%|████████  | 59/73 [00:01<00:00, 37.59it/s]
预训练:  86%|████████▋ | 63/73 [00:01<00:00, 38.07it/s]
预训练:  92%|█████████▏| 67/73 [00:01<00:00, 38.30it/s]
预训练:  99%|█████████▊| 72/73 [00:01<00:00, 38.77it/s]
预训练: 100%|██████████| 73/73 [00:01<00:00, 37.40it/s]
  [损失分解] Pred: 0.005079, Latent: 0.001004, Consistency: 0.000866, MultiX: 0.013142, MultiZ: 0.001950
Epoch 89/300: Train Loss = 0.020131, Val Loss = 0.004812, LR = 3.00e-04

预训练:   0%|          | 0/73 [00:00<?, ?it/s]
预训练:   4%|▍         | 3/73 [00:00<00:02, 28.04it/s]
预训练:  10%|▉         | 7/73 [00:00<00:01, 33.62it/s]
预训练:  15%|█▌        | 11/73 [00:00<00:01, 35.80it/s]
预训练:  21%|██        | 15/73 [00:00<00:01, 36.29it/s]
预训练:  26%|██▌       | 19/73 [00:00<00:01, 36.49it/s]
预训练:  32%|███▏      | 23/73 [00:00<00:01, 36.79it/s]
预训练:  37%|███▋      | 27/73 [00:00<00:01, 36.76it/s]
预训练:  42%|████▏     | 31/73 [00:00<00:01, 36.74it/s]
预训练:  48%|████▊     | 35/73 [00:00<00:01, 36.82it/s]
预训练:  53%|█████▎    | 39/73 [00:01<00:00, 36.68it/s]
预训练:  59%|█████▉    | 43/73 [00:01<00:00, 37.00it/s]
预训练:  64%|██████▍   | 47/73 [00:01<00:00, 37.01it/s]
预训练:  70%|██████▉   | 51/73 [00:01<00:00, 37.12it/s]
预训练:  75%|███████▌  | 55/73 [00:01<00:00, 36.99it/s]
预训练:  81%|████████  | 59/73 [00:01<00:00, 36.60it/s]
预训练:  86%|████████▋ | 63/73 [00:01<00:00, 37.08it/s]
预训练:  92%|█████████▏| 67/73 [00:01<00:00, 37.48it/s]
预训练:  97%|█████████▋| 71/73 [00:01<00:00, 37.77it/s]
预训练: 100%|██████████| 73/73 [00:01<00:00, 36.82it/s]
  [损失分解] Pred: 0.005091, Latent: 0.000996, Consistency: 0.000863, MultiX: 0.013146, MultiZ: 0.001941
Epoch 90/300: Train Loss = 0.020137, Val Loss = 0.004836, LR = 3.00e-04

预训练:   0%|          | 0/73 [00:00<?, ?it/s]
预训练:   3%|▎         | 2/73 [00:00<00:03, 18.35it/s]
预训练:   8%|▊         | 6/73 [00:00<00:02, 29.95it/s]
预训练:  14%|█▎        | 10/73 [00:00<00:01, 32.80it/s]
预训练:  19%|█▉        | 14/73 [00:00<00:01, 34.72it/s]
预训练:  25%|██▍       | 18/73 [00:00<00:01, 35.21it/s]
预训练:  30%|███       | 22/73 [00:00<00:01, 35.38it/s]
预训练:  36%|███▌      | 26/73 [00:00<00:01, 36.24it/s]
预训练:  41%|████      | 30/73 [00:00<00:01, 35.86it/s]
预训练:  47%|████▋     | 34/73 [00:00<00:01, 36.12it/s]
预训练:  52%|█████▏    | 38/73 [00:01<00:00, 36.10it/s]
预训练:  58%|█████▊    | 42/73 [00:01<00:00, 36.28it/s]
预训练:  63%|██████▎   | 46/73 [00:01<00:00, 36.30it/s]
预训练:  68%|██████▊   | 50/73 [00:01<00:00, 36.32it/s]
预训练:  74%|███████▍  | 54/73 [00:01<00:00, 36.74it/s]
预训练:  79%|███████▉  | 58/73 [00:01<00:00, 36.22it/s]
预训练:  85%|████████▍ | 62/73 [00:01<00:00, 36.87it/s]
预训练:  90%|█████████ | 66/73 [00:01<00:00, 37.76it/s]
预训练:  96%|█████████▌| 70/73 [00:01<00:00, 38.30it/s]
预训练: 100%|██████████| 73/73 [00:02<00:00, 36.21it/s]
  [损失分解] Pred: 0.005023, Latent: 0.000986, Consistency: 0.000848, MultiX: 0.012865, MultiZ: 0.001906
Epoch 91/300: Train Loss = 0.019759, Val Loss = 0.004714, LR = 3.00e-04

预训练:   0%|          | 0/73 [00:00<?, ?it/s]
预训练:   4%|▍         | 3/73 [00:00<00:02, 25.00it/s]
预训练:  10%|▉         | 7/73 [00:00<00:02, 31.44it/s]
预训练:  15%|█▌        | 11/73 [00:00<00:01, 33.78it/s]
预训练:  21%|██        | 15/73 [00:00<00:01, 35.17it/s]
预训练:  26%|██▌       | 19/73 [00:00<00:01, 35.83it/s]
预训练:  32%|███▏      | 23/73 [00:00<00:01, 36.47it/s]
预训练:  37%|███▋      | 27/73 [00:00<00:01, 36.54it/s]
预训练:  42%|████▏     | 31/73 [00:00<00:01, 36.49it/s]
预训练:  48%|████▊     | 35/73 [00:00<00:01, 36.34it/s]
预训练:  53%|█████▎    | 39/73 [00:01<00:00, 36.76it/s]
预训练:  59%|█████▉    | 43/73 [00:01<00:00, 37.48it/s]
预训练:  64%|██████▍   | 47/73 [00:01<00:00, 37.78it/s]
预训练:  70%|██████▉   | 51/73 [00:01<00:00, 37.98it/s]
预训练:  75%|███████▌  | 55/73 [00:01<00:00, 38.24it/s]
预训练:  81%|████████  | 59/73 [00:01<00:00, 37.33it/s]
预训练:  86%|████████▋ | 63/73 [00:01<00:00, 37.39it/s]
预训练:  92%|█████████▏| 67/73 [00:01<00:00, 38.03it/s]
预训练:  97%|█████████▋| 71/73 [00:01<00:00, 38.60it/s]
预训练: 100%|██████████| 73/73 [00:01<00:00, 36.95it/s]
  [损失分解] Pred: 0.005041, Latent: 0.000978, Consistency: 0.000844, MultiX: 0.012980, MultiZ: 0.001905
Epoch 92/300: Train Loss = 0.019885, Val Loss = 0.004827, LR = 3.00e-04

预训练:   0%|          | 0/73 [00:00<?, ?it/s]
预训练:   4%|▍         | 3/73 [00:00<00:02, 27.52it/s]
预训练:  10%|▉         | 7/73 [00:00<00:02, 32.92it/s]
预训练:  15%|█▌        | 11/73 [00:00<00:01, 35.23it/s]
预训练:  21%|██        | 15/73 [00:00<00:01, 35.95it/s]
预训练:  26%|██▌       | 19/73 [00:00<00:01, 35.96it/s]
预训练:  32%|███▏      | 23/73 [00:00<00:01, 36.33it/s]
预训练:  37%|███▋      | 27/73 [00:00<00:01, 36.56it/s]
预训练:  42%|████▏     | 31/73 [00:00<00:01, 36.82it/s]
预训练:  48%|████▊     | 35/73 [00:00<00:01, 36.46it/s]
预训练:  53%|█████▎    | 39/73 [00:01<00:00, 36.54it/s]
预训练:  59%|█████▉    | 43/73 [00:01<00:00, 36.59it/s]
预训练:  64%|██████▍   | 47/73 [00:01<00:00, 36.93it/s]
预训练:  70%|██████▉   | 51/73 [00:01<00:00, 37.06it/s]
预训练:  75%|███████▌  | 55/73 [00:01<00:00, 37.58it/s]
预训练:  81%|████████  | 59/73 [00:01<00:00, 37.31it/s]
预训练:  88%|████████▊ | 64/73 [00:01<00:00, 38.21it/s]
预训练:  93%|█████████▎| 68/73 [00:01<00:00, 38.28it/s]
预训练:  99%|█████████▊| 72/73 [00:01<00:00, 38.66it/s]
预训练: 100%|██████████| 73/73 [00:01<00:00, 37.05it/s]
  [损失分解] Pred: 0.005024, Latent: 0.000970, Consistency: 0.000837, MultiX: 0.012764, MultiZ: 0.001876
Epoch 93/300: Train Loss = 0.019628, Val Loss = 0.004933, LR = 3.00e-04

预训练:   0%|          | 0/73 [00:00<?, ?it/s]
预训练:   4%|▍         | 3/73 [00:00<00:02, 27.78it/s]
预训练:  10%|▉         | 7/73 [00:00<00:01, 33.86it/s]
预训练:  15%|█▌        | 11/73 [00:00<00:01, 35.48it/s]
预训练:  21%|██        | 15/73 [00:00<00:01, 35.45it/s]
预训练:  26%|██▌       | 19/73 [00:00<00:01, 36.38it/s]
预训练:  32%|███▏      | 23/73 [00:00<00:01, 36.49it/s]
预训练:  37%|███▋      | 27/73 [00:00<00:01, 35.70it/s]
预训练:  42%|████▏     | 31/73 [00:00<00:01, 35.30it/s]
预训练:  48%|████▊     | 35/73 [00:00<00:01, 35.93it/s]
预训练:  53%|█████▎    | 39/73 [00:01<00:00, 36.47it/s]
预训练:  59%|█████▉    | 43/73 [00:01<00:00, 36.22it/s]
预训练:  64%|██████▍   | 47/73 [00:01<00:00, 36.57it/s]
预训练:  70%|██████▉   | 51/73 [00:01<00:00, 36.31it/s]
预训练:  75%|███████▌  | 55/73 [00:01<00:00, 36.52it/s]
预训练:  81%|████████  | 59/73 [00:01<00:00, 36.78it/s]
预训练:  86%|████████▋ | 63/73 [00:01<00:00, 37.59it/s]
预训练:  92%|█████████▏| 67/73 [00:01<00:00, 37.95it/s]
预训练:  97%|█████████▋| 71/73 [00:01<00:00, 38.21it/s]
预训练: 100%|██████████| 73/73 [00:01<00:00, 36.60it/s]
  [损失分解] Pred: 0.004977, Latent: 0.000956, Consistency: 0.000823, MultiX: 0.012731, MultiZ: 0.001862
Epoch 94/300: Train Loss = 0.019529, Val Loss = 0.004867, LR = 3.00e-04

预训练:   0%|          | 0/73 [00:00<?, ?it/s]
预训练:   4%|▍         | 3/73 [00:00<00:02, 27.20it/s]
预训练:  10%|▉         | 7/73 [00:00<00:01, 33.48it/s]
预训练:  15%|█▌        | 11/73 [00:00<00:01, 35.56it/s]
预训练:  21%|██        | 15/73 [00:00<00:01, 36.28it/s]
预训练:  26%|██▌       | 19/73 [00:00<00:01, 36.31it/s]
预训练:  32%|███▏      | 23/73 [00:00<00:01, 35.55it/s]
预训练:  37%|███▋      | 27/73 [00:00<00:01, 35.60it/s]
预训练:  42%|████▏     | 31/73 [00:00<00:01, 36.47it/s]
预训练:  48%|████▊     | 35/73 [00:00<00:01, 36.75it/s]
预训练:  53%|█████▎    | 39/73 [00:01<00:00, 36.75it/s]
预训练:  59%|█████▉    | 43/73 [00:01<00:00, 36.53it/s]
预训练:  64%|██████▍   | 47/73 [00:01<00:00, 36.68it/s]
预训练:  70%|██████▉   | 51/73 [00:01<00:00, 36.38it/s]
预训练:  75%|███████▌  | 55/73 [00:01<00:00, 36.78it/s]
预训练:  81%|████████  | 59/73 [00:01<00:00, 36.97it/s]
预训练:  86%|████████▋ | 63/73 [00:01<00:00, 37.62it/s]
预训练:  93%|█████████▎| 68/73 [00:01<00:00, 38.42it/s]
预训练:  99%|█████████▊| 72/73 [00:01<00:00, 38.75it/s]
预训练: 100%|██████████| 73/73 [00:01<00:00, 36.89it/s]
  [损失分解] Pred: 0.004916, Latent: 0.000948, Consistency: 0.000815, MultiX: 0.012422, MultiZ: 0.001829
Epoch 95/300: Train Loss = 0.019134, Val Loss = 0.004797, LR = 3.00e-04

预训练:   0%|          | 0/73 [00:00<?, ?it/s]
预训练:   3%|▎         | 2/73 [00:00<00:04, 17.09it/s]
预训练:   8%|▊         | 6/73 [00:00<00:02, 28.65it/s]
预训练:  14%|█▎        | 10/73 [00:00<00:01, 32.70it/s]
预训练:  19%|█▉        | 14/73 [00:00<00:01, 34.53it/s]
预训练:  25%|██▍       | 18/73 [00:00<00:01, 35.79it/s]
预训练:  30%|███       | 22/73 [00:00<00:01, 36.57it/s]
预训练:  36%|███▌      | 26/73 [00:00<00:01, 36.50it/s]
预训练:  41%|████      | 30/73 [00:00<00:01, 37.10it/s]
预训练:  47%|████▋     | 34/73 [00:00<00:01, 37.08it/s]
预训练:  52%|█████▏    | 38/73 [00:01<00:00, 36.96it/s]
预训练:  58%|█████▊    | 42/73 [00:01<00:00, 37.09it/s]
预训练:  63%|██████▎   | 46/73 [00:01<00:00, 37.39it/s]
预训练:  68%|██████▊   | 50/73 [00:01<00:00, 36.87it/s]
预训练:  74%|███████▍  | 54/73 [00:01<00:00, 36.51it/s]
预训练:  79%|███████▉  | 58/73 [00:01<00:00, 37.08it/s]
预训练:  85%|████████▍ | 62/73 [00:01<00:00, 37.59it/s]
预训练:  90%|█████████ | 66/73 [00:01<00:00, 37.53it/s]
预训练:  96%|█████████▌| 70/73 [00:01<00:00, 37.59it/s]
预训练: 100%|██████████| 73/73 [00:02<00:00, 36.34it/s]
  [损失分解] Pred: 0.004926, Latent: 0.000938, Consistency: 0.000809, MultiX: 0.012437, MultiZ: 0.001818
Epoch 96/300: Train Loss = 0.019146, Val Loss = 0.004919, LR = 3.00e-04

预训练:   0%|          | 0/73 [00:00<?, ?it/s]
预训练:   4%|▍         | 3/73 [00:00<00:02, 28.85it/s]
预训练:  10%|▉         | 7/73 [00:00<00:01, 34.31it/s]
预训练:  15%|█▌        | 11/73 [00:00<00:01, 35.58it/s]
预训练:  21%|██        | 15/73 [00:00<00:01, 36.16it/s]
预训练:  26%|██▌       | 19/73 [00:00<00:01, 36.11it/s]
预训练:  32%|███▏      | 23/73 [00:00<00:01, 36.31it/s]
预训练:  37%|███▋      | 27/73 [00:00<00:01, 36.58it/s]
预训练:  42%|████▏     | 31/73 [00:00<00:01, 36.95it/s]
预训练:  48%|████▊     | 35/73 [00:00<00:01, 36.76it/s]
预训练:  53%|█████▎    | 39/73 [00:01<00:00, 36.51it/s]
预训练:  59%|█████▉    | 43/73 [00:01<00:00, 37.04it/s]
预训练:  64%|██████▍   | 47/73 [00:01<00:00, 37.57it/s]
预训练:  70%|██████▉   | 51/73 [00:01<00:00, 37.40it/s]
预训练:  75%|███████▌  | 55/73 [00:01<00:00, 37.40it/s]
预训练:  81%|████████  | 59/73 [00:01<00:00, 37.61it/s]
预训练:  86%|████████▋ | 63/73 [00:01<00:00, 38.08it/s]
预训练:  92%|█████████▏| 67/73 [00:01<00:00, 38.19it/s]
预训练:  97%|█████████▋| 71/73 [00:01<00:00, 38.27it/s]
预训练: 100%|██████████| 73/73 [00:01<00:00, 37.22it/s]
  [损失分解] Pred: 0.004912, Latent: 0.000933, Consistency: 0.000803, MultiX: 0.012431, MultiZ: 0.001808
Epoch 97/300: Train Loss = 0.019115, Val Loss = 0.004754, LR = 3.00e-04

预训练:   0%|          | 0/73 [00:00<?, ?it/s]
预训练:   4%|▍         | 3/73 [00:00<00:02, 27.78it/s]
预训练:  10%|▉         | 7/73 [00:00<00:01, 33.22it/s]
预训练:  15%|█▌        | 11/73 [00:00<00:01, 34.38it/s]
预训练:  21%|██        | 15/73 [00:00<00:01, 35.81it/s]
预训练:  26%|██▌       | 19/73 [00:00<00:01, 35.87it/s]
预训练:  32%|███▏      | 23/73 [00:00<00:01, 36.49it/s]
预训练:  37%|███▋      | 27/73 [00:00<00:01, 36.34it/s]
预训练:  42%|████▏     | 31/73 [00:00<00:01, 36.99it/s]
预训练:  48%|████▊     | 35/73 [00:00<00:01, 36.90it/s]
预训练:  53%|█████▎    | 39/73 [00:01<00:00, 36.63it/s]
预训练:  59%|█████▉    | 43/73 [00:01<00:00, 36.65it/s]
预训练:  64%|██████▍   | 47/73 [00:01<00:00, 36.97it/s]
预训练:  70%|██████▉   | 51/73 [00:01<00:00, 36.38it/s]
预训练:  75%|███████▌  | 55/73 [00:01<00:00, 36.78it/s]
预训练:  81%|████████  | 59/73 [00:01<00:00, 37.11it/s]
预训练:  86%|████████▋ | 63/73 [00:01<00:00, 37.93it/s]
预训练:  93%|█████████▎| 68/73 [00:01<00:00, 38.63it/s]
预训练:  99%|█████████▊| 72/73 [00:01<00:00, 38.90it/s]
预训练: 100%|██████████| 73/73 [00:01<00:00, 37.00it/s]
  [损失分解] Pred: 0.004918, Latent: 0.000924, Consistency: 0.000798, MultiX: 0.012483, MultiZ: 0.001806
Epoch 98/300: Train Loss = 0.019165, Val Loss = 0.004633, LR = 3.00e-04

预训练:   0%|          | 0/73 [00:00<?, ?it/s]
预训练:   4%|▍         | 3/73 [00:00<00:02, 26.09it/s]
预训练:  10%|▉         | 7/73 [00:00<00:02, 32.53it/s]
预训练:  15%|█▌        | 11/73 [00:00<00:01, 35.15it/s]
预训练:  21%|██        | 15/73 [00:00<00:01, 36.43it/s]
预训练:  26%|██▌       | 19/73 [00:00<00:01, 37.54it/s]
预训练:  32%|███▏      | 23/73 [00:00<00:01, 37.73it/s]
预训练:  37%|███▋      | 27/73 [00:00<00:01, 37.62it/s]
预训练:  42%|████▏     | 31/73 [00:00<00:01, 36.88it/s]
预训练:  48%|████▊     | 35/73 [00:00<00:01, 36.71it/s]
预训练:  53%|█████▎    | 39/73 [00:01<00:00, 36.60it/s]
预训练:  59%|█████▉    | 43/73 [00:01<00:00, 36.03it/s]
预训练:  64%|██████▍   | 47/73 [00:01<00:00, 36.03it/s]
预训练:  70%|██████▉   | 51/73 [00:01<00:00, 36.03it/s]
预训练:  75%|███████▌  | 55/73 [00:01<00:00, 36.33it/s]
预训练:  81%|████████  | 59/73 [00:01<00:00, 36.64it/s]
预训练:  86%|████████▋ | 63/73 [00:01<00:00, 37.49it/s]
预训练:  93%|█████████▎| 68/73 [00:01<00:00, 38.47it/s]
预训练: 100%|██████████| 73/73 [00:01<00:00, 39.48it/s]
预训练: 100%|██████████| 73/73 [00:01<00:00, 37.01it/s]
  [损失分解] Pred: 0.004864, Latent: 0.000916, Consistency: 0.000787, MultiX: 0.012200, MultiZ: 0.001775
Epoch 99/300: Train Loss = 0.018803, Val Loss = 0.004727, LR = 3.00e-04

预训练:   0%|          | 0/73 [00:00<?, ?it/s]
预训练:   4%|▍         | 3/73 [00:00<00:02, 29.41it/s]
预训练:  10%|▉         | 7/73 [00:00<00:01, 34.98it/s]
预训练:  15%|█▌        | 11/73 [00:00<00:01, 36.10it/s]
预训练:  21%|██        | 15/73 [00:00<00:01, 36.07it/s]
预训练:  26%|██▌       | 19/73 [00:00<00:01, 36.18it/s]
预训练:  32%|███▏      | 23/73 [00:00<00:01, 36.70it/s]
预训练:  37%|███▋      | 27/73 [00:00<00:01, 36.48it/s]
预训练:  42%|████▏     | 31/73 [00:00<00:01, 36.44it/s]
预训练:  48%|████▊     | 35/73 [00:00<00:01, 36.63it/s]
预训练:  53%|█████▎    | 39/73 [00:01<00:00, 36.24it/s]
预训练:  59%|█████▉    | 43/73 [00:01<00:00, 36.08it/s]
预训练:  64%|██████▍   | 47/73 [00:01<00:00, 36.16it/s]
预训练:  70%|██████▉   | 51/73 [00:01<00:00, 36.32it/s]
预训练:  75%|███████▌  | 55/73 [00:01<00:00, 36.87it/s]
预训练:  81%|████████  | 59/73 [00:01<00:00, 36.61it/s]
预训练:  88%|████████▊ | 64/73 [00:01<00:00, 37.34it/s]
预训练:  93%|█████████▎| 68/73 [00:01<00:00, 37.96it/s]
预训练:  99%|█████████▊| 72/73 [00:01<00:00, 38.42it/s]
预训练: 100%|██████████| 73/73 [00:01<00:00, 36.89it/s]
  [损失分解] Pred: 0.004820, Latent: 0.000905, Consistency: 0.000776, MultiX: 0.012177, MultiZ: 0.001764
Epoch 100/300: Train Loss = 0.018719, Val Loss = 0.004842, LR = 3.00e-04

预训练:   0%|          | 0/73 [00:00<?, ?it/s]
预训练:   3%|▎         | 2/73 [00:00<00:03, 18.69it/s]
预训练:   8%|▊         | 6/73 [00:00<00:02, 29.38it/s]
预训练:  14%|█▎        | 10/73 [00:00<00:01, 32.33it/s]
预训练:  19%|█▉        | 14/73 [00:00<00:01, 34.54it/s]
预训练:  25%|██▍       | 18/73 [00:00<00:01, 34.98it/s]
预训练:  30%|███       | 22/73 [00:00<00:01, 35.89it/s]
预训练:  36%|███▌      | 26/73 [00:00<00:01, 36.05it/s]
预训练:  41%|████      | 30/73 [00:00<00:01, 36.15it/s]
预训练:  47%|████▋     | 34/73 [00:00<00:01, 35.91it/s]
预训练:  52%|█████▏    | 38/73 [00:01<00:00, 36.88it/s]
预训练:  58%|█████▊    | 42/73 [00:01<00:00, 36.51it/s]
预训练:  63%|██████▎   | 46/73 [00:01<00:00, 37.03it/s]
预训练:  68%|██████▊   | 50/73 [00:01<00:00, 37.56it/s]
预训练:  74%|███████▍  | 54/73 [00:01<00:00, 37.72it/s]
预训练:  79%|███████▉  | 58/73 [00:01<00:00, 37.20it/s]
预训练:  85%|████████▍ | 62/73 [00:01<00:00, 37.67it/s]
预训练:  90%|█████████ | 66/73 [00:01<00:00, 38.23it/s]
预训练:  96%|█████████▌| 70/73 [00:01<00:00, 37.55it/s]
预训练: 100%|██████████| 73/73 [00:02<00:00, 36.37it/s]
  [损失分解] Pred: 0.004889, Latent: 0.000902, Consistency: 0.000776, MultiX: 0.012335, MultiZ: 0.001769
Epoch 101/300: Train Loss = 0.018947, Val Loss = 0.004651, LR = 3.00e-04

预训练:   0%|          | 0/73 [00:00<?, ?it/s]
预训练:   4%|▍         | 3/73 [00:00<00:02, 28.69it/s]
预训练:  10%|▉         | 7/73 [00:00<00:01, 34.23it/s]
预训练:  15%|█▌        | 11/73 [00:00<00:01, 35.38it/s]
预训练:  21%|██        | 15/73 [00:00<00:01, 35.65it/s]
预训练:  26%|██▌       | 19/73 [00:00<00:01, 35.71it/s]
预训练:  32%|███▏      | 23/73 [00:00<00:01, 35.38it/s]
预训练:  37%|███▋      | 27/73 [00:00<00:01, 35.70it/s]
预训练:  42%|████▏     | 31/73 [00:00<00:01, 35.81it/s]
预训练:  48%|████▊     | 35/73 [00:00<00:01, 35.68it/s]
预训练:  53%|█████▎    | 39/73 [00:01<00:00, 36.19it/s]
预训练:  59%|█████▉    | 43/73 [00:01<00:00, 36.14it/s]
预训练:  64%|██████▍   | 47/73 [00:01<00:00, 36.21it/s]
预训练:  70%|██████▉   | 51/73 [00:01<00:00, 36.56it/s]
预训练:  75%|███████▌  | 55/73 [00:01<00:00, 37.01it/s]
预训练:  81%|████████  | 59/73 [00:01<00:00, 37.33it/s]
预训练:  86%|████████▋ | 63/73 [00:01<00:00, 37.99it/s]
预训练:  92%|█████████▏| 67/73 [00:01<00:00, 38.57it/s]
预训练:  99%|█████████▊| 72/73 [00:01<00:00, 39.17it/s]
预训练: 100%|██████████| 73/73 [00:01<00:00, 36.88it/s]
  [损失分解] Pred: 0.004846, Latent: 0.000895, Consistency: 0.000771, MultiX: 0.012152, MultiZ: 0.001747
Epoch 102/300: Train Loss = 0.018704, Val Loss = 0.004636, LR = 3.00e-04

预训练:   0%|          | 0/73 [00:00<?, ?it/s]
预训练:   4%|▍         | 3/73 [00:00<00:02, 28.30it/s]
预训练:  10%|▉         | 7/73 [00:00<00:01, 33.30it/s]
预训练:  15%|█▌        | 11/73 [00:00<00:01, 35.16it/s]
预训练:  21%|██        | 15/73 [00:00<00:01, 35.89it/s]
预训练:  26%|██▌       | 19/73 [00:00<00:01, 36.18it/s]
预训练:  32%|███▏      | 23/73 [00:00<00:01, 36.36it/s]
预训练:  37%|███▋      | 27/73 [00:00<00:01, 36.58it/s]
预训练:  42%|████▏     | 31/73 [00:00<00:01, 36.73it/s]
预训练:  48%|████▊     | 35/73 [00:00<00:01, 36.72it/s]
预训练:  53%|█████▎    | 39/73 [00:01<00:00, 36.81it/s]
预训练:  59%|█████▉    | 43/73 [00:01<00:00, 36.68it/s]
预训练:  64%|██████▍   | 47/73 [00:01<00:00, 36.58it/s]
预训练:  70%|██████▉   | 51/73 [00:01<00:00, 36.72it/s]
预训练:  75%|███████▌  | 55/73 [00:01<00:00, 36.92it/s]
预训练:  81%|████████  | 59/73 [00:01<00:00, 37.06it/s]
预训练:  86%|████████▋ | 63/73 [00:01<00:00, 37.57it/s]
预训练:  92%|█████████▏| 67/73 [00:01<00:00, 38.05it/s]
预训练:  97%|█████████▋| 71/73 [00:01<00:00, 38.62it/s]
预训练: 100%|██████████| 73/73 [00:01<00:00, 36.98it/s]
  [损失分解] Pred: 0.004843, Latent: 0.000892, Consistency: 0.000767, MultiX: 0.012133, MultiZ: 0.001740
Epoch 103/300: Train Loss = 0.018674, Val Loss = 0.004625, LR = 3.00e-04

预训练:   0%|          | 0/73 [00:00<?, ?it/s]
预训练:   4%|▍         | 3/73 [00:00<00:02, 25.00it/s]
预训练:  10%|▉         | 7/73 [00:00<00:02, 32.27it/s]
预训练:  15%|█▌        | 11/73 [00:00<00:01, 34.27it/s]
预训练:  21%|██        | 15/73 [00:00<00:01, 35.10it/s]
预训练:  26%|██▌       | 19/73 [00:00<00:01, 35.79it/s]
预训练:  32%|███▏      | 23/73 [00:00<00:01, 37.02it/s]
预训练:  37%|███▋      | 27/73 [00:00<00:01, 37.25it/s]
预训练:  42%|████▏     | 31/73 [00:00<00:01, 36.85it/s]
预训练:  48%|████▊     | 35/73 [00:00<00:01, 37.13it/s]
预训练:  53%|█████▎    | 39/73 [00:01<00:00, 36.57it/s]
预训练:  59%|█████▉    | 43/73 [00:01<00:00, 36.71it/s]
预训练:  64%|██████▍   | 47/73 [00:01<00:00, 37.27it/s]
预训练:  70%|██████▉   | 51/73 [00:01<00:00, 37.52it/s]
预训练:  75%|███████▌  | 55/73 [00:01<00:00, 37.58it/s]
预训练:  81%|████████  | 59/73 [00:01<00:00, 37.95it/s]
预训练:  88%|████████▊ | 64/73 [00:01<00:00, 38.75it/s]
预训练:  93%|█████████▎| 68/73 [00:01<00:00, 38.67it/s]
预训练:  99%|█████████▊| 72/73 [00:01<00:00, 38.93it/s]
预训练: 100%|██████████| 73/73 [00:01<00:00, 37.16it/s]
  [损失分解] Pred: 0.004822, Latent: 0.000883, Consistency: 0.000759, MultiX: 0.012018, MultiZ: 0.001722
Epoch 104/300: Train Loss = 0.018522, Val Loss = 0.004634, LR = 3.00e-04

预训练:   0%|          | 0/73 [00:00<?, ?it/s]
预训练:   4%|▍         | 3/73 [00:00<00:02, 25.86it/s]
预训练:  10%|▉         | 7/73 [00:00<00:02, 31.57it/s]
预训练:  15%|█▌        | 11/73 [00:00<00:01, 34.42it/s]
预训练:  21%|██        | 15/73 [00:00<00:01, 35.57it/s]
预训练:  26%|██▌       | 19/73 [00:00<00:01, 36.59it/s]
预训练:  32%|███▏      | 23/73 [00:00<00:01, 36.74it/s]
预训练:  37%|███▋      | 27/73 [00:00<00:01, 37.18it/s]
预训练:  42%|████▏     | 31/73 [00:00<00:01, 36.91it/s]
预训练:  48%|████▊     | 35/73 [00:00<00:01, 36.74it/s]
预训练:  53%|█████▎    | 39/73 [00:01<00:00, 36.73it/s]
预训练:  59%|█████▉    | 43/73 [00:01<00:00, 36.61it/s]
预训练:  64%|██████▍   | 47/73 [00:01<00:00, 37.05it/s]
预训练:  70%|██████▉   | 51/73 [00:01<00:00, 36.84it/s]
预训练:  75%|███████▌  | 55/73 [00:01<00:00, 37.03it/s]
预训练:  81%|████████  | 59/73 [00:01<00:00, 37.56it/s]
预训练:  86%|████████▋ | 63/73 [00:01<00:00, 37.72it/s]
预训练:  92%|█████████▏| 67/73 [00:01<00:00, 37.94it/s]
预训练:  97%|█████████▋| 71/73 [00:01<00:00, 38.09it/s]
预训练: 100%|██████████| 73/73 [00:01<00:00, 36.89it/s]
  [损失分解] Pred: 0.004786, Latent: 0.000876, Consistency: 0.000753, MultiX: 0.011897, MultiZ: 0.001706
Epoch 105/300: Train Loss = 0.018350, Val Loss = 0.004607, LR = 3.00e-04

预训练:   0%|          | 0/73 [00:00<?, ?it/s]
预训练:   3%|▎         | 2/73 [00:00<00:03, 19.61it/s]
预训练:   8%|▊         | 6/73 [00:00<00:02, 30.44it/s]
预训练:  14%|█▎        | 10/73 [00:00<00:01, 33.52it/s]
预训练:  19%|█▉        | 14/73 [00:00<00:01, 34.67it/s]
预训练:  25%|██▍       | 18/73 [00:00<00:01, 34.75it/s]
预训练:  30%|███       | 22/73 [00:00<00:01, 35.30it/s]
预训练:  36%|███▌      | 26/73 [00:00<00:01, 35.75it/s]
预训练:  41%|████      | 30/73 [00:00<00:01, 36.16it/s]
预训练:  47%|████▋     | 34/73 [00:00<00:01, 36.22it/s]
预训练:  52%|█████▏    | 38/73 [00:01<00:00, 36.58it/s]
预训练:  58%|█████▊    | 42/73 [00:01<00:00, 36.31it/s]
预训练:  63%|██████▎   | 46/73 [00:01<00:00, 36.23it/s]
预训练:  68%|██████▊   | 50/73 [00:01<00:00, 36.07it/s]
预训练:  74%|███████▍  | 54/73 [00:01<00:00, 36.36it/s]
预训练:  79%|███████▉  | 58/73 [00:01<00:00, 35.87it/s]
预训练:  85%|████████▍ | 62/73 [00:01<00:00, 36.21it/s]
预训练:  90%|█████████ | 66/73 [00:01<00:00, 37.07it/s]
预训练:  97%|█████████▋| 71/73 [00:01<00:00, 38.04it/s]
预训练: 100%|██████████| 73/73 [00:02<00:00, 36.09it/s]
  [损失分解] Pred: 0.004737, Latent: 0.000863, Consistency: 0.000744, MultiX: 0.011756, MultiZ: 0.001683
Epoch 106/300: Train Loss = 0.018138, Val Loss = 0.004607, LR = 3.00e-04

预训练:   0%|          | 0/73 [00:00<?, ?it/s]
预训练:   4%|▍         | 3/73 [00:00<00:02, 28.57it/s]
预训练:  10%|▉         | 7/73 [00:00<00:01, 33.42it/s]
预训练:  15%|█▌        | 11/73 [00:00<00:01, 34.64it/s]
预训练:  21%|██        | 15/73 [00:00<00:01, 35.32it/s]
预训练:  26%|██▌       | 19/73 [00:00<00:01, 35.47it/s]
预训练:  32%|███▏      | 23/73 [00:00<00:01, 35.44it/s]
预训练:  37%|███▋      | 27/73 [00:00<00:01, 35.12it/s]
预训练:  42%|████▏     | 31/73 [00:00<00:01, 35.71it/s]
预训练:  48%|████▊     | 35/73 [00:00<00:01, 36.02it/s]
预训练:  53%|█████▎    | 39/73 [00:01<00:00, 36.22it/s]
预训练:  59%|█████▉    | 43/73 [00:01<00:00, 36.37it/s]
预训练:  64%|██████▍   | 47/73 [00:01<00:00, 36.67it/s]
预训练:  70%|██████▉   | 51/73 [00:01<00:00, 36.18it/s]
预训练:  75%|███████▌  | 55/73 [00:01<00:00, 36.43it/s]
预训练:  81%|████████  | 59/73 [00:01<00:00, 36.51it/s]
预训练:  86%|████████▋ | 63/73 [00:01<00:00, 37.18it/s]
预训练:  92%|█████████▏| 67/73 [00:01<00:00, 37.56it/s]
预训练:  97%|█████████▋| 71/73 [00:01<00:00, 38.15it/s]
预训练: 100%|██████████| 73/73 [00:02<00:00, 36.39it/s]
  [损失分解] Pred: 0.004742, Latent: 0.000857, Consistency: 0.000738, MultiX: 0.011716, MultiZ: 0.001668
Epoch 107/300: Train Loss = 0.018089, Val Loss = 0.004659, LR = 3.00e-04

预训练:   0%|          | 0/73 [00:00<?, ?it/s]
预训练:   4%|▍         | 3/73 [00:00<00:02, 27.52it/s]
预训练:  10%|▉         | 7/73 [00:00<00:01, 33.28it/s]
预训练:  15%|█▌        | 11/73 [00:00<00:01, 34.56it/s]
预训练:  21%|██        | 15/73 [00:00<00:01, 34.77it/s]
预训练:  26%|██▌       | 19/73 [00:00<00:01, 35.34it/s]
预训练:  32%|███▏      | 23/73 [00:00<00:01, 35.47it/s]
预训练:  37%|███▋      | 27/73 [00:00<00:01, 35.97it/s]
预训练:  42%|████▏     | 31/73 [00:00<00:01, 35.68it/s]
预训练:  48%|████▊     | 35/73 [00:00<00:01, 35.89it/s]
预训练:  53%|█████▎    | 39/73 [00:01<00:00, 36.24it/s]
预训练:  59%|█████▉    | 43/73 [00:01<00:00, 36.08it/s]
预训练:  64%|██████▍   | 47/73 [00:01<00:00, 36.07it/s]
预训练:  70%|██████▉   | 51/73 [00:01<00:00, 36.30it/s]
预训练:  75%|███████▌  | 55/73 [00:01<00:00, 36.52it/s]
预训练:  81%|████████  | 59/73 [00:01<00:00, 36.47it/s]
预训练:  86%|████████▋ | 63/73 [00:01<00:00, 37.26it/s]
预训练:  93%|█████████▎| 68/73 [00:01<00:00, 38.17it/s]
预训练:  99%|█████████▊| 72/73 [00:01<00:00, 38.15it/s]
预训练: 100%|██████████| 73/73 [00:02<00:00, 36.44it/s]
  [损失分解] Pred: 0.004775, Latent: 0.000857, Consistency: 0.000737, MultiX: 0.011847, MultiZ: 0.001680
Epoch 108/300: Train Loss = 0.018258, Val Loss = 0.004590, LR = 3.00e-04

预训练:   0%|          | 0/73 [00:00<?, ?it/s]
预训练:   4%|▍         | 3/73 [00:00<00:02, 27.52it/s]
预训练:  10%|▉         | 7/73 [00:00<00:01, 33.83it/s]
预训练:  15%|█▌        | 11/73 [00:00<00:01, 35.16it/s]
预训练:  21%|██        | 15/73 [00:00<00:01, 34.88it/s]
预训练:  26%|██▌       | 19/73 [00:00<00:01, 35.53it/s]
预训练:  32%|███▏      | 23/73 [00:00<00:01, 35.64it/s]
预训练:  37%|███▋      | 27/73 [00:00<00:01, 35.87it/s]
预训练:  42%|████▏     | 31/73 [00:00<00:01, 35.92it/s]
预训练:  48%|████▊     | 35/73 [00:00<00:01, 36.27it/s]
预训练:  53%|█████▎    | 39/73 [00:01<00:00, 36.50it/s]
预训练:  59%|█████▉    | 43/73 [00:01<00:00, 36.77it/s]
预训练:  64%|██████▍   | 47/73 [00:01<00:00, 36.95it/s]
预训练:  70%|██████▉   | 51/73 [00:01<00:00, 37.29it/s]
预训练:  75%|███████▌  | 55/73 [00:01<00:00, 37.21it/s]
预训练:  81%|████████  | 59/73 [00:01<00:00, 37.69it/s]
预训练:  86%|████████▋ | 63/73 [00:01<00:00, 38.36it/s]
预训练:  93%|█████████▎| 68/73 [00:01<00:00, 38.70it/s]
预训练:  99%|█████████▊| 72/73 [00:01<00:00, 38.85it/s]
预训练: 100%|██████████| 73/73 [00:01<00:00, 36.95it/s]
  [损失分解] Pred: 0.004726, Latent: 0.000851, Consistency: 0.000731, MultiX: 0.011686, MultiZ: 0.001660
Epoch 109/300: Train Loss = 0.018033, Val Loss = 0.004668, LR = 3.00e-04

预训练:   0%|          | 0/73 [00:00<?, ?it/s]
预训练:   4%|▍         | 3/73 [00:00<00:02, 27.78it/s]
预训练:  10%|▉         | 7/73 [00:00<00:01, 33.78it/s]
预训练:  15%|█▌        | 11/73 [00:00<00:01, 35.13it/s]
预训练:  21%|██        | 15/73 [00:00<00:01, 35.75it/s]
预训练:  26%|██▌       | 19/73 [00:00<00:01, 36.22it/s]
预训练:  32%|███▏      | 23/73 [00:00<00:01, 35.71it/s]
预训练:  37%|███▋      | 27/73 [00:00<00:01, 36.14it/s]
预训练:  42%|████▏     | 31/73 [00:00<00:01, 36.21it/s]
预训练:  48%|████▊     | 35/73 [00:00<00:01, 35.85it/s]
预训练:  53%|█████▎    | 39/73 [00:01<00:00, 35.91it/s]
预训练:  59%|█████▉    | 43/73 [00:01<00:00, 36.35it/s]
预训练:  64%|██████▍   | 47/73 [00:01<00:00, 36.72it/s]
预训练:  70%|██████▉   | 51/73 [00:01<00:00, 37.02it/s]
预训练:  75%|███████▌  | 55/73 [00:01<00:00, 37.34it/s]
预训练:  81%|████████  | 59/73 [00:01<00:00, 37.46it/s]
预训练:  86%|████████▋ | 63/73 [00:01<00:00, 38.08it/s]
预训练:  92%|█████████▏| 67/73 [00:01<00:00, 38.53it/s]
预训练:  97%|█████████▋| 71/73 [00:01<00:00, 38.73it/s]
预训练: 100%|██████████| 73/73 [00:01<00:00, 36.90it/s]
  [损失分解] Pred: 0.004781, Latent: 0.000846, Consistency: 0.000730, MultiX: 0.011797, MultiZ: 0.001661
Epoch 110/300: Train Loss = 0.018197, Val Loss = 0.004636, LR = 3.00e-04

预训练:   0%|          | 0/73 [00:00<?, ?it/s]
预训练:   3%|▎         | 2/73 [00:00<00:04, 17.54it/s]
预训练:   8%|▊         | 6/73 [00:00<00:02, 29.38it/s]
预训练:  14%|█▎        | 10/73 [00:00<00:01, 32.88it/s]
预训练:  19%|█▉        | 14/73 [00:00<00:01, 33.90it/s]
预训练:  25%|██▍       | 18/73 [00:00<00:01, 35.13it/s]
预训练:  30%|███       | 22/73 [00:00<00:01, 35.78it/s]
预训练:  36%|███▌      | 26/73 [00:00<00:01, 35.54it/s]
预训练:  41%|████      | 30/73 [00:00<00:01, 35.80it/s]
预训练:  47%|████▋     | 34/73 [00:00<00:01, 36.08it/s]
预训练:  52%|█████▏    | 38/73 [00:01<00:00, 36.58it/s]
预训练:  58%|█████▊    | 42/73 [00:01<00:00, 36.72it/s]
预训练:  63%|██████▎   | 46/73 [00:01<00:00, 36.41it/s]
预训练:  68%|██████▊   | 50/73 [00:01<00:00, 35.93it/s]
预训练:  74%|███████▍  | 54/73 [00:01<00:00, 36.26it/s]
预训练:  79%|███████▉  | 58/73 [00:01<00:00, 36.29it/s]
预训练:  85%|████████▍ | 62/73 [00:01<00:00, 37.23it/s]
预训练:  90%|█████████ | 66/73 [00:01<00:00, 37.91it/s]
预训练:  97%|█████████▋| 71/73 [00:01<00:00, 38.51it/s]
预训练: 100%|██████████| 73/73 [00:02<00:00, 36.13it/s]
  [损失分解] Pred: 0.004704, Latent: 0.000837, Consistency: 0.000719, MultiX: 0.011549, MultiZ: 0.001634
Epoch 111/300: Train Loss = 0.017848, Val Loss = 0.004539, LR = 3.00e-04

预训练:   0%|          | 0/73 [00:00<?, ?it/s]
预训练:   4%|▍         | 3/73 [00:00<00:02, 25.21it/s]
预训练:  10%|▉         | 7/73 [00:00<00:01, 33.10it/s]
预训练:  15%|█▌        | 11/73 [00:00<00:01, 34.46it/s]
预训练:  21%|██        | 15/73 [00:00<00:01, 35.34it/s]
预训练:  26%|██▌       | 19/73 [00:00<00:01, 35.83it/s]
预训练:  32%|███▏      | 23/73 [00:00<00:01, 36.69it/s]
预训练:  37%|███▋      | 27/73 [00:00<00:01, 37.61it/s]
预训练:  42%|████▏     | 31/73 [00:00<00:01, 37.09it/s]
预训练:  48%|████▊     | 35/73 [00:00<00:01, 36.96it/s]
预训练:  53%|█████▎    | 39/73 [00:01<00:00, 37.20it/s]
预训练:  59%|█████▉    | 43/73 [00:01<00:00, 37.15it/s]
预训练:  64%|██████▍   | 47/73 [00:01<00:00, 37.43it/s]
预训练:  70%|██████▉   | 51/73 [00:01<00:00, 37.52it/s]
预训练:  75%|███████▌  | 55/73 [00:01<00:00, 37.48it/s]
预训练:  81%|████████  | 59/73 [00:01<00:00, 37.45it/s]
预训练:  86%|████████▋ | 63/73 [00:01<00:00, 38.07it/s]
预训练:  92%|█████████▏| 67/73 [00:01<00:00, 37.86it/s]
预训练:  97%|█████████▋| 71/73 [00:01<00:00, 38.15it/s]
预训练: 100%|██████████| 73/73 [00:01<00:00, 37.04it/s]
  [损失分解] Pred: 0.004734, Latent: 0.000830, Consistency: 0.000718, MultiX: 0.011473, MultiZ: 0.001618
Epoch 112/300: Train Loss = 0.017790, Val Loss = 0.004824, LR = 3.00e-04

预训练:   0%|          | 0/73 [00:00<?, ?it/s]
预训练:   4%|▍         | 3/73 [00:00<00:02, 29.13it/s]
预训练:  10%|▉         | 7/73 [00:00<00:01, 34.61it/s]
预训练:  15%|█▌        | 11/73 [00:00<00:01, 35.28it/s]
预训练:  21%|██        | 15/73 [00:00<00:01, 36.52it/s]
预训练:  26%|██▌       | 19/73 [00:00<00:01, 36.58it/s]
预训练:  32%|███▏      | 23/73 [00:00<00:01, 36.97it/s]
预训练:  37%|███▋      | 27/73 [00:00<00:01, 37.34it/s]
预训练:  42%|████▏     | 31/73 [00:00<00:01, 37.58it/s]
预训练:  48%|████▊     | 35/73 [00:00<00:01, 37.30it/s]
预训练:  53%|█████▎    | 39/73 [00:01<00:00, 37.76it/s]
预训练:  59%|█████▉    | 43/73 [00:01<00:00, 37.43it/s]
预训练:  64%|██████▍   | 47/73 [00:01<00:00, 37.20it/s]
预训练:  70%|██████▉   | 51/73 [00:01<00:00, 36.84it/s]
预训练:  75%|███████▌  | 55/73 [00:01<00:00, 36.90it/s]
预训练:  81%|████████  | 59/73 [00:01<00:00, 36.94it/s]
预训练:  86%|████████▋ | 63/73 [00:01<00:00, 37.60it/s]
预训练:  93%|█████████▎| 68/73 [00:01<00:00, 38.40it/s]
预训练:  99%|█████████▊| 72/73 [00:01<00:00, 38.21it/s]
预训练: 100%|██████████| 73/73 [00:01<00:00, 37.30it/s]
  [损失分解] Pred: 0.004793, Latent: 0.000830, Consistency: 0.000719, MultiX: 0.011604, MultiZ: 0.001620
Epoch 113/300: Train Loss = 0.017981, Val Loss = 0.004633, LR = 3.00e-04

预训练:   0%|          | 0/73 [00:00<?, ?it/s]
预训练:   4%|▍         | 3/73 [00:00<00:02, 26.32it/s]
预训练:  10%|▉         | 7/73 [00:00<00:02, 32.14it/s]
预训练:  15%|█▌        | 11/73 [00:00<00:01, 34.62it/s]
预训练:  21%|██        | 15/73 [00:00<00:01, 34.81it/s]
预训练:  26%|██▌       | 19/73 [00:00<00:01, 36.07it/s]
预训练:  32%|███▏      | 23/73 [00:00<00:01, 36.22it/s]
预训练:  37%|███▋      | 27/73 [00:00<00:01, 36.59it/s]
预训练:  42%|████▏     | 31/73 [00:00<00:01, 37.39it/s]
预训练:  48%|████▊     | 35/73 [00:00<00:01, 37.07it/s]
预训练:  53%|█████▎    | 39/73 [00:01<00:00, 37.27it/s]
预训练:  59%|█████▉    | 43/73 [00:01<00:00, 37.52it/s]
预训练:  64%|██████▍   | 47/73 [00:01<00:00, 37.26it/s]
预训练:  70%|██████▉   | 51/73 [00:01<00:00, 37.20it/s]
预训练:  75%|███████▌  | 55/73 [00:01<00:00, 36.94it/s]
预训练:  81%|████████  | 59/73 [00:01<00:00, 37.60it/s]
预训练:  86%|████████▋ | 63/73 [00:01<00:00, 38.18it/s]
预训练:  92%|█████████▏| 67/73 [00:01<00:00, 38.60it/s]
预训练:  97%|█████████▋| 71/73 [00:01<00:00, 38.67it/s]
预训练: 100%|██████████| 73/73 [00:01<00:00, 37.06it/s]
  [损失分解] Pred: 0.004787, Latent: 0.000827, Consistency: 0.000716, MultiX: 0.011765, MultiZ: 0.001633
Epoch 114/300: Train Loss = 0.018140, Val Loss = 0.004757, LR = 3.00e-04

预训练:   0%|          | 0/73 [00:00<?, ?it/s]
预训练:   4%|▍         | 3/73 [00:00<00:02, 27.03it/s]
预训练:  10%|▉         | 7/73 [00:00<00:02, 32.85it/s]
预训练:  15%|█▌        | 11/73 [00:00<00:01, 34.17it/s]
预训练:  21%|██        | 15/73 [00:00<00:01, 35.16it/s]
预训练:  26%|██▌       | 19/73 [00:00<00:01, 35.48it/s]
预训练:  32%|███▏      | 23/73 [00:00<00:01, 35.89it/s]
预训练:  37%|███▋      | 27/73 [00:00<00:01, 36.26it/s]
预训练:  42%|████▏     | 31/73 [00:00<00:01, 37.27it/s]
预训练:  48%|████▊     | 35/73 [00:00<00:01, 37.09it/s]
预训练:  53%|█████▎    | 39/73 [00:01<00:00, 37.29it/s]
预训练:  59%|█████▉    | 43/73 [00:01<00:00, 37.03it/s]
预训练:  64%|██████▍   | 47/73 [00:01<00:00, 36.93it/s]
预训练:  70%|██████▉   | 51/73 [00:01<00:00, 36.86it/s]
预训练:  75%|███████▌  | 55/73 [00:01<00:00, 36.03it/s]
预训练:  81%|████████  | 59/73 [00:01<00:00, 36.63it/s]
预训练:  86%|████████▋ | 63/73 [00:01<00:00, 36.85it/s]
预训练:  92%|█████████▏| 67/73 [00:01<00:00, 37.12it/s]
预训练:  97%|█████████▋| 71/73 [00:01<00:00, 37.83it/s]
预训练: 100%|██████████| 73/73 [00:01<00:00, 36.64it/s]
  [损失分解] Pred: 0.004773, Latent: 0.000822, Consistency: 0.000713, MultiX: 0.011496, MultiZ: 0.001604
Epoch 115/300: Train Loss = 0.017838, Val Loss = 0.004770, LR = 3.00e-04

预训练:   0%|          | 0/73 [00:00<?, ?it/s]
预训练:   3%|▎         | 2/73 [00:00<00:03, 19.05it/s]
预训练:   8%|▊         | 6/73 [00:00<00:02, 29.59it/s]
预训练:  14%|█▎        | 10/73 [00:00<00:01, 33.43it/s]
预训练:  19%|█▉        | 14/73 [00:00<00:01, 35.12it/s]
预训练:  25%|██▍       | 18/73 [00:00<00:01, 35.58it/s]
预训练:  30%|███       | 22/73 [00:00<00:01, 35.97it/s]
预训练:  36%|███▌      | 26/73 [00:00<00:01, 36.31it/s]
预训练:  41%|████      | 30/73 [00:00<00:01, 36.58it/s]
预训练:  47%|████▋     | 34/73 [00:00<00:01, 36.72it/s]
预训练:  52%|█████▏    | 38/73 [00:01<00:00, 36.61it/s]
预训练:  58%|█████▊    | 42/73 [00:01<00:00, 36.53it/s]
预训练:  63%|██████▎   | 46/73 [00:01<00:00, 35.98it/s]
预训练:  68%|██████▊   | 50/73 [00:01<00:00, 35.71it/s]
预训练:  74%|███████▍  | 54/73 [00:01<00:00, 36.30it/s]
预训练:  79%|███████▉  | 58/73 [00:01<00:00, 36.62it/s]
预训练:  85%|████████▍ | 62/73 [00:01<00:00, 37.47it/s]
预训练:  90%|█████████ | 66/73 [00:01<00:00, 37.55it/s]
预训练:  96%|█████████▌| 70/73 [00:01<00:00, 38.14it/s]
预训练: 100%|██████████| 73/73 [00:02<00:00, 36.34it/s]
  [损失分解] Pred: 0.004654, Latent: 0.000806, Consistency: 0.000698, MultiX: 0.011328, MultiZ: 0.001582
Epoch 116/300: Train Loss = 0.017525, Val Loss = 0.004531, LR = 3.00e-04

预训练:   0%|          | 0/73 [00:00<?, ?it/s]
预训练:   4%|▍         | 3/73 [00:00<00:02, 27.78it/s]
预训练:  10%|▉         | 7/73 [00:00<00:02, 32.52it/s]
预训练:  15%|█▌        | 11/73 [00:00<00:01, 34.56it/s]
预训练:  21%|██        | 15/73 [00:00<00:01, 35.66it/s]
预训练:  26%|██▌       | 19/73 [00:00<00:01, 35.68it/s]
预训练:  32%|███▏      | 23/73 [00:00<00:01, 35.80it/s]
预训练:  37%|███▋      | 27/73 [00:00<00:01, 36.75it/s]
预训练:  42%|████▏     | 31/73 [00:00<00:01, 37.17it/s]
预训练:  48%|████▊     | 35/73 [00:00<00:01, 36.28it/s]
预训练:  53%|█████▎    | 39/73 [00:01<00:00, 36.31it/s]
预训练:  59%|█████▉    | 43/73 [00:01<00:00, 36.22it/s]
预训练:  64%|██████▍   | 47/73 [00:01<00:00, 36.07it/s]
预训练:  70%|██████▉   | 51/73 [00:01<00:00, 36.06it/s]
预训练:  75%|███████▌  | 55/73 [00:01<00:00, 36.35it/s]
预训练:  81%|████████  | 59/73 [00:01<00:00, 36.96it/s]
预训练:  86%|████████▋ | 63/73 [00:01<00:00, 37.61it/s]
预训练:  92%|█████████▏| 67/73 [00:01<00:00, 37.76it/s]
预训练:  97%|█████████▋| 71/73 [00:01<00:00, 38.29it/s]
预训练: 100%|██████████| 73/73 [00:01<00:00, 36.68it/s]
  [损失分解] Pred: 0.004592, Latent: 0.000806, Consistency: 0.000690, MultiX: 0.011236, MultiZ: 0.001576
Epoch 117/300: Train Loss = 0.017364, Val Loss = 0.004550, LR = 3.00e-04

预训练:   0%|          | 0/73 [00:00<?, ?it/s]
预训练:   4%|▍         | 3/73 [00:00<00:02, 28.04it/s]
预训练:  10%|▉         | 7/73 [00:00<00:01, 33.17it/s]
预训练:  15%|█▌        | 11/73 [00:00<00:01, 34.35it/s]
预训练:  21%|██        | 15/73 [00:00<00:01, 35.66it/s]
预训练:  26%|██▌       | 19/73 [00:00<00:01, 35.80it/s]
预训练:  32%|███▏      | 23/73 [00:00<00:01, 36.21it/s]
预训练:  37%|███▋      | 27/73 [00:00<00:01, 36.30it/s]
预训练:  42%|████▏     | 31/73 [00:00<00:01, 36.43it/s]
预训练:  48%|████▊     | 35/73 [00:00<00:01, 36.41it/s]
预训练:  53%|█████▎    | 39/73 [00:01<00:00, 36.29it/s]
预训练:  59%|█████▉    | 43/73 [00:01<00:00, 36.83it/s]
预训练:  64%|██████▍   | 47/73 [00:01<00:00, 37.10it/s]
预训练:  70%|██████▉   | 51/73 [00:01<00:00, 37.18it/s]
预训练:  75%|███████▌  | 55/73 [00:01<00:00, 37.39it/s]
预训练:  81%|████████  | 59/73 [00:01<00:00, 37.39it/s]
预训练:  86%|████████▋ | 63/73 [00:01<00:00, 38.03it/s]
预训练:  92%|█████████▏| 67/73 [00:01<00:00, 38.27it/s]
预训练:  97%|█████████▋| 71/73 [00:01<00:00, 38.55it/s]
预训练: 100%|██████████| 73/73 [00:01<00:00, 36.96it/s]
  [损失分解] Pred: 0.004614, Latent: 0.000801, Consistency: 0.000689, MultiX: 0.011254, MultiZ: 0.001572
Epoch 118/300: Train Loss = 0.017399, Val Loss = 0.004722, LR = 3.00e-04

预训练:   0%|          | 0/73 [00:00<?, ?it/s]
预训练:   4%|▍         | 3/73 [00:00<00:02, 28.04it/s]
预训练:  10%|▉         | 7/73 [00:00<00:01, 34.10it/s]
预训练:  15%|█▌        | 11/73 [00:00<00:01, 34.28it/s]
预训练:  21%|██        | 15/73 [00:00<00:01, 35.49it/s]
预训练:  26%|██▌       | 19/73 [00:00<00:01, 36.65it/s]
预训练:  32%|███▏      | 23/73 [00:00<00:01, 36.78it/s]
预训练:  37%|███▋      | 27/73 [00:00<00:01, 37.09it/s]
预训练:  42%|████▏     | 31/73 [00:00<00:01, 37.30it/s]
预训练:  48%|████▊     | 35/73 [00:00<00:01, 37.54it/s]
预训练:  53%|█████▎    | 39/73 [00:01<00:00, 37.71it/s]
预训练:  59%|█████▉    | 43/73 [00:01<00:00, 37.94it/s]
预训练:  64%|██████▍   | 47/73 [00:01<00:00, 37.23it/s]
预训练:  70%|██████▉   | 51/73 [00:01<00:00, 37.07it/s]
预训练:  75%|███████▌  | 55/73 [00:01<00:00, 36.75it/s]
预训练:  81%|████████  | 59/73 [00:01<00:00, 36.73it/s]
预训练:  86%|████████▋ | 63/73 [00:01<00:00, 37.13it/s]
预训练:  92%|█████████▏| 67/73 [00:01<00:00, 37.52it/s]
预训练:  97%|█████████▋| 71/73 [00:01<00:00, 38.13it/s]
预训练: 100%|██████████| 73/73 [00:01<00:00, 37.11it/s]
  [损失分解] Pred: 0.004562, Latent: 0.000792, Consistency: 0.000679, MultiX: 0.011124, MultiZ: 0.001553
Epoch 119/300: Train Loss = 0.017198, Val Loss = 0.004576, LR = 3.00e-04

预训练:   0%|          | 0/73 [00:00<?, ?it/s]
预训练:   4%|▍         | 3/73 [00:00<00:02, 27.03it/s]
预训练:  10%|▉         | 7/73 [00:00<00:02, 32.50it/s]
预训练:  15%|█▌        | 11/73 [00:00<00:01, 33.98it/s]
预训练:  21%|██        | 15/73 [00:00<00:01, 35.17it/s]
预训练:  26%|██▌       | 19/73 [00:00<00:01, 36.07it/s]
预训练:  32%|███▏      | 23/73 [00:00<00:01, 36.17it/s]
预训练:  37%|███▋      | 27/73 [00:00<00:01, 36.45it/s]
预训练:  42%|████▏     | 31/73 [00:00<00:01, 36.64it/s]
预训练:  48%|████▊     | 35/73 [00:00<00:01, 36.76it/s]
预训练:  53%|█████▎    | 39/73 [00:01<00:00, 36.73it/s]
预训练:  59%|█████▉    | 43/73 [00:01<00:00, 36.31it/s]
预训练:  64%|██████▍   | 47/73 [00:01<00:00, 36.53it/s]
预训练:  70%|██████▉   | 51/73 [00:01<00:00, 36.99it/s]
预训练:  75%|███████▌  | 55/73 [00:01<00:00, 37.11it/s]
预训练:  81%|████████  | 59/73 [00:01<00:00, 37.29it/s]
预训练:  86%|████████▋ | 63/73 [00:01<00:00, 37.75it/s]
预训练:  93%|█████████▎| 68/73 [00:01<00:00, 38.40it/s]
预训练:  99%|█████████▊| 72/73 [00:01<00:00, 38.63it/s]
预训练: 100%|██████████| 73/73 [00:01<00:00, 36.85it/s]
  [损失分解] Pred: 0.004565, Latent: 0.000790, Consistency: 0.000679, MultiX: 0.011066, MultiZ: 0.001546
Epoch 120/300: Train Loss = 0.017138, Val Loss = 0.004494, LR = 3.00e-04

预训练:   0%|          | 0/73 [00:00<?, ?it/s]
预训练:   3%|▎         | 2/73 [00:00<00:03, 19.05it/s]
预训练:   8%|▊         | 6/73 [00:00<00:02, 30.50it/s]
预训练:  14%|█▎        | 10/73 [00:00<00:01, 33.40it/s]
预训练:  19%|█▉        | 14/73 [00:00<00:01, 35.11it/s]
预训练:  25%|██▍       | 18/73 [00:00<00:01, 35.69it/s]
预训练:  30%|███       | 22/73 [00:00<00:01, 36.27it/s]
预训练:  36%|███▌      | 26/73 [00:00<00:01, 36.63it/s]
预训练:  41%|████      | 30/73 [00:00<00:01, 36.98it/s]
预训练:  47%|████▋     | 34/73 [00:00<00:01, 37.21it/s]
预训练:  52%|█████▏    | 38/73 [00:01<00:00, 37.05it/s]
预训练:  58%|█████▊    | 42/73 [00:01<00:00, 37.37it/s]
预训练:  63%|██████▎   | 46/73 [00:01<00:00, 37.27it/s]
预训练:  68%|██████▊   | 50/73 [00:01<00:00, 36.68it/s]
预训练:  74%|███████▍  | 54/73 [00:01<00:00, 36.89it/s]
预训练:  79%|███████▉  | 58/73 [00:01<00:00, 37.35it/s]
预训练:  85%|████████▍ | 62/73 [00:01<00:00, 37.89it/s]
预训练:  90%|█████████ | 66/73 [00:01<00:00, 38.28it/s]
预训练:  97%|█████████▋| 71/73 [00:01<00:00, 38.86it/s]
预训练: 100%|██████████| 73/73 [00:01<00:00, 36.88it/s]
  [损失分解] Pred: 0.004527, Latent: 0.000785, Consistency: 0.000672, MultiX: 0.010962, MultiZ: 0.001533
Epoch 121/300: Train Loss = 0.016984, Val Loss = 0.004469, LR = 3.00e-04

预训练:   0%|          | 0/73 [00:00<?, ?it/s]
预训练:   4%|▍         | 3/73 [00:00<00:02, 26.09it/s]
预训练:  10%|▉         | 7/73 [00:00<00:02, 32.71it/s]
预训练:  15%|█▌        | 11/73 [00:00<00:01, 34.52it/s]
预训练:  21%|██        | 15/73 [00:00<00:01, 35.77it/s]
预训练:  26%|██▌       | 19/73 [00:00<00:01, 35.98it/s]
预训练:  32%|███▏      | 23/73 [00:00<00:01, 36.46it/s]
预训练:  37%|███▋      | 27/73 [00:00<00:01, 36.32it/s]
预训练:  42%|████▏     | 31/73 [00:00<00:01, 36.54it/s]
预训练:  48%|████▊     | 35/73 [00:00<00:01, 36.70it/s]
预训练:  53%|█████▎    | 39/73 [00:01<00:00, 37.12it/s]
预训练:  59%|█████▉    | 43/73 [00:01<00:00, 36.99it/s]
预训练:  64%|██████▍   | 47/73 [00:01<00:00, 36.80it/s]
预训练:  70%|██████▉   | 51/73 [00:01<00:00, 37.08it/s]
预训练:  75%|███████▌  | 55/73 [00:01<00:00, 37.17it/s]
预训练:  81%|████████  | 59/73 [00:01<00:00, 37.13it/s]
预训练:  86%|████████▋ | 63/73 [00:01<00:00, 37.78it/s]
预训练:  92%|█████████▏| 67/73 [00:01<00:00, 38.42it/s]
预训练:  99%|█████████▊| 72/73 [00:01<00:00, 38.75it/s]
预训练: 100%|██████████| 73/73 [00:01<00:00, 36.99it/s]
  [损失分解] Pred: 0.004505, Latent: 0.000777, Consistency: 0.000666, MultiX: 0.010811, MultiZ: 0.001511
Epoch 122/300: Train Loss = 0.016794, Val Loss = 0.004445, LR = 3.00e-04

预训练:   0%|          | 0/73 [00:00<?, ?it/s]
预训练:   4%|▍         | 3/73 [00:00<00:02, 27.52it/s]
预训练:  10%|▉         | 7/73 [00:00<00:01, 33.28it/s]
预训练:  15%|█▌        | 11/73 [00:00<00:01, 35.91it/s]
预训练:  21%|██        | 15/73 [00:00<00:01, 36.23it/s]
预训练:  26%|██▌       | 19/73 [00:00<00:01, 36.04it/s]
预训练:  32%|███▏      | 23/73 [00:00<00:01, 36.15it/s]
预训练:  37%|███▋      | 27/73 [00:00<00:01, 36.77it/s]
预训练:  42%|████▏     | 31/73 [00:00<00:01, 36.75it/s]
预训练:  48%|████▊     | 35/73 [00:00<00:01, 36.73it/s]
预训练:  53%|█████▎    | 39/73 [00:01<00:00, 36.61it/s]
预训练:  59%|█████▉    | 43/73 [00:01<00:00, 36.95it/s]
预训练:  64%|██████▍   | 47/73 [00:01<00:00, 36.67it/s]
预训练:  70%|██████▉   | 51/73 [00:01<00:00, 37.51it/s]
预训练:  75%|███████▌  | 55/73 [00:01<00:00, 37.47it/s]
预训练:  81%|████████  | 59/73 [00:01<00:00, 37.55it/s]
预训练:  86%|████████▋ | 63/73 [00:01<00:00, 38.15it/s]
预训练:  92%|█████████▏| 67/73 [00:01<00:00, 38.57it/s]
预训练:  97%|█████████▋| 71/73 [00:01<00:00, 38.32it/s]
预训练: 100%|██████████| 73/73 [00:01<00:00, 37.07it/s]
  [损失分解] Pred: 0.004498, Latent: 0.000771, Consistency: 0.000663, MultiX: 0.010831, MultiZ: 0.001507
Epoch 123/300: Train Loss = 0.016799, Val Loss = 0.004452, LR = 3.00e-04

预训练:   0%|          | 0/73 [00:00<?, ?it/s]
预训练:   4%|▍         | 3/73 [00:00<00:02, 28.04it/s]
预训练:  10%|▉         | 7/73 [00:00<00:01, 33.17it/s]
预训练:  15%|█▌        | 11/73 [00:00<00:01, 35.53it/s]
预训练:  21%|██        | 15/73 [00:00<00:01, 35.22it/s]
预训练:  26%|██▌       | 19/73 [00:00<00:01, 35.52it/s]
预训练:  32%|███▏      | 23/73 [00:00<00:01, 36.48it/s]
预训练:  37%|███▋      | 27/73 [00:00<00:01, 36.44it/s]
预训练:  42%|████▏     | 31/73 [00:00<00:01, 36.56it/s]
预训练:  48%|████▊     | 35/73 [00:00<00:01, 36.92it/s]
预训练:  53%|█████▎    | 39/73 [00:01<00:00, 37.38it/s]
预训练:  59%|█████▉    | 43/73 [00:01<00:00, 36.86it/s]
预训练:  64%|██████▍   | 47/73 [00:01<00:00, 37.22it/s]
预训练:  70%|██████▉   | 51/73 [00:01<00:00, 36.43it/s]
预训练:  75%|███████▌  | 55/73 [00:01<00:00, 36.02it/s]
预训练:  81%|████████  | 59/73 [00:01<00:00, 36.22it/s]
预训练:  86%|████████▋ | 63/73 [00:01<00:00, 37.07it/s]
预训练:  92%|█████████▏| 67/73 [00:01<00:00, 37.69it/s]
预训练:  99%|█████████▊| 72/73 [00:01<00:00, 38.57it/s]
预训练: 100%|██████████| 73/73 [00:01<00:00, 36.85it/s]
  [损失分解] Pred: 0.004534, Latent: 0.000771, Consistency: 0.000663, MultiX: 0.011001, MultiZ: 0.001518
Epoch 124/300: Train Loss = 0.017010, Val Loss = 0.004462, LR = 3.00e-04

预训练:   0%|          | 0/73 [00:00<?, ?it/s]
预训练:   4%|▍         | 3/73 [00:00<00:02, 27.03it/s]
预训练:  10%|▉         | 7/73 [00:00<00:02, 32.85it/s]
预训练:  15%|█▌        | 11/73 [00:00<00:01, 35.50it/s]
预训练:  21%|██        | 15/73 [00:00<00:01, 36.11it/s]
预训练:  26%|██▌       | 19/73 [00:00<00:01, 36.69it/s]
预训练:  32%|███▏      | 23/73 [00:00<00:01, 37.16it/s]
预训练:  37%|███▋      | 27/73 [00:00<00:01, 37.58it/s]
预训练:  42%|████▏     | 31/73 [00:00<00:01, 37.52it/s]
预训练:  48%|████▊     | 35/73 [00:00<00:01, 37.15it/s]
预训练:  53%|█████▎    | 39/73 [00:01<00:00, 36.38it/s]
预训练:  59%|█████▉    | 43/73 [00:01<00:00, 37.21it/s]
预训练:  64%|██████▍   | 47/73 [00:01<00:00, 37.11it/s]
预训练:  70%|██████▉   | 51/73 [00:01<00:00, 36.68it/s]
预训练:  75%|███████▌  | 55/73 [00:01<00:00, 36.48it/s]
预训练:  81%|████████  | 59/73 [00:01<00:00, 36.47it/s]
预训练:  86%|████████▋ | 63/73 [00:01<00:00, 37.35it/s]
预训练:  92%|█████████▏| 67/73 [00:01<00:00, 37.57it/s]
预训练:  99%|█████████▊| 72/73 [00:01<00:00, 38.08it/s]
预训练: 100%|██████████| 73/73 [00:01<00:00, 36.98it/s]
  [损失分解] Pred: 0.004504, Latent: 0.000767, Consistency: 0.000658, MultiX: 0.010703, MultiZ: 0.001489
Epoch 125/300: Train Loss = 0.016664, Val Loss = 0.004487, LR = 3.00e-04

预训练:   0%|          | 0/73 [00:00<?, ?it/s]
预训练:   4%|▍         | 3/73 [00:00<00:02, 24.00it/s]
预训练:  10%|▉         | 7/73 [00:00<00:02, 31.52it/s]
预训练:  15%|█▌        | 11/73 [00:00<00:01, 33.83it/s]
预训练:  21%|██        | 15/73 [00:00<00:01, 35.58it/s]
预训练:  26%|██▌       | 19/73 [00:00<00:01, 35.75it/s]
预训练:  32%|███▏      | 23/73 [00:00<00:01, 35.96it/s]
预训练:  37%|███▋      | 27/73 [00:00<00:01, 36.64it/s]
预训练:  42%|████▏     | 31/73 [00:00<00:01, 36.55it/s]
预训练:  48%|████▊     | 35/73 [00:00<00:01, 36.81it/s]
预训练:  53%|█████▎    | 39/73 [00:01<00:00, 37.09it/s]
预训练:  59%|█████▉    | 43/73 [00:01<00:00, 36.76it/s]
预训练:  64%|██████▍   | 47/73 [00:01<00:00, 36.54it/s]
预训练:  70%|██████▉   | 51/73 [00:01<00:00, 36.89it/s]
预训练:  75%|███████▌  | 55/73 [00:01<00:00, 36.63it/s]
预训练:  81%|████████  | 59/73 [00:01<00:00, 36.85it/s]
预训练:  86%|████████▋ | 63/73 [00:01<00:00, 37.64it/s]
预训练:  92%|█████████▏| 67/73 [00:01<00:00, 38.21it/s]
预训练:  97%|█████████▋| 71/73 [00:01<00:00, 38.73it/s]
预训练: 100%|██████████| 73/73 [00:01<00:00, 36.74it/s]
  [损失分解] Pred: 0.004466, Latent: 0.000760, Consistency: 0.000652, MultiX: 0.010585, MultiZ: 0.001473
Epoch 126/300: Train Loss = 0.016493, Val Loss = 0.004547, LR = 3.00e-04

预训练:   0%|          | 0/73 [00:00<?, ?it/s]
预训练:   4%|▍         | 3/73 [00:00<00:02, 28.13it/s]
预训练:  10%|▉         | 7/73 [00:00<00:01, 33.76it/s]
预训练:  15%|█▌        | 11/73 [00:00<00:01, 34.83it/s]
预训练:  21%|██        | 15/73 [00:00<00:01, 35.44it/s]
预训练:  26%|██▌       | 19/73 [00:00<00:01, 35.66it/s]
预训练:  32%|███▏      | 23/73 [00:00<00:01, 35.03it/s]
预训练:  37%|███▋      | 27/73 [00:00<00:01, 36.09it/s]
预训练:  42%|████▏     | 31/73 [00:00<00:01, 36.07it/s]
预训练:  48%|████▊     | 35/73 [00:00<00:01, 35.96it/s]
预训练:  53%|█████▎    | 39/73 [00:01<00:00, 36.29it/s]
预训练:  59%|█████▉    | 43/73 [00:01<00:00, 36.31it/s]
预训练:  64%|██████▍   | 47/73 [00:01<00:00, 36.43it/s]
预训练:  70%|██████▉   | 51/73 [00:01<00:00, 36.51it/s]
预训练:  75%|███████▌  | 55/73 [00:01<00:00, 36.57it/s]
预训练:  81%|████████  | 59/73 [00:01<00:00, 36.61it/s]
预训练:  86%|████████▋ | 63/73 [00:01<00:00, 37.35it/s]
预训练:  92%|█████████▏| 67/73 [00:01<00:00, 37.90it/s]
预训练:  97%|█████████▋| 71/73 [00:01<00:00, 38.28it/s]
预训练: 100%|██████████| 73/73 [00:01<00:00, 36.58it/s]
  [损失分解] Pred: 0.004461, Latent: 0.000754, Consistency: 0.000647, MultiX: 0.010648, MultiZ: 0.001473
Epoch 127/300: Train Loss = 0.016547, Val Loss = 0.004531, LR = 3.00e-04

预训练:   0%|          | 0/73 [00:00<?, ?it/s]
预训练:   4%|▍         | 3/73 [00:00<00:02, 27.27it/s]
预训练:  10%|▉         | 7/73 [00:00<00:01, 33.15it/s]
预训练:  15%|█▌        | 11/73 [00:00<00:01, 35.74it/s]
预训练:  21%|██        | 15/73 [00:00<00:01, 35.99it/s]
预训练:  26%|██▌       | 19/73 [00:00<00:01, 36.13it/s]
预训练:  32%|███▏      | 23/73 [00:00<00:01, 35.76it/s]
预训练:  37%|███▋      | 27/73 [00:00<00:01, 36.28it/s]
预训练:  42%|████▏     | 31/73 [00:00<00:01, 36.63it/s]
预训练:  48%|████▊     | 35/73 [00:00<00:01, 36.54it/s]
预训练:  53%|█████▎    | 39/73 [00:01<00:00, 36.90it/s]
预训练:  59%|█████▉    | 43/73 [00:01<00:00, 37.48it/s]
预训练:  64%|██████▍   | 47/73 [00:01<00:00, 37.03it/s]
预训练:  70%|██████▉   | 51/73 [00:01<00:00, 37.03it/s]
预训练:  75%|███████▌  | 55/73 [00:01<00:00, 36.83it/s]
预训练:  81%|████████  | 59/73 [00:01<00:00, 37.30it/s]
预训练:  86%|████████▋ | 63/73 [00:01<00:00, 37.97it/s]
预训练:  92%|█████████▏| 67/73 [00:01<00:00, 38.56it/s]
预训练:  97%|█████████▋| 71/73 [00:01<00:00, 38.87it/s]
预训练: 100%|██████████| 73/73 [00:01<00:00, 37.10it/s]
  [损失分解] Pred: 0.004478, Latent: 0.000755, Consistency: 0.000648, MultiX: 0.010722, MultiZ: 0.001477
Epoch 128/300: Train Loss = 0.016640, Val Loss = 0.004532, LR = 3.00e-04

预训练:   0%|          | 0/73 [00:00<?, ?it/s]
预训练:   4%|▍         | 3/73 [00:00<00:02, 28.57it/s]
预训练:  10%|▉         | 7/73 [00:00<00:01, 33.61it/s]
预训练:  15%|█▌        | 11/73 [00:00<00:01, 35.18it/s]
预训练:  21%|██        | 15/73 [00:00<00:01, 36.32it/s]
预训练:  26%|██▌       | 19/73 [00:00<00:01, 37.21it/s]
预训练:  32%|███▏      | 23/73 [00:00<00:01, 37.15it/s]
预训练:  37%|███▋      | 27/73 [00:00<00:01, 37.34it/s]
预训练:  42%|████▏     | 31/73 [00:00<00:01, 37.25it/s]
预训练:  48%|████▊     | 35/73 [00:00<00:01, 36.97it/s]
预训练:  53%|█████▎    | 39/73 [00:01<00:00, 37.31it/s]
预训练:  59%|█████▉    | 43/73 [00:01<00:00, 37.12it/s]
预训练:  64%|██████▍   | 47/73 [00:01<00:00, 37.31it/s]
预训练:  70%|██████▉   | 51/73 [00:01<00:00, 36.81it/s]
预训练:  75%|███████▌  | 55/73 [00:01<00:00, 37.19it/s]
预训练:  81%|████████  | 59/73 [00:01<00:00, 37.46it/s]
预训练:  86%|████████▋ | 63/73 [00:01<00:00, 37.86it/s]
预训练:  92%|█████████▏| 67/73 [00:01<00:00, 38.26it/s]
预训练:  97%|█████████▋| 71/73 [00:01<00:00, 38.69it/s]
预训练: 100%|██████████| 73/73 [00:01<00:00, 37.31it/s]
  [损失分解] Pred: 0.004444, Latent: 0.000745, Consistency: 0.000642, MultiX: 0.010626, MultiZ: 0.001462
Epoch 129/300: Train Loss = 0.016494, Val Loss = 0.004487, LR = 3.00e-04

预训练:   0%|          | 0/73 [00:00<?, ?it/s]
预训练:   4%|▍         | 3/73 [00:00<00:02, 28.04it/s]
预训练:  10%|▉         | 7/73 [00:00<00:01, 34.48it/s]
预训练:  15%|█▌        | 11/73 [00:00<00:01, 35.07it/s]
预训练:  21%|██        | 15/73 [00:00<00:01, 35.59it/s]
预训练:  26%|██▌       | 19/73 [00:00<00:01, 35.87it/s]
预训练:  32%|███▏      | 23/73 [00:00<00:01, 36.15it/s]
预训练:  37%|███▋      | 27/73 [00:00<00:01, 36.54it/s]
预训练:  42%|████▏     | 31/73 [00:00<00:01, 36.49it/s]
预训练:  48%|████▊     | 35/73 [00:00<00:01, 36.18it/s]
预训练:  53%|█████▎    | 39/73 [00:01<00:00, 36.44it/s]
预训练:  59%|█████▉    | 43/73 [00:01<00:00, 36.77it/s]
预训练:  64%|██████▍   | 47/73 [00:01<00:00, 36.95it/s]
预训练:  70%|██████▉   | 51/73 [00:01<00:00, 37.19it/s]
预训练:  75%|███████▌  | 55/73 [00:01<00:00, 36.73it/s]
预训练:  81%|████████  | 59/73 [00:01<00:00, 37.34it/s]
预训练:  88%|████████▊ | 64/73 [00:01<00:00, 38.23it/s]
预训练:  93%|█████████▎| 68/73 [00:01<00:00, 38.72it/s]
预训练:  99%|█████████▊| 72/73 [00:01<00:00, 38.54it/s]
预训练: 100%|██████████| 73/73 [00:01<00:00, 36.98it/s]
  [损失分解] Pred: 0.004424, Latent: 0.000746, Consistency: 0.000639, MultiX: 0.010515, MultiZ: 0.001452
Epoch 130/300: Train Loss = 0.016358, Val Loss = 0.004451, LR = 3.00e-04

预训练:   0%|          | 0/73 [00:00<?, ?it/s]
预训练:   3%|▎         | 2/73 [00:00<00:04, 17.09it/s]
预训练:   8%|▊         | 6/73 [00:00<00:02, 29.05it/s]
预训练:  14%|█▎        | 10/73 [00:00<00:01, 33.23it/s]
预训练:  19%|█▉        | 14/73 [00:00<00:01, 34.49it/s]
预训练:  25%|██▍       | 18/73 [00:00<00:01, 35.29it/s]
预训练:  30%|███       | 22/73 [00:00<00:01, 35.77it/s]
预训练:  36%|███▌      | 26/73 [00:00<00:01, 35.75it/s]
预训练:  41%|████      | 30/73 [00:00<00:01, 36.05it/s]
预训练:  47%|████▋     | 34/73 [00:00<00:01, 36.67it/s]
预训练:  52%|█████▏    | 38/73 [00:01<00:00, 36.89it/s]
预训练:  58%|█████▊    | 42/73 [00:01<00:00, 37.25it/s]
预训练:  63%|██████▎   | 46/73 [00:01<00:00, 37.51it/s]
预训练:  68%|██████▊   | 50/73 [00:01<00:00, 37.36it/s]
预训练:  74%|███████▍  | 54/73 [00:01<00:00, 37.37it/s]
预训练:  79%|███████▉  | 58/73 [00:01<00:00, 37.48it/s]
预训练:  85%|████████▍ | 62/73 [00:01<00:00, 37.77it/s]
预训练:  90%|█████████ | 66/73 [00:01<00:00, 38.30it/s]
预训练:  97%|█████████▋| 71/73 [00:01<00:00, 38.99it/s]
预训练: 100%|██████████| 73/73 [00:01<00:00, 36.65it/s]
  [损失分解] Pred: 0.004387, Latent: 0.000739, Consistency: 0.000634, MultiX: 0.010367, MultiZ: 0.001434
Epoch 131/300: Train Loss = 0.016158, Val Loss = 0.004440, LR = 3.00e-04

预训练:   0%|          | 0/73 [00:00<?, ?it/s]
预训练:   4%|▍         | 3/73 [00:00<00:02, 27.78it/s]
预训练:  10%|▉         | 7/73 [00:00<00:01, 34.15it/s]
预训练:  15%|█▌        | 11/73 [00:00<00:01, 35.49it/s]
预训练:  21%|██        | 15/73 [00:00<00:01, 36.11it/s]
预训练:  26%|██▌       | 19/73 [00:00<00:01, 36.69it/s]
预训练:  32%|███▏      | 23/73 [00:00<00:01, 36.46it/s]
预训练:  37%|███▋      | 27/73 [00:00<00:01, 37.10it/s]
预训练:  42%|████▏     | 31/73 [00:00<00:01, 37.41it/s]
预训练:  48%|████▊     | 35/73 [00:00<00:01, 37.40it/s]
预训练:  53%|█████▎    | 39/73 [00:01<00:00, 37.83it/s]
预训练:  59%|█████▉    | 43/73 [00:01<00:00, 37.05it/s]
预训练:  64%|██████▍   | 47/73 [00:01<00:00, 36.53it/s]
预训练:  70%|██████▉   | 51/73 [00:01<00:00, 36.99it/s]
预训练:  75%|███████▌  | 55/73 [00:01<00:00, 36.90it/s]
预训练:  81%|████████  | 59/73 [00:01<00:00, 37.25it/s]
预训练:  88%|████████▊ | 64/73 [00:01<00:00, 38.27it/s]
预训练:  95%|█████████▍| 69/73 [00:01<00:00, 38.93it/s]
预训练: 100%|██████████| 73/73 [00:01<00:00, 37.39it/s]
  [损失分解] Pred: 0.004388, Latent: 0.000734, Consistency: 0.000631, MultiX: 0.010298, MultiZ: 0.001421
Epoch 132/300: Train Loss = 0.016079, Val Loss = 0.004340, LR = 3.00e-04

预训练:   0%|          | 0/73 [00:00<?, ?it/s]
预训练:   4%|▍         | 3/73 [00:00<00:02, 25.64it/s]
预训练:  10%|▉         | 7/73 [00:00<00:01, 33.17it/s]
预训练:  15%|█▌        | 11/73 [00:00<00:01, 34.79it/s]
预训练:  21%|██        | 15/73 [00:00<00:01, 35.80it/s]
预训练:  26%|██▌       | 19/73 [00:00<00:01, 36.25it/s]
预训练:  32%|███▏      | 23/73 [00:00<00:01, 36.75it/s]
预训练:  37%|███▋      | 27/73 [00:00<00:01, 37.18it/s]
预训练:  42%|████▏     | 31/73 [00:00<00:01, 37.14it/s]
预训练:  48%|████▊     | 35/73 [00:00<00:01, 36.89it/s]
预训练:  53%|█████▎    | 39/73 [00:01<00:00, 36.62it/s]
预训练:  59%|█████▉    | 43/73 [00:01<00:00, 37.38it/s]
预训练:  64%|██████▍   | 47/73 [00:01<00:00, 37.28it/s]
预训练:  70%|██████▉   | 51/73 [00:01<00:00, 36.99it/s]
预训练:  75%|███████▌  | 55/73 [00:01<00:00, 36.90it/s]
预训练:  81%|████████  | 59/73 [00:01<00:00, 37.05it/s]
预训练:  86%|████████▋ | 63/73 [00:01<00:00, 37.57it/s]
预训练:  93%|█████████▎| 68/73 [00:01<00:00, 38.18it/s]
预训练:  99%|█████████▊| 72/73 [00:01<00:00, 38.15it/s]
预训练: 100%|██████████| 73/73 [00:01<00:00, 36.96it/s]
  [损失分解] Pred: 0.004365, Latent: 0.000728, Consistency: 0.000625, MultiX: 0.010261, MultiZ: 0.001414
Epoch 133/300: Train Loss = 0.016010, Val Loss = 0.004493, LR = 3.00e-04

预训练:   0%|          | 0/73 [00:00<?, ?it/s]
预训练:   4%|▍         | 3/73 [00:00<00:02, 28.57it/s]
预训练:  10%|▉         | 7/73 [00:00<00:01, 33.61it/s]
预训练:  15%|█▌        | 11/73 [00:00<00:01, 35.95it/s]
预训练:  21%|██        | 15/73 [00:00<00:01, 35.85it/s]
预训练:  26%|██▌       | 19/73 [00:00<00:01, 35.92it/s]
预训练:  32%|███▏      | 23/73 [00:00<00:01, 36.41it/s]
预训练:  37%|███▋      | 27/73 [00:00<00:01, 36.51it/s]
预训练:  42%|████▏     | 31/73 [00:00<00:01, 35.13it/s]
预训练:  48%|████▊     | 35/73 [00:00<00:01, 35.91it/s]
预训练:  53%|█████▎    | 39/73 [00:01<00:00, 36.56it/s]
预训练:  59%|█████▉    | 43/73 [00:01<00:00, 36.40it/s]
预训练:  64%|██████▍   | 47/73 [00:01<00:00, 36.39it/s]
预训练:  70%|██████▉   | 51/73 [00:01<00:00, 36.18it/s]
预训练:  75%|███████▌  | 55/73 [00:01<00:00, 36.24it/s]
预训练:  81%|████████  | 59/73 [00:01<00:00, 36.88it/s]
预训练:  86%|████████▋ | 63/73 [00:01<00:00, 37.45it/s]
预训练:  92%|█████████▏| 67/73 [00:01<00:00, 37.96it/s]
预训练:  97%|█████████▋| 71/73 [00:01<00:00, 38.22it/s]
预训练: 100%|██████████| 73/73 [00:01<00:00, 36.74it/s]
  [损失分解] Pred: 0.004408, Latent: 0.000729, Consistency: 0.000627, MultiX: 0.010394, MultiZ: 0.001423
Epoch 134/300: Train Loss = 0.016191, Val Loss = 0.004503, LR = 3.00e-04

预训练:   0%|          | 0/73 [00:00<?, ?it/s]
预训练:   4%|▍         | 3/73 [00:00<00:02, 29.41it/s]
预训练:  10%|▉         | 7/73 [00:00<00:01, 34.58it/s]
预训练:  15%|█▌        | 11/73 [00:00<00:01, 35.42it/s]
预训练:  21%|██        | 15/73 [00:00<00:01, 36.47it/s]
预训练:  26%|██▌       | 19/73 [00:00<00:01, 37.30it/s]
预训练:  32%|███▏      | 23/73 [00:00<00:01, 37.25it/s]
预训练:  37%|███▋      | 27/73 [00:00<00:01, 36.73it/s]
预训练:  42%|████▏     | 31/73 [00:00<00:01, 35.69it/s]
预训练:  48%|████▊     | 35/73 [00:00<00:01, 35.80it/s]
预训练:  53%|█████▎    | 39/73 [00:01<00:00, 36.07it/s]
预训练:  59%|█████▉    | 43/73 [00:01<00:00, 36.16it/s]
预训练:  64%|██████▍   | 47/73 [00:01<00:00, 36.02it/s]
预训练:  70%|██████▉   | 51/73 [00:01<00:00, 35.83it/s]
预训练:  75%|███████▌  | 55/73 [00:01<00:00, 36.09it/s]
预训练:  81%|████████  | 59/73 [00:01<00:00, 36.37it/s]
预训练:  86%|████████▋ | 63/73 [00:01<00:00, 37.08it/s]
预训练:  92%|█████████▏| 67/73 [00:01<00:00, 37.38it/s]
预训练:  97%|█████████▋| 71/73 [00:01<00:00, 38.02it/s]
预训练: 100%|██████████| 73/73 [00:01<00:00, 36.71it/s]
  [损失分解] Pred: 0.004388, Latent: 0.000724, Consistency: 0.000621, MultiX: 0.010270, MultiZ: 0.001406
Epoch 135/300: Train Loss = 0.016033, Val Loss = 0.004407, LR = 3.00e-04

预训练:   0%|          | 0/73 [00:00<?, ?it/s]
预训练:   3%|▎         | 2/73 [00:00<00:03, 19.23it/s]
预训练:   8%|▊         | 6/73 [00:00<00:02, 30.37it/s]
预训练:  14%|█▎        | 10/73 [00:00<00:01, 32.90it/s]
预训练:  19%|█▉        | 14/73 [00:00<00:01, 33.55it/s]
预训练:  25%|██▍       | 18/73 [00:00<00:01, 34.45it/s]
预训练:  30%|███       | 22/73 [00:00<00:01, 35.53it/s]
预训练:  36%|███▌      | 26/73 [00:00<00:01, 36.57it/s]
预训练:  41%|████      | 30/73 [00:00<00:01, 37.27it/s]
预训练:  47%|████▋     | 34/73 [00:00<00:01, 37.64it/s]
预训练:  52%|█████▏    | 38/73 [00:01<00:00, 37.23it/s]
预训练:  58%|█████▊    | 42/73 [00:01<00:00, 37.07it/s]
预训练:  63%|██████▎   | 46/73 [00:01<00:00, 36.64it/s]
预训练:  68%|██████▊   | 50/73 [00:01<00:00, 35.96it/s]
预训练:  74%|███████▍  | 54/73 [00:01<00:00, 35.98it/s]
预训练:  79%|███████▉  | 58/73 [00:01<00:00, 35.90it/s]
预训练:  85%|████████▍ | 62/73 [00:01<00:00, 36.24it/s]
预训练:  90%|█████████ | 66/73 [00:01<00:00, 37.19it/s]
预训练:  96%|█████████▌| 70/73 [00:01<00:00, 37.88it/s]
预训练: 100%|██████████| 73/73 [00:02<00:00, 36.23it/s]
  [损失分解] Pred: 0.004356, Latent: 0.000718, Consistency: 0.000618, MultiX: 0.010153, MultiZ: 0.001393
Epoch 136/300: Train Loss = 0.015874, Val Loss = 0.004358, LR = 3.00e-04

预训练:   0%|          | 0/73 [00:00<?, ?it/s]
预训练:   4%|▍         | 3/73 [00:00<00:02, 28.57it/s]
预训练:  10%|▉         | 7/73 [00:00<00:01, 33.61it/s]
预训练:  15%|█▌        | 11/73 [00:00<00:01, 35.33it/s]
预训练:  21%|██        | 15/73 [00:00<00:01, 35.49it/s]
预训练:  26%|██▌       | 19/73 [00:00<00:01, 36.29it/s]
预训练:  32%|███▏      | 23/73 [00:00<00:01, 36.77it/s]
预训练:  37%|███▋      | 27/73 [00:00<00:01, 36.97it/s]
预训练:  42%|████▏     | 31/73 [00:00<00:01, 36.45it/s]
预训练:  48%|████▊     | 35/73 [00:00<00:01, 36.74it/s]
预训练:  53%|█████▎    | 39/73 [00:01<00:00, 37.26it/s]
预训练:  59%|█████▉    | 43/73 [00:01<00:00, 37.19it/s]
预训练:  64%|██████▍   | 47/73 [00:01<00:00, 36.87it/s]
预训练:  70%|██████▉   | 51/73 [00:01<00:00, 37.02it/s]
预训练:  75%|███████▌  | 55/73 [00:01<00:00, 36.82it/s]
预训练:  81%|████████  | 59/73 [00:01<00:00, 36.78it/s]
预训练:  86%|████████▋ | 63/73 [00:01<00:00, 37.59it/s]
预训练:  92%|█████████▏| 67/73 [00:01<00:00, 37.85it/s]
预训练:  97%|█████████▋| 71/73 [00:01<00:00, 38.46it/s]
预训练: 100%|██████████| 73/73 [00:01<00:00, 37.06it/s]
  [损失分解] Pred: 0.004366, Latent: 0.000717, Consistency: 0.000616, MultiX: 0.010228, MultiZ: 0.001395
Epoch 137/300: Train Loss = 0.015958, Val Loss = 0.004450, LR = 3.00e-04

预训练:   0%|          | 0/73 [00:00<?, ?it/s]
预训练:   4%|▍         | 3/73 [00:00<00:02, 26.09it/s]
预训练:  10%|▉         | 7/73 [00:00<00:01, 33.06it/s]
预训练:  15%|█▌        | 11/73 [00:00<00:01, 34.44it/s]
预训练:  21%|██        | 15/73 [00:00<00:01, 35.45it/s]
预训练:  26%|██▌       | 19/73 [00:00<00:01, 36.26it/s]
预训练:  32%|███▏      | 23/73 [00:00<00:01, 36.99it/s]
预训练:  37%|███▋      | 27/73 [00:00<00:01, 36.78it/s]
预训练:  42%|████▏     | 31/73 [00:00<00:01, 36.65it/s]
预训练:  48%|████▊     | 35/73 [00:00<00:01, 36.66it/s]
预训练:  53%|█████▎    | 39/73 [00:01<00:00, 36.57it/s]
预训练:  59%|█████▉    | 43/73 [00:01<00:00, 36.61it/s]
预训练:  64%|██████▍   | 47/73 [00:01<00:00, 36.53it/s]
预训练:  70%|██████▉   | 51/73 [00:01<00:00, 36.38it/s]
预训练:  75%|███████▌  | 55/73 [00:01<00:00, 36.78it/s]
预训练:  81%|████████  | 59/73 [00:01<00:00, 37.06it/s]
预训练:  86%|████████▋ | 63/73 [00:01<00:00, 37.79it/s]
预训练:  92%|█████████▏| 67/73 [00:01<00:00, 38.21it/s]
预训练:  97%|█████████▋| 71/73 [00:01<00:00, 38.73it/s]
预训练: 100%|██████████| 73/73 [00:01<00:00, 36.94it/s]
  [损失分解] Pred: 0.004319, Latent: 0.000709, Consistency: 0.000610, MultiX: 0.010153, MultiZ: 0.001385
Epoch 138/300: Train Loss = 0.015824, Val Loss = 0.004316, LR = 3.00e-04

预训练:   0%|          | 0/73 [00:00<?, ?it/s]
预训练:   4%|▍         | 3/73 [00:00<00:02, 28.84it/s]
预训练:  10%|▉         | 7/73 [00:00<00:01, 33.93it/s]
预训练:  15%|█▌        | 11/73 [00:00<00:01, 35.06it/s]
预训练:  21%|██        | 15/73 [00:00<00:01, 36.11it/s]
预训练:  26%|██▌       | 19/73 [00:00<00:01, 36.69it/s]
预训练:  32%|███▏      | 23/73 [00:00<00:01, 37.16it/s]
预训练:  37%|███▋      | 27/73 [00:00<00:01, 36.78it/s]
预训练:  42%|████▏     | 31/73 [00:00<00:01, 36.97it/s]
预训练:  48%|████▊     | 35/73 [00:00<00:01, 37.21it/s]
预训练:  53%|█████▎    | 39/73 [00:01<00:00, 37.48it/s]
预训练:  59%|█████▉    | 43/73 [00:01<00:00, 37.24it/s]
预训练:  64%|██████▍   | 47/73 [00:01<00:00, 37.07it/s]
预训练:  70%|██████▉   | 51/73 [00:01<00:00, 37.16it/s]
预训练:  75%|███████▌  | 55/73 [00:01<00:00, 36.92it/s]
预训练:  81%|████████  | 59/73 [00:01<00:00, 36.45it/s]
预训练:  86%|████████▋ | 63/73 [00:01<00:00, 37.34it/s]
预训练:  92%|█████████▏| 67/73 [00:01<00:00, 37.78it/s]
预训练:  97%|█████████▋| 71/73 [00:01<00:00, 38.42it/s]
预训练: 100%|██████████| 73/73 [00:01<00:00, 37.13it/s]
  [损失分解] Pred: 0.004304, Latent: 0.000707, Consistency: 0.000606, MultiX: 0.010005, MultiZ: 0.001368
Epoch 139/300: Train Loss = 0.015650, Val Loss = 0.004674, LR = 3.00e-04

预训练:   0%|          | 0/73 [00:00<?, ?it/s]
预训练:   4%|▍         | 3/73 [00:00<00:02, 26.32it/s]
预训练:  10%|▉         | 7/73 [00:00<00:01, 33.19it/s]
预训练:  15%|█▌        | 11/73 [00:00<00:01, 35.55it/s]
预训练:  21%|██        | 15/73 [00:00<00:01, 36.82it/s]
预训练:  26%|██▌       | 19/73 [00:00<00:01, 37.03it/s]
预训练:  32%|███▏      | 23/73 [00:00<00:01, 37.15it/s]
预训练:  37%|███▋      | 27/73 [00:00<00:01, 37.00it/s]
预训练:  42%|████▏     | 31/73 [00:00<00:01, 36.66it/s]
预训练:  48%|████▊     | 35/73 [00:00<00:01, 36.36it/s]
预训练:  53%|█████▎    | 39/73 [00:01<00:00, 36.16it/s]
预训练:  59%|█████▉    | 43/73 [00:01<00:00, 36.22it/s]
预训练:  64%|██████▍   | 47/73 [00:01<00:00, 36.46it/s]
预训练:  70%|██████▉   | 51/73 [00:01<00:00, 36.84it/s]
预训练:  75%|███████▌  | 55/73 [00:01<00:00, 36.70it/s]
预训练:  81%|████████  | 59/73 [00:01<00:00, 36.90it/s]
预训练:  86%|████████▋ | 63/73 [00:01<00:00, 36.63it/s]
预训练:  92%|█████████▏| 67/73 [00:01<00:00, 37.06it/s]
预训练:  99%|█████████▊| 72/73 [00:01<00:00, 38.04it/s]
预训练: 100%|██████████| 73/73 [00:01<00:00, 36.77it/s]
  [损失分解] Pred: 0.004335, Latent: 0.000705, Consistency: 0.000606, MultiX: 0.010108, MultiZ: 0.001372
Epoch 140/300: Train Loss = 0.015784, Val Loss = 0.004371, LR = 3.00e-04

预训练:   0%|          | 0/73 [00:00<?, ?it/s]
预训练:   3%|▎         | 2/73 [00:00<00:04, 17.24it/s]
预训练:   8%|▊         | 6/73 [00:00<00:02, 28.10it/s]
预训练:  14%|█▎        | 10/73 [00:00<00:01, 32.34it/s]
预训练:  19%|█▉        | 14/73 [00:00<00:01, 33.81it/s]
预训练:  25%|██▍       | 18/73 [00:00<00:01, 34.84it/s]
预训练:  30%|███       | 22/73 [00:00<00:01, 35.69it/s]
预训练:  36%|███▌      | 26/73 [00:00<00:01, 36.35it/s]
预训练:  41%|████      | 30/73 [00:00<00:01, 36.68it/s]
预训练:  47%|████▋     | 34/73 [00:00<00:01, 36.68it/s]
预训练:  52%|█████▏    | 38/73 [00:01<00:00, 36.69it/s]
预训练:  58%|█████▊    | 42/73 [00:01<00:00, 36.18it/s]
预训练:  63%|██████▎   | 46/73 [00:01<00:00, 36.04it/s]
预训练:  68%|██████▊   | 50/73 [00:01<00:00, 36.04it/s]
预训练:  74%|███████▍  | 54/73 [00:01<00:00, 36.53it/s]
预训练:  79%|███████▉  | 58/73 [00:01<00:00, 36.89it/s]
预训练:  85%|████████▍ | 62/73 [00:01<00:00, 37.45it/s]
预训练:  90%|█████████ | 66/73 [00:01<00:00, 38.08it/s]
预训练:  97%|█████████▋| 71/73 [00:01<00:00, 38.52it/s]
预训练: 100%|██████████| 73/73 [00:02<00:00, 36.19it/s]
  [损失分解] Pred: 0.004370, Latent: 0.000706, Consistency: 0.000608, MultiX: 0.010300, MultiZ: 0.001388
Epoch 141/300: Train Loss = 0.016020, Val Loss = 0.004669, LR = 3.00e-04

预训练:   0%|          | 0/73 [00:00<?, ?it/s]
预训练:   4%|▍         | 3/73 [00:00<00:02, 28.30it/s]
预训练:  10%|▉         | 7/73 [00:00<00:01, 33.66it/s]
预训练:  15%|█▌        | 11/73 [00:00<00:01, 35.52it/s]
预训练:  21%|██        | 15/73 [00:00<00:01, 36.39it/s]
预训练:  26%|██▌       | 19/73 [00:00<00:01, 36.38it/s]
预训练:  32%|███▏      | 23/73 [00:00<00:01, 36.72it/s]
预训练:  37%|███▋      | 27/73 [00:00<00:01, 36.53it/s]
预训练:  42%|████▏     | 31/73 [00:00<00:01, 36.48it/s]
预训练:  48%|████▊     | 35/73 [00:00<00:01, 36.76it/s]
预训练:  53%|█████▎    | 39/73 [00:01<00:00, 37.16it/s]
预训练:  59%|█████▉    | 43/73 [00:01<00:00, 36.40it/s]
预训练:  64%|██████▍   | 47/73 [00:01<00:00, 36.72it/s]
预训练:  70%|██████▉   | 51/73 [00:01<00:00, 36.92it/s]
预训练:  75%|███████▌  | 55/73 [00:01<00:00, 37.16it/s]
预训练:  81%|████████  | 59/73 [00:01<00:00, 37.12it/s]
预训练:  86%|████████▋ | 63/73 [00:01<00:00, 37.41it/s]
预训练:  92%|█████████▏| 67/73 [00:01<00:00, 37.90it/s]
预训练:  97%|█████████▋| 71/73 [00:01<00:00, 38.18it/s]
预训练: 100%|██████████| 73/73 [00:01<00:00, 36.99it/s]
  [损失分解] Pred: 0.004285, Latent: 0.000698, Consistency: 0.000599, MultiX: 0.009985, MultiZ: 0.001359
Epoch 142/300: Train Loss = 0.015598, Val Loss = 0.004424, LR = 3.00e-04

预训练:   0%|          | 0/73 [00:00<?, ?it/s]
预训练:   4%|▍         | 3/73 [00:00<00:02, 28.85it/s]
预训练:  10%|▉         | 7/73 [00:00<00:01, 34.31it/s]
预训练:  15%|█▌        | 11/73 [00:00<00:01, 35.27it/s]
预训练:  21%|██        | 15/73 [00:00<00:01, 36.51it/s]
预训练:  26%|██▌       | 19/73 [00:00<00:01, 36.58it/s]
预训练:  32%|███▏      | 23/73 [00:00<00:01, 35.72it/s]
预训练:  37%|███▋      | 27/73 [00:00<00:01, 36.14it/s]
预训练:  42%|████▏     | 31/73 [00:00<00:01, 36.64it/s]
预训练:  48%|████▊     | 35/73 [00:00<00:01, 37.19it/s]
预训练:  53%|█████▎    | 39/73 [00:01<00:00, 37.58it/s]
预训练:  59%|█████▉    | 43/73 [00:01<00:00, 37.73it/s]
预训练:  64%|██████▍   | 47/73 [00:01<00:00, 37.41it/s]
预训练:  70%|██████▉   | 51/73 [00:01<00:00, 37.30it/s]
预训练:  75%|███████▌  | 55/73 [00:01<00:00, 36.91it/s]
预训练:  81%|████████  | 59/73 [00:01<00:00, 36.84it/s]
预训练:  86%|████████▋ | 63/73 [00:01<00:00, 37.63it/s]
预训练:  92%|█████████▏| 67/73 [00:01<00:00, 37.88it/s]
预训练:  97%|█████████▋| 71/73 [00:01<00:00, 38.05it/s]
预训练: 100%|██████████| 73/73 [00:01<00:00, 37.07it/s]
  [损失分解] Pred: 0.004298, Latent: 0.000696, Consistency: 0.000598, MultiX: 0.010081, MultiZ: 0.001364
Epoch 143/300: Train Loss = 0.015708, Val Loss = 0.004422, LR = 3.00e-04

预训练:   0%|          | 0/73 [00:00<?, ?it/s]
预训练:   4%|▍         | 3/73 [00:00<00:02, 27.89it/s]
预训练:  10%|▉         | 7/73 [00:00<00:01, 33.10it/s]
预训练:  15%|█▌        | 11/73 [00:00<00:01, 34.31it/s]
预训练:  21%|██        | 15/73 [00:00<00:01, 34.87it/s]
预训练:  26%|██▌       | 19/73 [00:00<00:01, 35.07it/s]
预训练:  32%|███▏      | 23/73 [00:00<00:01, 36.28it/s]
预训练:  37%|███▋      | 27/73 [00:00<00:01, 37.20it/s]
预训练:  42%|████▏     | 31/73 [00:00<00:01, 37.59it/s]
预训练:  48%|████▊     | 35/73 [00:00<00:01, 37.86it/s]
预训练:  53%|█████▎    | 39/73 [00:01<00:00, 37.82it/s]
预训练:  59%|█████▉    | 43/73 [00:01<00:00, 37.36it/s]
预训练:  64%|██████▍   | 47/73 [00:01<00:00, 37.05it/s]
预训练:  70%|██████▉   | 51/73 [00:01<00:00, 36.74it/s]
预训练:  75%|███████▌  | 55/73 [00:01<00:00, 36.46it/s]
预训练:  81%|████████  | 59/73 [00:01<00:00, 36.63it/s]
预训练:  86%|████████▋ | 63/73 [00:01<00:00, 37.17it/s]
预训练:  92%|█████████▏| 67/73 [00:01<00:00, 37.55it/s]
预训练:  97%|█████████▋| 71/73 [00:01<00:00, 38.14it/s]
预训练: 100%|██████████| 73/73 [00:01<00:00, 36.88it/s]
  [损失分解] Pred: 0.004288, Latent: 0.000693, Consistency: 0.000596, MultiX: 0.010057, MultiZ: 0.001358
Epoch 144/300: Train Loss = 0.015668, Val Loss = 0.004351, LR = 3.00e-04

预训练:   0%|          | 0/73 [00:00<?, ?it/s]
预训练:   4%|▍         | 3/73 [00:00<00:02, 27.78it/s]
预训练:  10%|▉         | 7/73 [00:00<00:02, 32.69it/s]
预训练:  15%|█▌        | 11/73 [00:00<00:01, 34.80it/s]
预训练:  21%|██        | 15/73 [00:00<00:01, 35.94it/s]
预训练:  26%|██▌       | 19/73 [00:00<00:01, 36.46it/s]
预训练:  32%|███▏      | 23/73 [00:00<00:01, 36.54it/s]
预训练:  37%|███▋      | 27/73 [00:00<00:01, 37.00it/s]
预训练:  42%|████▏     | 31/73 [00:00<00:01, 37.23it/s]
预训练:  48%|████▊     | 35/73 [00:00<00:01, 37.39it/s]
预训练:  53%|█████▎    | 39/73 [00:01<00:00, 37.28it/s]
预训练:  59%|█████▉    | 43/73 [00:01<00:00, 37.31it/s]
预训练:  64%|██████▍   | 47/73 [00:01<00:00, 37.02it/s]
预训练:  70%|██████▉   | 51/73 [00:01<00:00, 37.44it/s]
预训练:  75%|███████▌  | 55/73 [00:01<00:00, 37.21it/s]
预训练:  81%|████████  | 59/73 [00:01<00:00, 36.85it/s]
预训练:  86%|████████▋ | 63/73 [00:01<00:00, 37.32it/s]
预训练:  92%|█████████▏| 67/73 [00:01<00:00, 35.64it/s]
预训练:  97%|█████████▋| 71/73 [00:01<00:00, 36.64it/s]
预训练: 100%|██████████| 73/73 [00:01<00:00, 36.66it/s]
  [损失分解] Pred: 0.004251, Latent: 0.000687, Consistency: 0.000591, MultiX: 0.009823, MultiZ: 0.001334
Epoch 145/300: Train Loss = 0.015380, Val Loss = 0.004406, LR = 3.00e-04

预训练:   0%|          | 0/73 [00:00<?, ?it/s]
预训练:   3%|▎         | 2/73 [00:00<00:03, 18.02it/s]
预训练:   8%|▊         | 6/73 [00:00<00:02, 29.08it/s]
预训练:  14%|█▎        | 10/73 [00:00<00:01, 32.42it/s]
预训练:  21%|██        | 15/73 [00:00<00:01, 35.41it/s]
预训练:  26%|██▌       | 19/73 [00:00<00:01, 36.32it/s]
预训练:  32%|███▏      | 23/73 [00:00<00:01, 36.33it/s]
预训练:  37%|███▋      | 27/73 [00:00<00:01, 36.78it/s]
预训练:  42%|████▏     | 31/73 [00:00<00:01, 36.97it/s]
预训练:  48%|████▊     | 35/73 [00:00<00:01, 36.99it/s]
预训练:  53%|█████▎    | 39/73 [00:01<00:00, 37.76it/s]
预训练:  59%|█████▉    | 43/73 [00:01<00:00, 37.43it/s]
预训练:  64%|██████▍   | 47/73 [00:01<00:00, 37.10it/s]
预训练:  70%|██████▉   | 51/73 [00:01<00:00, 36.73it/s]
预训练:  75%|███████▌  | 55/73 [00:01<00:00, 37.03it/s]
预训练:  81%|████████  | 59/73 [00:01<00:00, 36.62it/s]
预训练:  86%|████████▋ | 63/73 [00:01<00:00, 37.16it/s]
预训练:  92%|█████████▏| 67/73 [00:01<00:00, 37.86it/s]
预训练:  97%|█████████▋| 71/73 [00:01<00:00, 38.48it/s]
预训练: 100%|██████████| 73/73 [00:01<00:00, 36.66it/s]
  [损失分解] Pred: 0.004223, Latent: 0.000681, Consistency: 0.000585, MultiX: 0.009705, MultiZ: 0.001316
Epoch 146/300: Train Loss = 0.015220, Val Loss = 0.004389, LR = 3.00e-04

预训练:   0%|          | 0/73 [00:00<?, ?it/s]
预训练:   4%|▍         | 3/73 [00:00<00:02, 25.72it/s]
预训练:  10%|▉         | 7/73 [00:00<00:02, 31.99it/s]
预训练:  15%|█▌        | 11/73 [00:00<00:01, 34.25it/s]
预训练:  21%|██        | 15/73 [00:00<00:01, 35.72it/s]
预训练:  26%|██▌       | 19/73 [00:00<00:01, 35.72it/s]
预训练:  32%|███▏      | 23/73 [00:00<00:01, 36.16it/s]
预训练:  37%|███▋      | 27/73 [00:00<00:01, 36.45it/s]
预训练:  42%|████▏     | 31/73 [00:00<00:01, 36.63it/s]
预训练:  48%|████▊     | 35/73 [00:00<00:01, 36.24it/s]
预训练:  53%|█████▎    | 39/73 [00:01<00:00, 36.28it/s]
预训练:  59%|█████▉    | 43/73 [00:01<00:00, 36.30it/s]
预训练:  64%|██████▍   | 47/73 [00:01<00:00, 37.04it/s]
预训练:  70%|██████▉   | 51/73 [00:01<00:00, 36.42it/s]
预训练:  75%|███████▌  | 55/73 [00:01<00:00, 37.23it/s]
预训练:  81%|████████  | 59/73 [00:01<00:00, 36.45it/s]
预训练:  88%|████████▊ | 64/73 [00:01<00:00, 37.47it/s]
预训练:  95%|█████████▍| 69/73 [00:01<00:00, 38.38it/s]
预训练: 100%|██████████| 73/73 [00:01<00:00, 36.68it/s]
  [损失分解] Pred: 0.004231, Latent: 0.000681, Consistency: 0.000584, MultiX: 0.009780, MultiZ: 0.001322
Epoch 147/300: Train Loss = 0.015305, Val Loss = 0.004478, LR = 3.00e-04

预训练:   0%|          | 0/73 [00:00<?, ?it/s]
预训练:   4%|▍         | 3/73 [00:00<00:02, 27.52it/s]
预训练:  10%|▉         | 7/73 [00:00<00:01, 33.46it/s]
预训练:  15%|█▌        | 11/73 [00:00<00:01, 35.40it/s]
预训练:  21%|██        | 15/73 [00:00<00:01, 35.92it/s]
预训练:  26%|██▌       | 19/73 [00:00<00:01, 36.20it/s]
预训练:  32%|███▏      | 23/73 [00:00<00:01, 36.49it/s]
预训练:  37%|███▋      | 27/73 [00:00<00:01, 36.89it/s]
预训练:  42%|████▏     | 31/73 [00:00<00:01, 37.38it/s]
预训练:  48%|████▊     | 35/73 [00:00<00:01, 37.16it/s]
预训练:  53%|█████▎    | 39/73 [00:01<00:00, 37.34it/s]
预训练:  59%|█████▉    | 43/73 [00:01<00:00, 37.68it/s]
预训练:  64%|██████▍   | 47/73 [00:01<00:00, 36.95it/s]
预训练:  70%|██████▉   | 51/73 [00:01<00:00, 36.98it/s]
预训练:  75%|███████▌  | 55/73 [00:01<00:00, 37.41it/s]
预训练:  81%|████████  | 59/73 [00:01<00:00, 36.88it/s]
预训练:  88%|████████▊ | 64/73 [00:01<00:00, 37.82it/s]
预训练:  93%|█████████▎| 68/73 [00:01<00:00, 38.31it/s]
预训练:  99%|█████████▊| 72/73 [00:01<00:00, 38.68it/s]
预训练: 100%|██████████| 73/73 [00:01<00:00, 37.19it/s]
  [损失分解] Pred: 0.004242, Latent: 0.000678, Consistency: 0.000584, MultiX: 0.009855, MultiZ: 0.001326
Epoch 148/300: Train Loss = 0.015390, Val Loss = 0.004543, LR = 3.00e-04

预训练:   0%|          | 0/73 [00:00<?, ?it/s]
预训练:   4%|▍         | 3/73 [00:00<00:02, 28.04it/s]
预训练:  10%|▉         | 7/73 [00:00<00:02, 32.99it/s]
预训练:  15%|█▌        | 11/73 [00:00<00:01, 34.54it/s]
预训练:  21%|██        | 15/73 [00:00<00:01, 35.65it/s]
预训练:  26%|██▌       | 19/73 [00:00<00:01, 36.39it/s]
预训练:  32%|███▏      | 23/73 [00:00<00:01, 36.27it/s]
预训练:  37%|███▋      | 27/73 [00:00<00:01, 36.52it/s]
预训练:  42%|████▏     | 31/73 [00:00<00:01, 37.05it/s]
预训练:  48%|████▊     | 35/73 [00:00<00:01, 36.51it/s]
预训练:  53%|█████▎    | 39/73 [00:01<00:00, 35.96it/s]
预训练:  59%|█████▉    | 43/73 [00:01<00:00, 35.49it/s]
预训练:  64%|██████▍   | 47/73 [00:01<00:00, 35.66it/s]
预训练:  70%|██████▉   | 51/73 [00:01<00:00, 36.26it/s]
预训练:  75%|███████▌  | 55/73 [00:01<00:00, 36.90it/s]
预训练:  81%|████████  | 59/73 [00:01<00:00, 37.04it/s]
预训练:  86%|████████▋ | 63/73 [00:01<00:00, 37.57it/s]
预训练:  92%|█████████▏| 67/73 [00:01<00:00, 38.16it/s]
预训练:  99%|█████████▊| 72/73 [00:01<00:00, 38.78it/s]
预训练: 100%|██████████| 73/73 [00:01<00:00, 36.78it/s]
  [损失分解] Pred: 0.004208, Latent: 0.000674, Consistency: 0.000580, MultiX: 0.009734, MultiZ: 0.001313
Epoch 149/300: Train Loss = 0.015226, Val Loss = 0.004284, LR = 3.00e-04

预训练:   0%|          | 0/73 [00:00<?, ?it/s]
预训练:   4%|▍         | 3/73 [00:00<00:02, 26.79it/s]
预训练:  10%|▉         | 7/73 [00:00<00:02, 32.90it/s]
预训练:  15%|█▌        | 11/73 [00:00<00:01, 35.08it/s]
预训练:  21%|██        | 15/73 [00:00<00:01, 36.12it/s]
预训练:  26%|██▌       | 19/73 [00:00<00:01, 36.70it/s]
预训练:  32%|███▏      | 23/73 [00:00<00:01, 36.38it/s]
预训练:  37%|███▋      | 27/73 [00:00<00:01, 36.37it/s]
预训练:  42%|████▏     | 31/73 [00:00<00:01, 35.95it/s]
预训练:  48%|████▊     | 35/73 [00:00<00:01, 36.49it/s]
预训练:  53%|█████▎    | 39/73 [00:01<00:00, 37.08it/s]
预训练:  59%|█████▉    | 43/73 [00:01<00:00, 37.17it/s]
预训练:  64%|██████▍   | 47/73 [00:01<00:00, 37.13it/s]
预训练:  70%|██████▉   | 51/73 [00:01<00:00, 36.89it/s]
预训练:  75%|███████▌  | 55/73 [00:01<00:00, 37.35it/s]
预训练:  81%|████████  | 59/73 [00:01<00:00, 36.84it/s]
预训练:  86%|████████▋ | 63/73 [00:01<00:00, 37.53it/s]
预训练:  92%|█████████▏| 67/73 [00:01<00:00, 38.13it/s]
预训练:  97%|█████████▋| 71/73 [00:01<00:00, 38.45it/s]
预训练: 100%|██████████| 73/73 [00:01<00:00, 36.97it/s]
  [损失分解] Pred: 0.004233, Latent: 0.000674, Consistency: 0.000580, MultiX: 0.009776, MultiZ: 0.001315
Epoch 150/300: Train Loss = 0.015294, Val Loss = 0.004319, LR = 3.00e-04

预训练:   0%|          | 0/73 [00:00<?, ?it/s]
预训练:   3%|▎         | 2/73 [00:00<00:03, 18.18it/s]
预训练:   8%|▊         | 6/73 [00:00<00:02, 29.19it/s]
预训练:  14%|█▎        | 10/73 [00:00<00:01, 32.48it/s]
预训练:  19%|█▉        | 14/73 [00:00<00:01, 33.78it/s]
预训练:  25%|██▍       | 18/73 [00:00<00:01, 35.28it/s]
预训练:  30%|███       | 22/73 [00:00<00:01, 36.34it/s]
预训练:  36%|███▌      | 26/73 [00:00<00:01, 36.46it/s]
预训练:  41%|████      | 30/73 [00:00<00:01, 36.97it/s]
预训练:  47%|████▋     | 34/73 [00:00<00:01, 36.88it/s]
预训练:  52%|█████▏    | 38/73 [00:01<00:00, 36.82it/s]
预训练:  58%|█████▊    | 42/73 [00:01<00:00, 37.21it/s]
预训练:  63%|██████▎   | 46/73 [00:01<00:00, 37.26it/s]
预训练:  68%|██████▊   | 50/73 [00:01<00:00, 36.44it/s]
预训练:  74%|███████▍  | 54/73 [00:01<00:00, 36.92it/s]
预训练:  79%|███████▉  | 58/73 [00:01<00:00, 36.80it/s]
预训练:  85%|████████▍ | 62/73 [00:01<00:00, 37.60it/s]
预训练:  90%|█████████ | 66/73 [00:01<00:00, 38.07it/s]
预训练:  96%|█████████▌| 70/73 [00:01<00:00, 38.52it/s]
预训练: 100%|██████████| 73/73 [00:01<00:00, 36.54it/s]
  [损失分解] Pred: 0.004213, Latent: 0.000670, Consistency: 0.000577, MultiX: 0.009639, MultiZ: 0.001298
Epoch 151/300: Train Loss = 0.015125, Val Loss = 0.004308, LR = 3.00e-04

预训练:   0%|          | 0/73 [00:00<?, ?it/s]
预训练:   4%|▍         | 3/73 [00:00<00:02, 27.52it/s]
预训练:  10%|▉         | 7/73 [00:00<00:01, 33.57it/s]
预训练:  15%|█▌        | 11/73 [00:00<00:01, 35.62it/s]
预训练:  21%|██        | 15/73 [00:00<00:01, 36.05it/s]
预训练:  26%|██▌       | 19/73 [00:00<00:01, 36.41it/s]
预训练:  32%|███▏      | 23/73 [00:00<00:01, 36.28it/s]
预训练:  37%|███▋      | 27/73 [00:00<00:01, 36.42it/s]
预训练:  42%|████▏     | 31/73 [00:00<00:01, 36.51it/s]
预训练:  48%|████▊     | 35/73 [00:00<00:01, 36.88it/s]
预训练:  53%|█████▎    | 39/73 [00:01<00:00, 36.72it/s]
预训练:  59%|█████▉    | 43/73 [00:01<00:00, 36.82it/s]
预训练:  64%|██████▍   | 47/73 [00:01<00:00, 36.88it/s]
预训练:  70%|██████▉   | 51/73 [00:01<00:00, 36.93it/s]
预训练:  75%|███████▌  | 55/73 [00:01<00:00, 37.00it/s]
预训练:  81%|████████  | 59/73 [00:01<00:00, 37.22it/s]
预训练:  86%|████████▋ | 63/73 [00:01<00:00, 37.94it/s]
预训练:  92%|█████████▏| 67/73 [00:01<00:00, 37.99it/s]
预训练:  97%|█████████▋| 71/73 [00:01<00:00, 37.80it/s]
预训练: 100%|██████████| 73/73 [00:01<00:00, 36.93it/s]
  [损失分解] Pred: 0.004203, Latent: 0.000668, Consistency: 0.000574, MultiX: 0.009584, MultiZ: 0.001292
Epoch 152/300: Train Loss = 0.015055, Val Loss = 0.004453, LR = 3.00e-04

预训练:   0%|          | 0/73 [00:00<?, ?it/s]
预训练:   4%|▍         | 3/73 [00:00<00:02, 28.57it/s]
预训练:  10%|▉         | 7/73 [00:00<00:02, 32.88it/s]
预训练:  15%|█▌        | 11/73 [00:00<00:01, 34.77it/s]
预训练:  21%|██        | 15/73 [00:00<00:01, 36.06it/s]
预训练:  26%|██▌       | 19/73 [00:00<00:01, 36.05it/s]
预训练:  32%|███▏      | 23/73 [00:00<00:01, 36.27it/s]
预训练:  37%|███▋      | 27/73 [00:00<00:01, 36.19it/s]
预训练:  42%|████▏     | 31/73 [00:00<00:01, 36.35it/s]
预训练:  48%|████▊     | 35/73 [00:00<00:01, 36.36it/s]
预训练:  53%|█████▎    | 39/73 [00:01<00:00, 36.36it/s]
预训练:  59%|█████▉    | 43/73 [00:01<00:00, 36.67it/s]
预训练:  64%|██████▍   | 47/73 [00:01<00:00, 36.57it/s]
预训练:  70%|██████▉   | 51/73 [00:01<00:00, 36.71it/s]
预训练:  75%|███████▌  | 55/73 [00:01<00:00, 37.12it/s]
预训练:  81%|████████  | 59/73 [00:01<00:00, 37.41it/s]
预训练:  86%|████████▋ | 63/73 [00:01<00:00, 37.51it/s]
预训练:  92%|█████████▏| 67/73 [00:01<00:00, 38.11it/s]
预训练:  97%|█████████▋| 71/73 [00:01<00:00, 37.76it/s]
预训练: 100%|██████████| 73/73 [00:01<00:00, 36.74it/s]
  [损失分解] Pred: 0.004232, Latent: 0.000667, Consistency: 0.000576, MultiX: 0.009571, MultiZ: 0.001285
Epoch 153/300: Train Loss = 0.015067, Val Loss = 0.004320, LR = 3.00e-04

预训练:   0%|          | 0/73 [00:00<?, ?it/s]
预训练:   4%|▍         | 3/73 [00:00<00:02, 28.18it/s]
预训练:  10%|▉         | 7/73 [00:00<00:01, 33.06it/s]
预训练:  15%|█▌        | 11/73 [00:00<00:01, 34.64it/s]
预训练:  21%|██        | 15/73 [00:00<00:01, 35.58it/s]
预训练:  26%|██▌       | 19/73 [00:00<00:01, 35.86it/s]
预训练:  32%|███▏      | 23/73 [00:00<00:01, 35.92it/s]
预训练:  37%|███▋      | 27/73 [00:00<00:01, 36.17it/s]
预训练:  42%|████▏     | 31/73 [00:00<00:01, 36.77it/s]
预训练:  48%|████▊     | 35/73 [00:00<00:01, 36.54it/s]
预训练:  53%|█████▎    | 39/73 [00:01<00:00, 36.79it/s]
预训练:  59%|█████▉    | 43/73 [00:01<00:00, 36.87it/s]
预训练:  64%|██████▍   | 47/73 [00:01<00:00, 37.02it/s]
预训练:  70%|██████▉   | 51/73 [00:01<00:00, 36.92it/s]
预训练:  75%|███████▌  | 55/73 [00:01<00:00, 37.17it/s]
预训练:  81%|████████  | 59/73 [00:01<00:00, 36.92it/s]
预训练:  86%|████████▋ | 63/73 [00:01<00:00, 37.48it/s]
预训练:  92%|█████████▏| 67/73 [00:01<00:00, 38.09it/s]
预训练:  97%|█████████▋| 71/73 [00:01<00:00, 38.53it/s]
预训练: 100%|██████████| 73/73 [00:01<00:00, 36.92it/s]
  [损失分解] Pred: 0.004199, Latent: 0.000663, Consistency: 0.000570, MultiX: 0.009708, MultiZ: 0.001295
Epoch 154/300: Train Loss = 0.015170, Val Loss = 0.004358, LR = 3.00e-04

预训练:   0%|          | 0/73 [00:00<?, ?it/s]
预训练:   4%|▍         | 3/73 [00:00<00:02, 28.30it/s]
预训练:  10%|▉         | 7/73 [00:00<00:02, 32.76it/s]
预训练:  15%|█▌        | 11/73 [00:00<00:01, 34.27it/s]
预训练:  21%|██        | 15/73 [00:00<00:01, 34.72it/s]
预训练:  26%|██▌       | 19/73 [00:00<00:01, 35.31it/s]
预训练:  32%|███▏      | 23/73 [00:00<00:01, 35.77it/s]
预训练:  37%|███▋      | 27/73 [00:00<00:01, 35.86it/s]
预训练:  42%|████▏     | 31/73 [00:00<00:01, 36.02it/s]
预训练:  48%|████▊     | 35/73 [00:00<00:01, 36.65it/s]
预训练:  53%|█████▎    | 39/73 [00:01<00:00, 36.44it/s]
预训练:  59%|█████▉    | 43/73 [00:01<00:00, 36.52it/s]
预训练:  64%|██████▍   | 47/73 [00:01<00:00, 36.78it/s]
预训练:  70%|██████▉   | 51/73 [00:01<00:00, 36.75it/s]
预训练:  75%|███████▌  | 55/73 [00:01<00:00, 36.64it/s]
预训练:  81%|████████  | 59/73 [00:01<00:00, 36.25it/s]
预训练:  86%|████████▋ | 63/73 [00:01<00:00, 36.89it/s]
预训练:  92%|█████████▏| 67/73 [00:01<00:00, 37.25it/s]
预训练:  97%|█████████▋| 71/73 [00:01<00:00, 37.50it/s]
预训练: 100%|██████████| 73/73 [00:02<00:00, 36.43it/s]
  [损失分解] Pred: 0.004139, Latent: 0.000660, Consistency: 0.000565, MultiX: 0.009437, MultiZ: 0.001272
Epoch 155/300: Train Loss = 0.014825, Val Loss = 0.004202, LR = 3.00e-04

预训练:   0%|          | 0/73 [00:00<?, ?it/s]
预训练:   3%|▎         | 2/73 [00:00<00:03, 19.23it/s]
预训练:   8%|▊         | 6/73 [00:00<00:02, 29.70it/s]
预训练:  14%|█▎        | 10/73 [00:00<00:01, 32.93it/s]
预训练:  19%|█▉        | 14/73 [00:00<00:01, 34.43it/s]
预训练:  25%|██▍       | 18/73 [00:00<00:01, 35.48it/s]
预训练:  30%|███       | 22/73 [00:00<00:01, 36.13it/s]
预训练:  36%|███▌      | 26/73 [00:00<00:01, 36.54it/s]
预训练:  41%|████      | 30/73 [00:00<00:01, 36.48it/s]
预训练:  47%|████▋     | 34/73 [00:00<00:01, 36.44it/s]
预训练:  52%|█████▏    | 38/73 [00:01<00:00, 36.67it/s]
预训练:  58%|█████▊    | 42/73 [00:01<00:00, 37.52it/s]
预训练:  63%|██████▎   | 46/73 [00:01<00:00, 37.59it/s]
预训练:  68%|██████▊   | 50/73 [00:01<00:00, 36.59it/s]
预训练:  74%|███████▍  | 54/73 [00:01<00:00, 36.82it/s]
预训练:  79%|███████▉  | 58/73 [00:01<00:00, 36.79it/s]
预训练:  85%|████████▍ | 62/73 [00:01<00:00, 37.49it/s]
预训练:  92%|█████████▏| 67/73 [00:01<00:00, 38.43it/s]
预训练:  97%|█████████▋| 71/73 [00:01<00:00, 38.76it/s]
预训练: 100%|██████████| 73/73 [00:01<00:00, 36.65it/s]
  [损失分解] Pred: 0.004169, Latent: 0.000658, Consistency: 0.000565, MultiX: 0.009424, MultiZ: 0.001266
Epoch 156/300: Train Loss = 0.014837, Val Loss = 0.004286, LR = 3.00e-04

预训练:   0%|          | 0/73 [00:00<?, ?it/s]
预训练:   4%|▍         | 3/73 [00:00<00:02, 26.55it/s]
预训练:  10%|▉         | 7/73 [00:00<00:01, 33.68it/s]
预训练:  15%|█▌        | 11/73 [00:00<00:01, 35.38it/s]
预训练:  21%|██        | 15/73 [00:00<00:01, 36.04it/s]
预训练:  26%|██▌       | 19/73 [00:00<00:01, 36.52it/s]
预训练:  32%|███▏      | 23/73 [00:00<00:01, 36.47it/s]
预训练:  37%|███▋      | 27/73 [00:00<00:01, 36.88it/s]
预训练:  42%|████▏     | 31/73 [00:00<00:01, 36.93it/s]
预训练:  48%|████▊     | 35/73 [00:00<00:01, 36.54it/s]
预训练:  53%|█████▎    | 39/73 [00:01<00:00, 36.48it/s]
预训练:  59%|█████▉    | 43/73 [00:01<00:00, 36.96it/s]
预训练:  64%|██████▍   | 47/73 [00:01<00:00, 37.30it/s]
预训练:  70%|██████▉   | 51/73 [00:01<00:00, 37.22it/s]
预训练:  75%|███████▌  | 55/73 [00:01<00:00, 37.42it/s]
预训练:  81%|████████  | 59/73 [00:01<00:00, 37.41it/s]
预训练:  86%|████████▋ | 63/73 [00:01<00:00, 38.04it/s]
预训练:  92%|█████████▏| 67/73 [00:01<00:00, 38.28it/s]
预训练:  97%|█████████▋| 71/73 [00:01<00:00, 38.55it/s]
预训练: 100%|██████████| 73/73 [00:01<00:00, 37.14it/s]
  [损失分解] Pred: 0.004155, Latent: 0.000653, Consistency: 0.000562, MultiX: 0.009337, MultiZ: 0.001254
Epoch 157/300: Train Loss = 0.014726, Val Loss = 0.004325, LR = 3.00e-04

预训练:   0%|          | 0/73 [00:00<?, ?it/s]
预训练:   4%|▍         | 3/73 [00:00<00:02, 27.78it/s]
预训练:  10%|▉         | 7/73 [00:00<00:01, 34.15it/s]
预训练:  15%|█▌        | 11/73 [00:00<00:01, 35.95it/s]
预训练:  21%|██        | 15/73 [00:00<00:01, 37.28it/s]
预训练:  26%|██▌       | 19/73 [00:00<00:01, 36.94it/s]
预训练:  32%|███▏      | 23/73 [00:00<00:01, 36.51it/s]
预训练:  37%|███▋      | 27/73 [00:00<00:01, 36.57it/s]
预训练:  42%|████▏     | 31/73 [00:00<00:01, 35.67it/s]
预训练:  48%|████▊     | 35/73 [00:00<00:01, 35.78it/s]
预训练:  53%|█████▎    | 39/73 [00:01<00:00, 36.68it/s]
预训练:  59%|█████▉    | 43/73 [00:01<00:00, 36.58it/s]
预训练:  64%|██████▍   | 47/73 [00:01<00:00, 37.24it/s]
预训练:  70%|██████▉   | 51/73 [00:01<00:00, 37.17it/s]
预训练:  75%|███████▌  | 55/73 [00:01<00:00, 36.82it/s]
预训练:  81%|████████  | 59/73 [00:01<00:00, 37.41it/s]
预训练:  86%|████████▋ | 63/73 [00:01<00:00, 38.15it/s]
预训练:  93%|█████████▎| 68/73 [00:01<00:00, 38.73it/s]
预训练:  99%|█████████▊| 72/73 [00:01<00:00, 39.08it/s]
预训练: 100%|██████████| 73/73 [00:01<00:00, 37.19it/s]
  [损失分解] Pred: 0.004164, Latent: 0.000653, Consistency: 0.000561, MultiX: 0.009597, MultiZ: 0.001277
Epoch 158/300: Train Loss = 0.015007, Val Loss = 0.004224, LR = 3.00e-04

预训练:   0%|          | 0/73 [00:00<?, ?it/s]
预训练:   4%|▍         | 3/73 [00:00<00:02, 27.03it/s]
预训练:  10%|▉         | 7/73 [00:00<00:01, 33.76it/s]
预训练:  15%|█▌        | 11/73 [00:00<00:01, 34.25it/s]
预训练:  21%|██        | 15/73 [00:00<00:01, 35.08it/s]
预训练:  26%|██▌       | 19/73 [00:00<00:01, 35.78it/s]
预训练:  32%|███▏      | 23/73 [00:00<00:01, 36.20it/s]
预训练:  37%|███▋      | 27/73 [00:00<00:01, 35.93it/s]
预训练:  42%|████▏     | 31/73 [00:00<00:01, 36.28it/s]
预训练:  48%|████▊     | 35/73 [00:00<00:01, 36.72it/s]
预训练:  53%|█████▎    | 39/73 [00:01<00:00, 36.61it/s]
预训练:  59%|█████▉    | 43/73 [00:01<00:00, 37.05it/s]
预训练:  64%|██████▍   | 47/73 [00:01<00:00, 37.37it/s]
预训练:  70%|██████▉   | 51/73 [00:01<00:00, 36.75it/s]
预训练:  75%|███████▌  | 55/73 [00:01<00:00, 36.83it/s]
预训练:  81%|████████  | 59/73 [00:01<00:00, 36.59it/s]
预训练:  86%|████████▋ | 63/73 [00:01<00:00, 37.45it/s]
预训练:  92%|█████████▏| 67/73 [00:01<00:00, 37.96it/s]
预训练:  97%|█████████▋| 71/73 [00:01<00:00, 38.55it/s]
预训练: 100%|██████████| 73/73 [00:01<00:00, 36.85it/s]
  [损失分解] Pred: 0.004187, Latent: 0.000653, Consistency: 0.000562, MultiX: 0.009663, MultiZ: 0.001281
Epoch 159/300: Train Loss = 0.015098, Val Loss = 0.004281, LR = 3.00e-04

预训练:   0%|          | 0/73 [00:00<?, ?it/s]
预训练:   4%|▍         | 3/73 [00:00<00:02, 27.27it/s]
预训练:  10%|▉         | 7/73 [00:00<00:01, 33.70it/s]
预训练:  15%|█▌        | 11/73 [00:00<00:01, 35.85it/s]
预训练:  21%|██        | 15/73 [00:00<00:01, 36.19it/s]
预训练:  26%|██▌       | 19/73 [00:00<00:01, 37.00it/s]
预训练:  32%|███▏      | 23/73 [00:00<00:01, 37.49it/s]
预训练:  37%|███▋      | 27/73 [00:00<00:01, 37.22it/s]
预训练:  42%|████▏     | 31/73 [00:00<00:01, 37.16it/s]
预训练:  48%|████▊     | 35/73 [00:00<00:01, 36.86it/s]
预训练:  53%|█████▎    | 39/73 [00:01<00:00, 37.02it/s]
预训练:  59%|█████▉    | 43/73 [00:01<00:00, 37.02it/s]
预训练:  64%|██████▍   | 47/73 [00:01<00:00, 37.03it/s]
预训练:  70%|██████▉   | 51/73 [00:01<00:00, 36.62it/s]
预训练:  75%|███████▌  | 55/73 [00:01<00:00, 36.54it/s]
预训练:  81%|████████  | 59/73 [00:01<00:00, 36.69it/s]
预训练:  86%|████████▋ | 63/73 [00:01<00:00, 37.42it/s]
预训练:  92%|█████████▏| 67/73 [00:01<00:00, 38.05it/s]
预训练:  97%|█████████▋| 71/73 [00:01<00:00, 38.50it/s]
预训练: 100%|██████████| 73/73 [00:01<00:00, 37.12it/s]
  [损失分解] Pred: 0.004106, Latent: 0.000646, Consistency: 0.000555, MultiX: 0.009306, MultiZ: 0.001247
Epoch 160/300: Train Loss = 0.014636, Val Loss = 0.004277, LR = 3.00e-04

预训练:   0%|          | 0/73 [00:00<?, ?it/s]
预训练:   3%|▎         | 2/73 [00:00<00:03, 18.69it/s]
预训练:   8%|▊         | 6/73 [00:00<00:02, 30.02it/s]
预训练:  14%|█▎        | 10/73 [00:00<00:01, 32.56it/s]
预训练:  19%|█▉        | 14/73 [00:00<00:01, 34.48it/s]
预训练:  25%|██▍       | 18/73 [00:00<00:01, 34.71it/s]
预训练:  30%|███       | 22/73 [00:00<00:01, 35.27it/s]
预训练:  36%|███▌      | 26/73 [00:00<00:01, 35.52it/s]
预训练:  41%|████      | 30/73 [00:00<00:01, 35.89it/s]
预训练:  47%|████▋     | 34/73 [00:00<00:01, 36.35it/s]
预训练:  52%|█████▏    | 38/73 [00:01<00:00, 36.77it/s]
预训练:  58%|█████▊    | 42/73 [00:01<00:00, 36.44it/s]
预训练:  63%|██████▎   | 46/73 [00:01<00:00, 36.62it/s]
预训练:  68%|██████▊   | 50/73 [00:01<00:00, 36.64it/s]
预训练:  74%|███████▍  | 54/73 [00:01<00:00, 37.28it/s]
预训练:  79%|███████▉  | 58/73 [00:01<00:00, 37.10it/s]
预训练:  85%|████████▍ | 62/73 [00:01<00:00, 37.50it/s]
预训练:  90%|█████████ | 66/73 [00:01<00:00, 37.78it/s]
预训练:  96%|█████████▌| 70/73 [00:01<00:00, 37.88it/s]
预训练: 100%|██████████| 73/73 [00:02<00:00, 36.23it/s]
  [损失分解] Pred: 0.004102, Latent: 0.000644, Consistency: 0.000553, MultiX: 0.009272, MultiZ: 0.001241
Epoch 161/300: Train Loss = 0.014593, Val Loss = 0.004201, LR = 3.00e-04

预训练:   0%|          | 0/73 [00:00<?, ?it/s]
预训练:   4%|▍         | 3/73 [00:00<00:02, 27.78it/s]
预训练:  10%|▉         | 7/73 [00:00<00:01, 33.59it/s]
预训练:  15%|█▌        | 11/73 [00:00<00:01, 35.17it/s]
预训练:  21%|██        | 15/73 [00:00<00:01, 35.91it/s]
预训练:  26%|██▌       | 19/73 [00:00<00:01, 36.44it/s]
预训练:  32%|███▏      | 23/73 [00:00<00:01, 36.53it/s]
预训练:  37%|███▋      | 27/73 [00:00<00:01, 36.81it/s]
预训练:  42%|████▏     | 31/73 [00:00<00:01, 36.45it/s]
预训练:  48%|████▊     | 35/73 [00:00<00:01, 36.32it/s]
预训练:  53%|█████▎    | 39/73 [00:01<00:00, 36.85it/s]
预训练:  59%|█████▉    | 43/73 [00:01<00:00, 37.12it/s]
预训练:  64%|██████▍   | 47/73 [00:01<00:00, 36.88it/s]
预训练:  70%|██████▉   | 51/73 [00:01<00:00, 36.72it/s]
预训练:  75%|███████▌  | 55/73 [00:01<00:00, 36.92it/s]
预训练:  81%|████████  | 59/73 [00:01<00:00, 36.85it/s]
预训练:  86%|████████▋ | 63/73 [00:01<00:00, 37.53it/s]
预训练:  92%|█████████▏| 67/73 [00:01<00:00, 38.24it/s]
预训练:  97%|█████████▋| 71/73 [00:01<00:00, 38.50it/s]
预训练: 100%|██████████| 73/73 [00:01<00:00, 37.01it/s]
  [损失分解] Pred: 0.004068, Latent: 0.000636, Consistency: 0.000547, MultiX: 0.009140, MultiZ: 0.001225
Epoch 162/300: Train Loss = 0.014411, Val Loss = 0.004282, LR = 3.00e-04

预训练:   0%|          | 0/73 [00:00<?, ?it/s]
预训练:   4%|▍         | 3/73 [00:00<00:02, 27.52it/s]
预训练:  10%|▉         | 7/73 [00:00<00:01, 33.28it/s]
预训练:  15%|█▌        | 11/73 [00:00<00:01, 34.85it/s]
预训练:  21%|██        | 15/73 [00:00<00:01, 35.71it/s]
预训练:  26%|██▌       | 19/73 [00:00<00:01, 35.95it/s]
预训练:  32%|███▏      | 23/73 [00:00<00:01, 36.66it/s]
预训练:  37%|███▋      | 27/73 [00:00<00:01, 36.13it/s]
预训练:  42%|████▏     | 31/73 [00:00<00:01, 36.20it/s]
预训练:  48%|████▊     | 35/73 [00:00<00:01, 36.15it/s]
预训练:  53%|█████▎    | 39/73 [00:01<00:00, 36.12it/s]
预训练:  59%|█████▉    | 43/73 [00:01<00:00, 36.13it/s]
预训练:  64%|██████▍   | 47/73 [00:01<00:00, 36.70it/s]
预训练:  70%|██████▉   | 51/73 [00:01<00:00, 36.91it/s]
预训练:  75%|███████▌  | 55/73 [00:01<00:00, 36.54it/s]
预训练:  81%|████████  | 59/73 [00:01<00:00, 36.29it/s]
预训练:  86%|████████▋ | 63/73 [00:01<00:00, 36.61it/s]
预训练:  92%|█████████▏| 67/73 [00:01<00:00, 37.25it/s]
预训练:  97%|█████████▋| 71/73 [00:01<00:00, 37.50it/s]
预训练: 100%|██████████| 73/73 [00:02<00:00, 36.45it/s]
  [损失分解] Pred: 0.004080, Latent: 0.000636, Consistency: 0.000547, MultiX: 0.009232, MultiZ: 0.001231
Epoch 163/300: Train Loss = 0.014519, Val Loss = 0.004174, LR = 3.00e-04

预训练:   0%|          | 0/73 [00:00<?, ?it/s]
预训练:   4%|▍         | 3/73 [00:00<00:02, 26.79it/s]
预训练:  10%|▉         | 7/73 [00:00<00:02, 32.72it/s]
预训练:  15%|█▌        | 11/73 [00:00<00:01, 34.68it/s]
预训练:  21%|██        | 15/73 [00:00<00:01, 35.09it/s]
预训练:  26%|██▌       | 19/73 [00:00<00:01, 36.14it/s]
预训练:  32%|███▏      | 23/73 [00:00<00:01, 36.45it/s]
预训练:  37%|███▋      | 27/73 [00:00<00:01, 35.46it/s]
预训练:  42%|████▏     | 31/73 [00:00<00:01, 35.74it/s]
预训练:  48%|████▊     | 35/73 [00:00<00:01, 36.35it/s]
预训练:  53%|█████▎    | 39/73 [00:01<00:00, 35.75it/s]
预训练:  59%|█████▉    | 43/73 [00:01<00:00, 35.93it/s]
预训练:  64%|██████▍   | 47/73 [00:01<00:00, 36.36it/s]
预训练:  70%|██████▉   | 51/73 [00:01<00:00, 35.58it/s]
预训练:  75%|███████▌  | 55/73 [00:01<00:00, 36.30it/s]
预训练:  81%|████████  | 59/73 [00:01<00:00, 35.83it/s]
预训练:  86%|████████▋ | 63/73 [00:01<00:00, 36.79it/s]
预训练:  92%|█████████▏| 67/73 [00:01<00:00, 36.56it/s]
预训练:  97%|█████████▋| 71/73 [00:01<00:00, 37.11it/s]
预训练: 100%|██████████| 73/73 [00:02<00:00, 36.12it/s]
  [损失分解] Pred: 0.004039, Latent: 0.000629, Consistency: 0.000541, MultiX: 0.009157, MultiZ: 0.001221
Epoch 164/300: Train Loss = 0.014391, Val Loss = 0.004416, LR = 3.00e-04

预训练:   0%|          | 0/73 [00:00<?, ?it/s]
预训练:   4%|▍         | 3/73 [00:00<00:02, 27.78it/s]
预训练:  10%|▉         | 7/73 [00:00<00:01, 33.41it/s]
预训练:  15%|█▌        | 11/73 [00:00<00:01, 35.37it/s]
预训练:  21%|██        | 15/73 [00:00<00:01, 36.03it/s]
预训练:  26%|██▌       | 19/73 [00:00<00:01, 35.83it/s]
预训练:  32%|███▏      | 23/73 [00:00<00:01, 35.90it/s]
预训练:  37%|███▋      | 27/73 [00:00<00:01, 36.14it/s]
预训练:  42%|████▏     | 31/73 [00:00<00:01, 36.74it/s]
预训练:  48%|████▊     | 35/73 [00:00<00:01, 36.94it/s]
预训练:  53%|█████▎    | 39/73 [00:01<00:00, 36.66it/s]
预训练:  59%|█████▉    | 43/73 [00:01<00:00, 36.46it/s]
预训练:  64%|██████▍   | 47/73 [00:01<00:00, 36.84it/s]
预训练:  70%|██████▉   | 51/73 [00:01<00:00, 36.90it/s]
预训练:  75%|███████▌  | 55/73 [00:01<00:00, 37.05it/s]
预训练:  81%|████████  | 59/73 [00:01<00:00, 37.04it/s]
预训练:  86%|████████▋ | 63/73 [00:01<00:00, 36.84it/s]
预训练:  92%|█████████▏| 67/73 [00:01<00:00, 37.31it/s]
预训练:  97%|█████████▋| 71/73 [00:01<00:00, 37.58it/s]
预训练: 100%|██████████| 73/73 [00:01<00:00, 36.71it/s]
  [损失分解] Pred: 0.004049, Latent: 0.000629, Consistency: 0.000542, MultiX: 0.009178, MultiZ: 0.001220
Epoch 165/300: Train Loss = 0.014423, Val Loss = 0.004312, LR = 3.00e-04

预训练:   0%|          | 0/73 [00:00<?, ?it/s]
预训练:   3%|▎         | 2/73 [00:00<00:03, 18.02it/s]
预训练:   8%|▊         | 6/73 [00:00<00:02, 28.92it/s]
预训练:  15%|█▌        | 11/73 [00:00<00:01, 34.47it/s]
预训练:  22%|██▏       | 16/73 [00:00<00:01, 36.99it/s]
预训练:  27%|██▋       | 20/73 [00:00<00:01, 37.60it/s]
预训练:  33%|███▎      | 24/73 [00:00<00:01, 38.23it/s]
预训练:  40%|███▉      | 29/73 [00:00<00:01, 38.97it/s]
预训练:  45%|████▌     | 33/73 [00:00<00:01, 38.27it/s]
预训练:  52%|█████▏    | 38/73 [00:01<00:00, 38.85it/s]
预训练:  58%|█████▊    | 42/73 [00:01<00:00, 39.17it/s]
预训练:  64%|██████▍   | 47/73 [00:01<00:00, 39.34it/s]
预训练:  71%|███████   | 52/73 [00:01<00:00, 40.15it/s]
预训练:  78%|███████▊  | 57/73 [00:01<00:00, 40.17it/s]
预训练:  85%|████████▍ | 62/73 [00:01<00:00, 40.24it/s]
预训练:  92%|█████████▏| 67/73 [00:01<00:00, 40.18it/s]
预训练:  99%|█████████▊| 72/73 [00:01<00:00, 40.13it/s]
预训练: 100%|██████████| 73/73 [00:01<00:00, 38.61it/s]
  [损失分解] Pred: 0.004027, Latent: 0.000626, Consistency: 0.000538, MultiX: 0.009068, MultiZ: 0.001209
Epoch 166/300: Train Loss = 0.014281, Val Loss = 0.004322, LR = 3.00e-04

预训练:   0%|          | 0/73 [00:00<?, ?it/s]
预训练:   4%|▍         | 3/73 [00:00<00:02, 27.52it/s]
预训练:  11%|█         | 8/73 [00:00<00:01, 35.90it/s]
预训练:  18%|█▊        | 13/73 [00:00<00:01, 37.91it/s]
预训练:  25%|██▍       | 18/73 [00:00<00:01, 39.14it/s]
预训练:  32%|███▏      | 23/73 [00:00<00:01, 39.70it/s]
预训练:  38%|███▊      | 28/73 [00:00<00:01, 40.59it/s]
预训练:  45%|████▌     | 33/73 [00:00<00:01, 37.80it/s]
预训练:  51%|█████     | 37/73 [00:00<00:00, 36.40it/s]
预训练:  56%|█████▌    | 41/73 [00:01<00:00, 34.77it/s]
预训练:  62%|██████▏   | 45/73 [00:01<00:00, 32.89it/s]
预训练:  67%|██████▋   | 49/73 [00:01<00:00, 32.72it/s]
预训练:  74%|███████▍  | 54/73 [00:01<00:00, 35.09it/s]
预训练:  79%|███████▉  | 58/73 [00:01<00:00, 35.59it/s]
预训练:  85%|████████▍ | 62/73 [00:01<00:00, 35.38it/s]
预训练:  90%|█████████ | 66/73 [00:01<00:00, 34.36it/s]
预训练:  96%|█████████▌| 70/73 [00:01<00:00, 34.09it/s]
预训练: 100%|██████████| 73/73 [00:02<00:00, 35.14it/s]
  [损失分解] Pred: 0.004065, Latent: 0.000627, Consistency: 0.000541, MultiX: 0.009096, MultiZ: 0.001209
Epoch 167/300: Train Loss = 0.014350, Val Loss = 0.004172, LR = 3.00e-04

预训练:   0%|          | 0/73 [00:00<?, ?it/s]
预训练:   4%|▍         | 3/73 [00:00<00:02, 26.36it/s]
预训练:  10%|▉         | 7/73 [00:00<00:02, 26.85it/s]
预训练:  14%|█▎        | 10/73 [00:00<00:02, 25.91it/s]
预训练:  18%|█▊        | 13/73 [00:00<00:02, 25.92it/s]
预训练:  22%|██▏       | 16/73 [00:00<00:02, 25.30it/s]
预训练:  26%|██▌       | 19/73 [00:00<00:02, 24.99it/s]
预训练:  30%|███       | 22/73 [00:00<00:02, 24.90it/s]
预训练:  34%|███▍      | 25/73 [00:00<00:01, 24.83it/s]
预训练:  38%|███▊      | 28/73 [00:01<00:01, 25.69it/s]
预训练:  42%|████▏     | 31/73 [00:01<00:01, 24.72it/s]
预训练:  47%|████▋     | 34/73 [00:01<00:01, 24.82it/s]
预训练:  51%|█████     | 37/73 [00:01<00:01, 24.90it/s]
预训练:  55%|█████▍    | 40/73 [00:01<00:01, 25.11it/s]
预训练:  59%|█████▉    | 43/73 [00:01<00:01, 25.30it/s]
预训练:  63%|██████▎   | 46/73 [00:01<00:01, 25.26it/s]
预训练:  67%|██████▋   | 49/73 [00:01<00:00, 25.84it/s]
预训练:  71%|███████   | 52/73 [00:02<00:00, 25.21it/s]
预训练:  75%|███████▌  | 55/73 [00:02<00:00, 25.26it/s]
预训练:  79%|███████▉  | 58/73 [00:02<00:00, 25.08it/s]
预训练:  84%|████████▎ | 61/73 [00:02<00:00, 25.12it/s]
预训练:  88%|████████▊ | 64/73 [00:02<00:00, 25.42it/s]
预训练:  92%|█████████▏| 67/73 [00:02<00:00, 25.56it/s]
预训练:  96%|█████████▌| 70/73 [00:02<00:00, 25.60it/s]
预训练: 100%|██████████| 73/73 [00:02<00:00, 26.22it/s]
预训练: 100%|██████████| 73/73 [00:02<00:00, 25.44it/s]
  [损失分解] Pred: 0.004031, Latent: 0.000623, Consistency: 0.000536, MultiX: 0.009068, MultiZ: 0.001204
Epoch 168/300: Train Loss = 0.014281, Val Loss = 0.004223, LR = 3.00e-04

预训练:   0%|          | 0/73 [00:00<?, ?it/s]
预训练:   3%|▎         | 2/73 [00:00<00:03, 19.03it/s]
预训练:   7%|▋         | 5/73 [00:00<00:02, 23.28it/s]
预训练:  11%|█         | 8/73 [00:00<00:02, 23.33it/s]
预训练:  15%|█▌        | 11/73 [00:00<00:02, 24.16it/s]
预训练:  19%|█▉        | 14/73 [00:00<00:02, 24.64it/s]
预训练:  23%|██▎       | 17/73 [00:00<00:02, 24.73it/s]
预训练:  27%|██▋       | 20/73 [00:00<00:02, 24.98it/s]
预训练:  32%|███▏      | 23/73 [00:00<00:01, 25.19it/s]
预训练:  36%|███▌      | 26/73 [00:01<00:01, 25.40it/s]
预训练:  40%|███▉      | 29/73 [00:01<00:01, 25.45it/s]
预训练:  44%|████▍     | 32/73 [00:01<00:01, 25.29it/s]
预训练:  48%|████▊     | 35/73 [00:01<00:01, 25.65it/s]
预训练:  52%|█████▏    | 38/73 [00:01<00:01, 25.38it/s]
预训练:  56%|█████▌    | 41/73 [00:01<00:01, 25.45it/s]
预训练:  60%|██████    | 44/73 [00:01<00:01, 25.51it/s]
预训练:  64%|██████▍   | 47/73 [00:01<00:01, 25.30it/s]
预训练:  68%|██████▊   | 50/73 [00:02<00:00, 25.30it/s]
预训练:  73%|███████▎  | 53/73 [00:02<00:00, 25.91it/s]
预训练:  77%|███████▋  | 56/73 [00:02<00:00, 25.00it/s]
预训练:  81%|████████  | 59/73 [00:02<00:00, 25.07it/s]
预训练:  85%|████████▍ | 62/73 [00:02<00:00, 25.03it/s]
预训练:  89%|████████▉ | 65/73 [00:02<00:00, 25.33it/s]
预训练:  93%|█████████▎| 68/73 [00:02<00:00, 25.70it/s]
预训练:  97%|█████████▋| 71/73 [00:02<00:00, 25.40it/s]
预训练: 100%|██████████| 73/73 [00:02<00:00, 25.25it/s]
  [损失分解] Pred: 0.003971, Latent: 0.000615, Consistency: 0.000528, MultiX: 0.008946, MultiZ: 0.001190
Epoch 169/300: Train Loss = 0.014083, Val Loss = 0.004202, LR = 3.00e-04

预训练:   0%|          | 0/73 [00:00<?, ?it/s]
预训练:   4%|▍         | 3/73 [00:00<00:03, 20.85it/s]
预训练:   8%|▊         | 6/73 [00:00<00:02, 23.72it/s]
预训练:  12%|█▏        | 9/73 [00:00<00:02, 24.39it/s]
预训练:  16%|█▋        | 12/73 [00:00<00:02, 24.54it/s]
预训练:  21%|██        | 15/73 [00:00<00:02, 24.94it/s]
预训练:  25%|██▍       | 18/73 [00:00<00:02, 25.18it/s]
预训练:  29%|██▉       | 21/73 [00:00<00:02, 25.28it/s]
预训练:  33%|███▎      | 24/73 [00:00<00:01, 25.94it/s]
预训练:  37%|███▋      | 27/73 [00:01<00:01, 25.01it/s]
预训练:  41%|████      | 30/73 [00:01<00:01, 25.09it/s]
预训练:  45%|████▌     | 33/73 [00:01<00:01, 26.07it/s]
预训练:  49%|████▉     | 36/73 [00:01<00:01, 25.11it/s]
预训练:  53%|█████▎    | 39/73 [00:01<00:01, 25.05it/s]
预训练:  58%|█████▊    | 42/73 [00:01<00:01, 25.68it/s]
预训练:  62%|██████▏   | 45/73 [00:01<00:01, 25.27it/s]
预训练:  66%|██████▌   | 48/73 [00:01<00:00, 25.49it/s]
预训练:  70%|██████▉   | 51/73 [00:02<00:00, 25.37it/s]
预训练:  74%|███████▍  | 54/73 [00:02<00:00, 25.48it/s]
预训练:  78%|███████▊  | 57/73 [00:02<00:00, 25.60it/s]
预训练:  82%|████████▏ | 60/73 [00:02<00:00, 25.62it/s]
预训练:  86%|████████▋ | 63/73 [00:02<00:00, 25.66it/s]
预训练:  90%|█████████ | 66/73 [00:02<00:00, 25.67it/s]
预训练:  95%|█████████▍| 69/73 [00:02<00:00, 25.31it/s]
预训练:  99%|█████████▊| 72/73 [00:02<00:00, 25.47it/s]
预训练: 100%|██████████| 73/73 [00:02<00:00, 25.34it/s]
  [损失分解] Pred: 0.003997, Latent: 0.000614, Consistency: 0.000530, MultiX: 0.008989, MultiZ: 0.001191
Epoch 170/300: Train Loss = 0.014154, Val Loss = 0.004291, LR = 3.00e-04

预训练:   0%|          | 0/73 [00:00<?, ?it/s]
预训练:   3%|▎         | 2/73 [00:00<00:04, 16.19it/s]
预训练:   7%|▋         | 5/73 [00:00<00:03, 21.67it/s]
预训练:  11%|█         | 8/73 [00:00<00:02, 23.42it/s]
预训练:  15%|█▌        | 11/73 [00:00<00:02, 23.50it/s]
预训练:  19%|█▉        | 14/73 [00:00<00:02, 24.03it/s]
预训练:  23%|██▎       | 17/73 [00:00<00:02, 24.54it/s]
预训练:  27%|██▋       | 20/73 [00:00<00:02, 24.88it/s]
预训练:  32%|███▏      | 23/73 [00:00<00:02, 24.89it/s]
预训练:  36%|███▌      | 26/73 [00:01<00:01, 25.26it/s]
预训练:  40%|███▉      | 29/73 [00:01<00:01, 25.36it/s]
预训练:  44%|████▍     | 32/73 [00:01<00:01, 25.20it/s]
预训练:  48%|████▊     | 35/73 [00:01<00:01, 25.08it/s]
预训练:  52%|█████▏    | 38/73 [00:01<00:01, 25.13it/s]
预训练:  56%|█████▌    | 41/73 [00:01<00:01, 25.35it/s]
预训练:  60%|██████    | 44/73 [00:01<00:01, 25.51it/s]
预训练:  64%|██████▍   | 47/73 [00:01<00:01, 25.46it/s]
预训练:  68%|██████▊   | 50/73 [00:02<00:00, 26.39it/s]
预训练:  73%|███████▎  | 53/73 [00:02<00:00, 26.00it/s]
预训练:  77%|███████▋  | 56/73 [00:02<00:00, 25.90it/s]
预训练:  81%|████████  | 59/73 [00:02<00:00, 25.83it/s]
预训练:  85%|████████▍ | 62/73 [00:02<00:00, 24.86it/s]
预训练:  89%|████████▉ | 65/73 [00:02<00:00, 25.02it/s]
预训练:  93%|█████████▎| 68/73 [00:02<00:00, 25.21it/s]
预训练:  97%|█████████▋| 71/73 [00:02<00:00, 25.40it/s]
预训练: 100%|██████████| 73/73 [00:02<00:00, 25.08it/s]
  [损失分解] Pred: 0.003999, Latent: 0.000615, Consistency: 0.000530, MultiX: 0.008875, MultiZ: 0.001179
Epoch 171/300: Train Loss = 0.014036, Val Loss = 0.004314, LR = 3.00e-04

预训练:   0%|          | 0/73 [00:00<?, ?it/s]
预训练:   3%|▎         | 2/73 [00:00<00:03, 18.69it/s]
预训练:   7%|▋         | 5/73 [00:00<00:02, 23.06it/s]
预训练:  11%|█         | 8/73 [00:00<00:02, 24.28it/s]
预训练:  15%|█▌        | 11/73 [00:00<00:02, 25.00it/s]
预训练:  19%|█▉        | 14/73 [00:00<00:02, 25.08it/s]
预训练:  23%|██▎       | 17/73 [00:00<00:02, 25.10it/s]
预训练:  27%|██▋       | 20/73 [00:00<00:02, 25.88it/s]
预训练:  32%|███▏      | 23/73 [00:00<00:01, 25.80it/s]
预训练:  36%|███▌      | 26/73 [00:01<00:01, 25.19it/s]
预训练:  40%|███▉      | 29/73 [00:01<00:01, 25.10it/s]
预训练:  44%|████▍     | 32/73 [00:01<00:01, 26.12it/s]
预训练:  48%|████▊     | 35/73 [00:01<00:01, 24.92it/s]
预训练:  52%|█████▏    | 38/73 [00:01<00:01, 24.95it/s]
预训练:  56%|█████▌    | 41/73 [00:01<00:01, 25.34it/s]
预训练:  60%|██████    | 44/73 [00:01<00:01, 25.07it/s]
预训练:  64%|██████▍   | 47/73 [00:01<00:01, 25.36it/s]
预训练:  68%|██████▊   | 50/73 [00:01<00:00, 25.76it/s]
预训练:  73%|███████▎  | 53/73 [00:02<00:00, 25.73it/s]
预训练:  77%|███████▋  | 56/73 [00:02<00:00, 25.72it/s]
预训练:  81%|████████  | 59/73 [00:02<00:00, 25.08it/s]
预训练:  85%|████████▍ | 62/73 [00:02<00:00, 25.20it/s]
预训练:  89%|████████▉ | 65/73 [00:02<00:00, 25.38it/s]
预训练:  93%|█████████▎| 68/73 [00:02<00:00, 25.36it/s]
预训练:  97%|█████████▋| 71/73 [00:02<00:00, 26.23it/s]
预训练: 100%|██████████| 73/73 [00:02<00:00, 25.30it/s]
  [损失分解] Pred: 0.004000, Latent: 0.000614, Consistency: 0.000529, MultiX: 0.008938, MultiZ: 0.001186
Epoch 172/300: Train Loss = 0.014102, Val Loss = 0.004193, LR = 3.00e-04

预训练:   0%|          | 0/73 [00:00<?, ?it/s]
预训练:   3%|▎         | 2/73 [00:00<00:03, 19.03it/s]
预训练:   7%|▋         | 5/73 [00:00<00:02, 22.98it/s]
预训练:  11%|█         | 8/73 [00:00<00:02, 25.33it/s]
预训练:  15%|█▌        | 11/73 [00:00<00:02, 24.52it/s]
预训练:  19%|█▉        | 14/73 [00:00<00:02, 24.82it/s]
预训练:  23%|██▎       | 17/73 [00:00<00:02, 24.94it/s]
预训练:  27%|██▋       | 20/73 [00:00<00:02, 26.25it/s]
预训练:  32%|███▏      | 23/73 [00:00<00:02, 24.93it/s]
预训练:  36%|███▌      | 26/73 [00:01<00:01, 24.90it/s]
预训练:  40%|███▉      | 29/73 [00:01<00:01, 25.09it/s]
预训练:  44%|████▍     | 32/73 [00:01<00:01, 25.14it/s]
预训练:  48%|████▊     | 35/73 [00:01<00:01, 25.23it/s]
预训练:  52%|█████▏    | 38/73 [00:01<00:01, 25.29it/s]
预训练:  56%|█████▌    | 41/73 [00:01<00:01, 25.22it/s]
预训练:  60%|██████    | 44/73 [00:01<00:01, 25.30it/s]
预训练:  64%|██████▍   | 47/73 [00:01<00:00, 26.26it/s]
预训练:  68%|██████▊   | 50/73 [00:01<00:00, 25.13it/s]
预训练:  73%|███████▎  | 53/73 [00:02<00:00, 25.19it/s]
预训练:  77%|███████▋  | 56/73 [00:02<00:00, 25.33it/s]
预训练:  81%|████████  | 59/73 [00:02<00:00, 25.42it/s]
预训练:  85%|████████▍ | 62/73 [00:02<00:00, 25.57it/s]
预训练:  89%|████████▉ | 65/73 [00:02<00:00, 25.35it/s]
预训练:  93%|█████████▎| 68/73 [00:02<00:00, 25.39it/s]
预训练:  97%|█████████▋| 71/73 [00:02<00:00, 25.72it/s]
预训练: 100%|██████████| 73/73 [00:02<00:00, 25.24it/s]
  [损失分解] Pred: 0.004001, Latent: 0.000612, Consistency: 0.000527, MultiX: 0.008933, MultiZ: 0.001181
Epoch 173/300: Train Loss = 0.014094, Val Loss = 0.004201, LR = 3.00e-04

预训练:   0%|          | 0/73 [00:00<?, ?it/s]
预训练:   3%|▎         | 2/73 [00:00<00:03, 19.47it/s]
预训练:   7%|▋         | 5/73 [00:00<00:02, 23.01it/s]
预训练:  11%|█         | 8/73 [00:00<00:02, 24.26it/s]
预训练:  15%|█▌        | 11/73 [00:00<00:02, 24.73it/s]
预训练:  19%|█▉        | 14/73 [00:00<00:02, 25.08it/s]
预训练:  23%|██▎       | 17/73 [00:00<00:02, 25.28it/s]
预训练:  27%|██▋       | 20/73 [00:00<00:02, 25.32it/s]
预训练:  32%|███▏      | 23/73 [00:00<00:01, 25.37it/s]
预训练:  36%|███▌      | 26/73 [00:01<00:01, 25.33it/s]
预训练:  40%|███▉      | 29/73 [00:01<00:01, 25.32it/s]
预训练:  44%|████▍     | 32/73 [00:01<00:01, 25.41it/s]
预训练:  48%|████▊     | 35/73 [00:01<00:01, 25.22it/s]
预训练:  52%|█████▏    | 38/73 [00:01<00:01, 25.20it/s]
预训练:  56%|█████▌    | 41/73 [00:01<00:01, 25.12it/s]
预训练:  60%|██████    | 44/73 [00:01<00:01, 25.08it/s]
预训练:  64%|██████▍   | 47/73 [00:01<00:01, 25.25it/s]
预训练:  68%|██████▊   | 50/73 [00:01<00:00, 26.35it/s]
预训练:  73%|███████▎  | 53/73 [00:02<00:00, 25.11it/s]
预训练:  77%|███████▋  | 56/73 [00:02<00:00, 25.15it/s]
预训练:  81%|████████  | 59/73 [00:02<00:00, 25.04it/s]
预训练:  85%|████████▍ | 62/73 [00:02<00:00, 25.06it/s]
预训练:  89%|████████▉ | 65/73 [00:02<00:00, 25.08it/s]
预训练:  93%|█████████▎| 68/73 [00:02<00:00, 25.29it/s]
预训练:  97%|█████████▋| 71/73 [00:02<00:00, 25.34it/s]
预训练: 100%|██████████| 73/73 [00:02<00:00, 25.23it/s]
  [损失分解] Pred: 0.003951, Latent: 0.000605, Consistency: 0.000521, MultiX: 0.008892, MultiZ: 0.001175
Epoch 174/300: Train Loss = 0.013994, Val Loss = 0.004293, LR = 3.00e-04

预训练:   0%|          | 0/73 [00:00<?, ?it/s]
预训练:   3%|▎         | 2/73 [00:00<00:03, 19.35it/s]
预训练:   7%|▋         | 5/73 [00:00<00:02, 23.05it/s]
预训练:  11%|█         | 8/73 [00:00<00:02, 24.36it/s]
预训练:  15%|█▌        | 11/73 [00:00<00:02, 24.73it/s]
预训练:  19%|█▉        | 14/73 [00:00<00:02, 25.21it/s]
预训练:  23%|██▎       | 17/73 [00:00<00:02, 25.65it/s]
预训练:  27%|██▋       | 20/73 [00:00<00:02, 25.20it/s]
预训练:  32%|███▏      | 23/73 [00:00<00:01, 25.92it/s]
预训练:  36%|███▌      | 26/73 [00:01<00:01, 25.72it/s]
预训练:  40%|███▉      | 29/73 [00:01<00:01, 24.80it/s]
预训练:  44%|████▍     | 32/73 [00:01<00:01, 24.87it/s]
预训练:  48%|████▊     | 35/73 [00:01<00:01, 24.96it/s]
预训练:  52%|█████▏    | 38/73 [00:01<00:01, 25.12it/s]
预训练:  56%|█████▌    | 41/73 [00:01<00:01, 25.23it/s]
预训练:  60%|██████    | 44/73 [00:01<00:01, 25.17it/s]
预训练:  64%|██████▍   | 47/73 [00:01<00:01, 25.80it/s]
预训练:  68%|██████▊   | 50/73 [00:01<00:00, 24.93it/s]
预训练:  73%|███████▎  | 53/73 [00:02<00:00, 24.99it/s]
预训练:  77%|███████▋  | 56/73 [00:02<00:00, 25.00it/s]
预训练:  81%|████████  | 59/73 [00:02<00:00, 25.30it/s]
预训练:  85%|████████▍ | 62/73 [00:02<00:00, 24.93it/s]
预训练:  89%|████████▉ | 65/73 [00:02<00:00, 25.04it/s]
预训练:  93%|█████████▎| 68/73 [00:02<00:00, 25.29it/s]
预训练:  97%|█████████▋| 71/73 [00:02<00:00, 25.42it/s]
预训练: 100%|██████████| 73/73 [00:02<00:00, 25.29it/s]
  [损失分解] Pred: 0.004014, Latent: 0.000610, Consistency: 0.000526, MultiX: 0.008950, MultiZ: 0.001179
Epoch 175/300: Train Loss = 0.014122, Val Loss = 0.004253, LR = 3.00e-04

预训练:   0%|          | 0/73 [00:00<?, ?it/s]
预训练:   3%|▎         | 2/73 [00:00<00:04, 15.90it/s]
预训练:   7%|▋         | 5/73 [00:00<00:03, 21.60it/s]
预训练:  11%|█         | 8/73 [00:00<00:02, 22.54it/s]
预训练:  15%|█▌        | 11/73 [00:00<00:02, 24.60it/s]
预训练:  19%|█▉        | 14/73 [00:00<00:02, 24.95it/s]
预训练:  23%|██▎       | 17/73 [00:00<00:02, 24.41it/s]
预训练:  27%|██▋       | 20/73 [00:00<00:02, 24.89it/s]
预训练:  32%|███▏      | 23/73 [00:00<00:01, 26.04it/s]
预训练:  36%|███▌      | 26/73 [00:01<00:01, 24.96it/s]
预训练:  40%|███▉      | 29/73 [00:01<00:01, 25.93it/s]
预训练:  44%|████▍     | 32/73 [00:01<00:01, 25.68it/s]
预训练:  48%|████▊     | 35/73 [00:01<00:01, 24.93it/s]
预训练:  52%|█████▏    | 38/73 [00:01<00:01, 25.32it/s]
预训练:  56%|█████▌    | 41/73 [00:01<00:01, 24.80it/s]
预训练:  60%|██████    | 44/73 [00:01<00:01, 24.81it/s]
预训练:  64%|██████▍   | 47/73 [00:01<00:01, 25.69it/s]
预训练:  68%|██████▊   | 50/73 [00:02<00:00, 24.86it/s]
预训练:  73%|███████▎  | 53/73 [00:02<00:00, 24.83it/s]
预训练:  77%|███████▋  | 56/73 [00:02<00:00, 25.11it/s]
预训练:  81%|████████  | 59/73 [00:02<00:00, 25.25it/s]
预训练:  85%|████████▍ | 62/73 [00:02<00:00, 25.13it/s]
预训练:  89%|████████▉ | 65/73 [00:02<00:00, 25.28it/s]
预训练:  93%|█████████▎| 68/73 [00:02<00:00, 25.37it/s]
预训练:  97%|█████████▋| 71/73 [00:02<00:00, 25.73it/s]
预训练: 100%|██████████| 73/73 [00:02<00:00, 25.03it/s]
  [损失分解] Pred: 0.003995, Latent: 0.000606, Consistency: 0.000523, MultiX: 0.008953, MultiZ: 0.001177
Epoch 176/300: Train Loss = 0.014101, Val Loss = 0.004236, LR = 3.00e-04

预训练:   0%|          | 0/73 [00:00<?, ?it/s]
预训练:   3%|▎         | 2/73 [00:00<00:03, 19.92it/s]
预训练:   7%|▋         | 5/73 [00:00<00:02, 23.31it/s]
预训练:  11%|█         | 8/73 [00:00<00:02, 24.30it/s]
预训练:  15%|█▌        | 11/73 [00:00<00:02, 24.97it/s]
预训练:  19%|█▉        | 14/73 [00:00<00:02, 25.10it/s]
预训练:  23%|██▎       | 17/73 [00:00<00:02, 24.80it/s]
预训练:  27%|██▋       | 20/73 [00:00<00:02, 25.16it/s]
预训练:  32%|███▏      | 23/73 [00:00<00:01, 25.41it/s]
预训练:  36%|███▌      | 26/73 [00:01<00:01, 25.81it/s]
预训练:  40%|███▉      | 29/73 [00:01<00:01, 25.42it/s]
预训练:  44%|████▍     | 32/73 [00:01<00:01, 25.13it/s]
预训练:  48%|████▊     | 35/73 [00:01<00:01, 25.10it/s]
预训练:  52%|█████▏    | 38/73 [00:01<00:01, 25.11it/s]
预训练:  56%|█████▌    | 41/73 [00:01<00:01, 25.35it/s]
预训练:  60%|██████    | 44/73 [00:01<00:01, 25.44it/s]
预训练:  64%|██████▍   | 47/73 [00:01<00:00, 26.55it/s]
预训练:  68%|██████▊   | 50/73 [00:01<00:00, 25.31it/s]
预训练:  73%|███████▎  | 53/73 [00:02<00:00, 25.37it/s]
预训练:  77%|███████▋  | 56/73 [00:02<00:00, 25.29it/s]
预训练:  81%|████████  | 59/73 [00:02<00:00, 25.29it/s]
预训练:  85%|████████▍ | 62/73 [00:02<00:00, 25.63it/s]
预训练:  89%|████████▉ | 65/73 [00:02<00:00, 25.32it/s]
预训练:  93%|█████████▎| 68/73 [00:02<00:00, 25.74it/s]
预训练:  97%|█████████▋| 71/73 [00:02<00:00, 25.72it/s]
预训练: 100%|██████████| 73/73 [00:02<00:00, 25.31it/s]
  [损失分解] Pred: 0.003979, Latent: 0.000604, Consistency: 0.000522, MultiX: 0.008879, MultiZ: 0.001168
Epoch 177/300: Train Loss = 0.014004, Val Loss = 0.004251, LR = 3.00e-04

预训练:   0%|          | 0/73 [00:00<?, ?it/s]
预训练:   3%|▎         | 2/73 [00:00<00:03, 19.42it/s]
预训练:   7%|▋         | 5/73 [00:00<00:02, 23.35it/s]
预训练:  11%|█         | 8/73 [00:00<00:02, 24.45it/s]
预训练:  15%|█▌        | 11/73 [00:00<00:02, 24.97it/s]
预训练:  19%|█▉        | 14/73 [00:00<00:02, 25.24it/s]
预训练:  23%|██▎       | 17/73 [00:00<00:02, 26.68it/s]
预训练:  27%|██▋       | 20/73 [00:00<00:02, 25.16it/s]
预训练:  32%|███▏      | 23/73 [00:00<00:01, 25.37it/s]
预训练:  36%|███▌      | 26/73 [00:01<00:01, 25.23it/s]
预训练:  40%|███▉      | 29/73 [00:01<00:01, 25.29it/s]
预训练:  44%|████▍     | 32/73 [00:01<00:01, 25.23it/s]
预训练:  48%|████▊     | 35/73 [00:01<00:01, 25.22it/s]
预训练:  52%|█████▏    | 38/73 [00:01<00:01, 25.93it/s]
预训练:  56%|█████▌    | 41/73 [00:01<00:01, 25.86it/s]
预训练:  60%|██████    | 44/73 [00:01<00:01, 25.83it/s]
预训练:  64%|██████▍   | 47/73 [00:01<00:01, 24.56it/s]
预训练:  68%|██████▊   | 50/73 [00:01<00:00, 24.76it/s]
预训练:  73%|███████▎  | 53/73 [00:02<00:00, 25.07it/s]
预训练:  77%|███████▋  | 56/73 [00:02<00:00, 24.95it/s]
预训练:  81%|████████  | 59/73 [00:02<00:00, 24.98it/s]
预训练:  85%|████████▍ | 62/73 [00:02<00:00, 25.95it/s]
预训练:  89%|████████▉ | 65/73 [00:02<00:00, 24.92it/s]
预训练:  93%|█████████▎| 68/73 [00:02<00:00, 26.14it/s]
预训练:  97%|█████████▋| 71/73 [00:02<00:00, 25.73it/s]
预训练: 100%|██████████| 73/73 [00:02<00:00, 25.23it/s]
  [损失分解] Pred: 0.004060, Latent: 0.000610, Consistency: 0.000529, MultiX: 0.008940, MultiZ: 0.001173
  >>> 学习率降低: 3.00e-04 -> 1.50e-04
Epoch 178/300: Train Loss = 0.014156, Val Loss = 0.004222, LR = 1.50e-04

预训练:   0%|          | 0/73 [00:00<?, ?it/s]
预训练:   3%|▎         | 2/73 [00:00<00:03, 18.92it/s]
预训练:   7%|▋         | 5/73 [00:00<00:03, 22.66it/s]
预训练:  12%|█▏        | 9/73 [00:00<00:02, 28.98it/s]
预训练:  18%|█▊        | 13/73 [00:00<00:01, 32.28it/s]
预训练:  23%|██▎       | 17/73 [00:00<00:01, 33.95it/s]
预训练:  29%|██▉       | 21/73 [00:00<00:01, 34.70it/s]
预训练:  34%|███▍      | 25/73 [00:00<00:01, 33.79it/s]
预训练:  40%|███▉      | 29/73 [00:00<00:01, 32.49it/s]
预训练:  45%|████▌     | 33/73 [00:01<00:01, 31.38it/s]
预训练:  52%|█████▏    | 38/73 [00:01<00:00, 35.03it/s]
预训练:  58%|█████▊    | 42/73 [00:01<00:00, 34.99it/s]
预训练:  63%|██████▎   | 46/73 [00:01<00:00, 35.26it/s]
预训练:  68%|██████▊   | 50/73 [00:01<00:00, 34.72it/s]
预训练:  74%|███████▍  | 54/73 [00:01<00:00, 33.19it/s]
预训练:  79%|███████▉  | 58/73 [00:01<00:00, 31.45it/s]
预训练:  85%|████████▍ | 62/73 [00:01<00:00, 30.29it/s]
预训练:  90%|█████████ | 66/73 [00:02<00:00, 28.06it/s]
预训练:  95%|█████████▍| 69/73 [00:02<00:00, 27.35it/s]
预训练:  99%|█████████▊| 72/73 [00:02<00:00, 26.91it/s]
预训练: 100%|██████████| 73/73 [00:02<00:00, 31.02it/s]
  [损失分解] Pred: 0.003861, Latent: 0.000591, Consistency: 0.000509, MultiX: 0.008413, MultiZ: 0.001121
Epoch 179/300: Train Loss = 0.013385, Val Loss = 0.004115, LR = 1.50e-04

预训练:   0%|          | 0/73 [00:00<?, ?it/s]
预训练:   4%|▍         | 3/73 [00:00<00:03, 20.96it/s]
预训练:   8%|▊         | 6/73 [00:00<00:02, 23.40it/s]
预训练:  12%|█▏        | 9/73 [00:00<00:02, 24.35it/s]
预训练:  16%|█▋        | 12/73 [00:00<00:02, 24.84it/s]
预训练:  21%|██        | 15/73 [00:00<00:02, 26.28it/s]
预训练:  25%|██▍       | 18/73 [00:00<00:02, 24.89it/s]
预训练:  29%|██▉       | 21/73 [00:00<00:01, 26.28it/s]
预训练:  33%|███▎      | 24/73 [00:00<00:01, 24.81it/s]
预训练:  37%|███▋      | 27/73 [00:01<00:01, 25.09it/s]
预训练:  41%|████      | 30/73 [00:01<00:01, 25.23it/s]
预训练:  45%|████▌     | 33/73 [00:01<00:01, 25.29it/s]
预训练:  49%|████▉     | 36/73 [00:01<00:01, 25.40it/s]
预训练:  53%|█████▎    | 39/73 [00:01<00:01, 25.75it/s]
预训练:  58%|█████▊    | 42/73 [00:01<00:01, 25.72it/s]
预训练:  62%|██████▏   | 45/73 [00:01<00:01, 25.73it/s]
预训练:  66%|██████▌   | 48/73 [00:01<00:01, 24.67it/s]
预训练:  70%|██████▉   | 51/73 [00:02<00:00, 24.71it/s]
预训练:  74%|███████▍  | 54/73 [00:02<00:00, 24.92it/s]
预训练:  78%|███████▊  | 57/73 [00:02<00:00, 24.96it/s]
预训练:  82%|████████▏ | 60/73 [00:02<00:00, 25.25it/s]
预训练:  86%|████████▋ | 63/73 [00:02<00:00, 25.43it/s]
预训练:  90%|█████████ | 66/73 [00:02<00:00, 25.56it/s]
预训练:  95%|█████████▍| 69/73 [00:02<00:00, 25.94it/s]
预训练:  99%|█████████▊| 72/73 [00:02<00:00, 25.83it/s]
预训练: 100%|██████████| 73/73 [00:02<00:00, 25.32it/s]
  [损失分解] Pred: 0.003828, Latent: 0.000589, Consistency: 0.000505, MultiX: 0.008359, MultiZ: 0.001117
Epoch 180/300: Train Loss = 0.013292, Val Loss = 0.004175, LR = 1.50e-04

预训练:   0%|          | 0/73 [00:00<?, ?it/s]
预训练:   3%|▎         | 2/73 [00:00<00:04, 15.40it/s]
预训练:   7%|▋         | 5/73 [00:00<00:03, 20.78it/s]
预训练:  11%|█         | 8/73 [00:00<00:02, 22.96it/s]
预训练:  15%|█▌        | 11/73 [00:00<00:02, 25.00it/s]
预训练:  19%|█▉        | 14/73 [00:00<00:02, 24.98it/s]
预训练:  23%|██▎       | 17/73 [00:00<00:02, 23.92it/s]
预训练:  27%|██▋       | 20/73 [00:00<00:02, 24.37it/s]
预训练:  32%|███▏      | 23/73 [00:00<00:02, 24.44it/s]
预训练:  36%|███▌      | 26/73 [00:01<00:01, 25.38it/s]
预训练:  40%|███▉      | 29/73 [00:01<00:01, 25.56it/s]
预训练:  44%|████▍     | 32/73 [00:01<00:01, 24.68it/s]
预训练:  48%|████▊     | 35/73 [00:01<00:01, 24.79it/s]
预训练:  52%|█████▏    | 38/73 [00:01<00:01, 24.89it/s]
预训练:  56%|█████▌    | 41/73 [00:01<00:01, 24.94it/s]
预训练:  60%|██████    | 44/73 [00:01<00:01, 24.84it/s]
预训练:  64%|██████▍   | 47/73 [00:01<00:01, 24.97it/s]
预训练:  68%|██████▊   | 50/73 [00:02<00:00, 26.02it/s]
预训练:  73%|███████▎  | 53/73 [00:02<00:00, 24.97it/s]
预训练:  77%|███████▋  | 56/73 [00:02<00:00, 25.06it/s]
预训练:  81%|████████  | 59/73 [00:02<00:00, 25.23it/s]
预训练:  85%|████████▍ | 62/73 [00:02<00:00, 25.36it/s]
预训练:  89%|████████▉ | 65/73 [00:02<00:00, 25.17it/s]
预训练:  93%|█████████▎| 68/73 [00:02<00:00, 25.31it/s]
预训练:  97%|█████████▋| 71/73 [00:02<00:00, 25.37it/s]
预训练: 100%|██████████| 73/73 [00:02<00:00, 24.85it/s]
  [损失分解] Pred: 0.003830, Latent: 0.000588, Consistency: 0.000505, MultiX: 0.008303, MultiZ: 0.001110
Epoch 181/300: Train Loss = 0.013235, Val Loss = 0.004194, LR = 1.50e-04

预训练:   0%|          | 0/73 [00:00<?, ?it/s]
预训练:   3%|▎         | 2/73 [00:00<00:03, 19.43it/s]
预训练:   7%|▋         | 5/73 [00:00<00:02, 23.33it/s]
预训练:  11%|█         | 8/73 [00:00<00:02, 23.35it/s]
预训练:  15%|█▌        | 11/73 [00:00<00:02, 24.11it/s]
预训练:  19%|█▉        | 14/73 [00:00<00:02, 24.51it/s]
预训练:  23%|██▎       | 17/73 [00:00<00:02, 24.94it/s]
预训练:  27%|██▋       | 20/73 [00:00<00:02, 25.03it/s]
预训练:  32%|███▏      | 23/73 [00:00<00:01, 25.25it/s]
预训练:  36%|███▌      | 26/73 [00:01<00:01, 25.39it/s]
预训练:  40%|███▉      | 29/73 [00:01<00:01, 25.46it/s]
预训练:  44%|████▍     | 32/73 [00:01<00:01, 25.23it/s]
预训练:  48%|████▊     | 35/73 [00:01<00:01, 25.74it/s]
预训练:  52%|█████▏    | 38/73 [00:01<00:01, 25.33it/s]
预训练:  56%|█████▌    | 41/73 [00:01<00:01, 25.18it/s]
预训练:  60%|██████    | 44/73 [00:01<00:01, 25.34it/s]
预训练:  64%|██████▍   | 47/73 [00:01<00:01, 25.37it/s]
预训练:  68%|██████▊   | 50/73 [00:01<00:00, 25.45it/s]
预训练:  73%|███████▎  | 53/73 [00:02<00:00, 25.57it/s]
预训练:  77%|███████▋  | 56/73 [00:02<00:00, 25.56it/s]
预训练:  81%|████████  | 59/73 [00:02<00:00, 26.29it/s]
预训练:  85%|████████▍ | 62/73 [00:02<00:00, 26.10it/s]
预训练:  89%|████████▉ | 65/73 [00:02<00:00, 25.33it/s]
预训练:  93%|█████████▎| 68/73 [00:02<00:00, 25.38it/s]
预训练:  97%|█████████▋| 71/73 [00:02<00:00, 25.46it/s]
预训练: 100%|██████████| 73/73 [00:02<00:00, 25.30it/s]
  [损失分解] Pred: 0.003821, Latent: 0.000584, Consistency: 0.000503, MultiX: 0.008308, MultiZ: 0.001108
Epoch 182/300: Train Loss = 0.013226, Val Loss = 0.004156, LR = 1.50e-04

预训练:   0%|          | 0/73 [00:00<?, ?it/s]
预训练:   4%|▍         | 3/73 [00:00<00:03, 20.57it/s]
预训练:   8%|▊         | 6/73 [00:00<00:02, 23.65it/s]
预训练:  12%|█▏        | 9/73 [00:00<00:02, 23.72it/s]
预训练:  16%|█▋        | 12/73 [00:00<00:02, 25.24it/s]
预训练:  21%|██        | 15/73 [00:00<00:02, 24.51it/s]
预训练:  25%|██▍       | 18/73 [00:00<00:02, 24.91it/s]
预训练:  29%|██▉       | 21/73 [00:00<00:02, 25.19it/s]
预训练:  33%|███▎      | 24/73 [00:00<00:01, 25.07it/s]
预训练:  37%|███▋      | 27/73 [00:01<00:01, 25.26it/s]
预训练:  41%|████      | 30/73 [00:01<00:01, 26.31it/s]
预训练:  45%|████▌     | 33/73 [00:01<00:01, 25.10it/s]
预训练:  49%|████▉     | 36/73 [00:01<00:01, 25.44it/s]
预训练:  53%|█████▎    | 39/73 [00:01<00:01, 25.31it/s]
预训练:  58%|█████▊    | 42/73 [00:01<00:01, 25.45it/s]
预训练:  62%|██████▏   | 45/73 [00:01<00:01, 24.91it/s]
预训练:  66%|██████▌   | 48/73 [00:01<00:00, 25.06it/s]
预训练:  70%|██████▉   | 51/73 [00:02<00:00, 25.32it/s]
预训练:  74%|███████▍  | 54/73 [00:02<00:00, 25.28it/s]
预训练:  78%|███████▊  | 57/73 [00:02<00:00, 25.34it/s]
预训练:  82%|████████▏ | 60/73 [00:02<00:00, 25.37it/s]
预训练:  86%|████████▋ | 63/73 [00:02<00:00, 25.31it/s]
预训练:  90%|█████████ | 66/73 [00:02<00:00, 25.39it/s]
预训练:  95%|█████████▍| 69/73 [00:02<00:00, 26.60it/s]
预训练:  99%|█████████▊| 72/73 [00:02<00:00, 25.02it/s]
预训练: 100%|██████████| 73/73 [00:02<00:00, 25.22it/s]
  [损失分解] Pred: 0.003806, Latent: 0.000583, Consistency: 0.000500, MultiX: 0.008321, MultiZ: 0.001107
Epoch 183/300: Train Loss = 0.013223, Val Loss = 0.004127, LR = 1.50e-04

预训练:   0%|          | 0/73 [00:00<?, ?it/s]
预训练:   3%|▎         | 2/73 [00:00<00:03, 19.09it/s]
预训练:   7%|▋         | 5/73 [00:00<00:02, 22.94it/s]
预训练:  11%|█         | 8/73 [00:00<00:02, 24.79it/s]
预训练:  15%|█▌        | 11/73 [00:00<00:02, 25.17it/s]
预训练:  19%|█▉        | 14/73 [00:00<00:02, 25.37it/s]
预训练:  23%|██▎       | 17/73 [00:00<00:02, 25.44it/s]
预训练:  27%|██▋       | 20/73 [00:00<00:02, 24.63it/s]
预训练:  32%|███▏      | 23/73 [00:00<00:02, 24.86it/s]
预训练:  36%|███▌      | 26/73 [00:01<00:01, 25.05it/s]
预训练:  40%|███▉      | 29/73 [00:01<00:01, 25.31it/s]
预训练:  44%|████▍     | 32/73 [00:01<00:01, 25.35it/s]
预训练:  48%|████▊     | 35/73 [00:01<00:01, 25.38it/s]
预训练:  52%|█████▏    | 38/73 [00:01<00:01, 25.59it/s]
预训练:  56%|█████▌    | 41/73 [00:01<00:01, 25.64it/s]
预训练:  60%|██████    | 44/73 [00:01<00:01, 25.49it/s]
预训练:  64%|██████▍   | 47/73 [00:01<00:01, 25.61it/s]
预训练:  68%|██████▊   | 50/73 [00:01<00:00, 25.62it/s]
预训练:  73%|███████▎  | 53/73 [00:02<00:00, 25.62it/s]
预训练:  77%|███████▋  | 56/73 [00:02<00:00, 25.71it/s]
预训练:  81%|████████  | 59/73 [00:02<00:00, 25.68it/s]
预训练:  85%|████████▍ | 62/73 [00:02<00:00, 26.19it/s]
预训练:  89%|████████▉ | 65/73 [00:02<00:00, 25.49it/s]
预训练:  93%|█████████▎| 68/73 [00:02<00:00, 25.53it/s]
预训练:  97%|█████████▋| 71/73 [00:02<00:00, 25.61it/s]
预训练: 100%|██████████| 73/73 [00:02<00:00, 25.36it/s]
  [损失分解] Pred: 0.003810, Latent: 0.000583, Consistency: 0.000500, MultiX: 0.008250, MultiZ: 0.001100
Epoch 184/300: Train Loss = 0.013152, Val Loss = 0.004103, LR = 1.50e-04

预训练:   0%|          | 0/73 [00:00<?, ?it/s]
预训练:   3%|▎         | 2/73 [00:00<00:04, 17.20it/s]
预训练:   7%|▋         | 5/73 [00:00<00:03, 21.86it/s]
预训练:  11%|█         | 8/73 [00:00<00:02, 23.44it/s]
预训练:  15%|█▌        | 11/73 [00:00<00:02, 24.10it/s]
预训练:  19%|█▉        | 14/73 [00:00<00:02, 24.71it/s]
预训练:  23%|██▎       | 17/73 [00:00<00:02, 24.73it/s]
预训练:  27%|██▋       | 20/73 [00:00<00:02, 24.68it/s]
预训练:  32%|███▏      | 23/73 [00:00<00:02, 24.67it/s]
预训练:  36%|███▌      | 26/73 [00:01<00:01, 25.28it/s]
预训练:  40%|███▉      | 29/73 [00:01<00:01, 25.40it/s]
预训练:  44%|████▍     | 32/73 [00:01<00:01, 25.48it/s]
预训练:  48%|████▊     | 35/73 [00:01<00:01, 25.56it/s]
预训练:  52%|█████▏    | 38/73 [00:01<00:01, 24.64it/s]
预训练:  56%|█████▌    | 41/73 [00:01<00:01, 24.80it/s]
预训练:  60%|██████    | 44/73 [00:01<00:01, 25.08it/s]
预训练:  64%|██████▍   | 47/73 [00:01<00:01, 24.77it/s]
预训练:  68%|██████▊   | 50/73 [00:02<00:00, 25.55it/s]
预训练:  73%|███████▎  | 53/73 [00:02<00:00, 24.78it/s]
预训练:  77%|███████▋  | 56/73 [00:02<00:00, 24.88it/s]
预训练:  81%|████████  | 59/73 [00:02<00:00, 24.79it/s]
预训练:  85%|████████▍ | 62/73 [00:02<00:00, 25.27it/s]
预训练:  89%|████████▉ | 65/73 [00:02<00:00, 25.10it/s]
预训练:  93%|█████████▎| 68/73 [00:02<00:00, 25.59it/s]
预训练:  97%|█████████▋| 71/73 [00:02<00:00, 25.18it/s]
预训练: 100%|██████████| 73/73 [00:02<00:00, 25.00it/s]
  [损失分解] Pred: 0.003790, Latent: 0.000580, Consistency: 0.000498, MultiX: 0.008276, MultiZ: 0.001101
Epoch 185/300: Train Loss = 0.013155, Val Loss = 0.004091, LR = 1.50e-04

预训练:   0%|          | 0/73 [00:00<?, ?it/s]
预训练:   3%|▎         | 2/73 [00:00<00:05, 14.18it/s]
预训练:   7%|▋         | 5/73 [00:00<00:03, 20.41it/s]
预训练:  11%|█         | 8/73 [00:00<00:02, 22.30it/s]
预训练:  15%|█▌        | 11/73 [00:00<00:02, 23.45it/s]
预训练:  19%|█▉        | 14/73 [00:00<00:02, 24.29it/s]
预训练:  23%|██▎       | 17/73 [00:00<00:02, 24.74it/s]
预训练:  27%|██▋       | 20/73 [00:00<00:02, 25.81it/s]
预训练:  32%|███▏      | 23/73 [00:00<00:02, 24.70it/s]
预训练:  36%|███▌      | 26/73 [00:01<00:01, 26.06it/s]
预训练:  40%|███▉      | 29/73 [00:01<00:01, 24.68it/s]
预训练:  44%|████▍     | 32/73 [00:01<00:01, 24.80it/s]
预训练:  48%|████▊     | 35/73 [00:01<00:01, 24.93it/s]
预训练:  52%|█████▏    | 38/73 [00:01<00:01, 25.03it/s]
预训练:  56%|█████▌    | 41/73 [00:01<00:01, 24.96it/s]
预训练:  60%|██████    | 44/73 [00:01<00:01, 25.00it/s]
预训练:  64%|██████▍   | 47/73 [00:01<00:01, 25.04it/s]
预训练:  68%|██████▊   | 50/73 [00:02<00:00, 25.36it/s]
预训练:  73%|███████▎  | 53/73 [00:02<00:00, 24.80it/s]
预训练:  77%|███████▋  | 56/73 [00:02<00:00, 24.93it/s]
预训练:  81%|████████  | 59/73 [00:02<00:00, 24.87it/s]
预训练:  85%|████████▍ | 62/73 [00:02<00:00, 25.20it/s]
预训练:  89%|████████▉ | 65/73 [00:02<00:00, 25.32it/s]
预训练:  93%|█████████▎| 68/73 [00:02<00:00, 25.52it/s]
预训练:  97%|█████████▋| 71/73 [00:02<00:00, 25.45it/s]
预训练: 100%|██████████| 73/73 [00:02<00:00, 24.80it/s]
  [损失分解] Pred: 0.003773, Latent: 0.000576, Consistency: 0.000496, MultiX: 0.008197, MultiZ: 0.001092
Epoch 186/300: Train Loss = 0.013052, Val Loss = 0.004097, LR = 1.50e-04

预训练:   0%|          | 0/73 [00:00<?, ?it/s]
预训练:   3%|▎         | 2/73 [00:00<00:03, 19.78it/s]
预训练:   7%|▋         | 5/73 [00:00<00:02, 23.63it/s]
预训练:  11%|█         | 8/73 [00:00<00:02, 24.17it/s]
预训练:  15%|█▌        | 11/73 [00:00<00:02, 24.66it/s]
预训练:  19%|█▉        | 14/73 [00:00<00:02, 24.80it/s]
预训练:  23%|██▎       | 17/73 [00:00<00:02, 24.89it/s]
预训练:  27%|██▋       | 20/73 [00:00<00:02, 25.89it/s]
预训练:  32%|███▏      | 23/73 [00:00<00:02, 24.72it/s]
预训练:  36%|███▌      | 26/73 [00:01<00:01, 24.96it/s]
预训练:  40%|███▉      | 29/73 [00:01<00:01, 24.81it/s]
预训练:  44%|████▍     | 32/73 [00:01<00:01, 24.86it/s]
预训练:  48%|████▊     | 35/73 [00:01<00:01, 25.12it/s]
预训练:  52%|█████▏    | 38/73 [00:01<00:01, 24.95it/s]
预训练:  56%|█████▌    | 41/73 [00:01<00:01, 25.19it/s]
预训练:  60%|██████    | 44/73 [00:01<00:01, 26.24it/s]
预训练:  64%|██████▍   | 47/73 [00:01<00:01, 25.11it/s]
预训练:  68%|██████▊   | 50/73 [00:02<00:00, 25.23it/s]
预训练:  73%|███████▎  | 53/73 [00:02<00:00, 25.20it/s]
预训练:  77%|███████▋  | 56/73 [00:02<00:00, 25.33it/s]
预训练:  81%|████████  | 59/73 [00:02<00:00, 25.53it/s]
预训练:  85%|████████▍ | 62/73 [00:02<00:00, 25.27it/s]
预训练:  89%|████████▉ | 65/73 [00:02<00:00, 25.34it/s]
预训练:  93%|█████████▎| 68/73 [00:02<00:00, 25.85it/s]
预训练:  97%|█████████▋| 71/73 [00:02<00:00, 25.24it/s]
预训练: 100%|██████████| 73/73 [00:02<00:00, 25.28it/s]
  [损失分解] Pred: 0.003772, Latent: 0.000577, Consistency: 0.000495, MultiX: 0.008215, MultiZ: 0.001094
Epoch 187/300: Train Loss = 0.013070, Val Loss = 0.004117, LR = 1.50e-04

预训练:   0%|          | 0/73 [00:00<?, ?it/s]
预训练:   4%|▍         | 3/73 [00:00<00:02, 25.06it/s]
预训练:   8%|▊         | 6/73 [00:00<00:02, 25.74it/s]
预训练:  12%|█▏        | 9/73 [00:00<00:02, 25.70it/s]
预训练:  16%|█▋        | 12/73 [00:00<00:02, 25.68it/s]
预训练:  21%|██        | 15/73 [00:00<00:02, 25.12it/s]
预训练:  25%|██▍       | 18/73 [00:00<00:02, 25.90it/s]
预训练:  29%|██▉       | 21/73 [00:00<00:02, 25.06it/s]
预训练:  33%|███▎      | 24/73 [00:00<00:01, 25.26it/s]
预训练:  37%|███▋      | 27/73 [00:01<00:01, 25.37it/s]
预训练:  41%|████      | 30/73 [00:01<00:01, 25.35it/s]
预训练:  45%|████▌     | 33/73 [00:01<00:01, 25.41it/s]
预训练:  49%|████▉     | 36/73 [00:01<00:01, 25.45it/s]
预训练:  53%|█████▎    | 39/73 [00:01<00:01, 25.54it/s]
预训练:  58%|█████▊    | 42/73 [00:01<00:01, 25.43it/s]
预训练:  62%|██████▏   | 45/73 [00:01<00:01, 26.61it/s]
预训练:  66%|██████▌   | 48/73 [00:01<00:00, 25.05it/s]
预训练:  70%|██████▉   | 51/73 [00:02<00:00, 25.07it/s]
预训练:  74%|███████▍  | 54/73 [00:02<00:00, 25.41it/s]
预训练:  78%|███████▊  | 57/73 [00:02<00:00, 25.23it/s]
预训练:  82%|████████▏ | 60/73 [00:02<00:00, 25.79it/s]
预训练:  86%|████████▋ | 63/73 [00:02<00:00, 25.15it/s]
预训练:  90%|█████████ | 66/73 [00:02<00:00, 25.27it/s]
预训练:  95%|█████████▍| 69/73 [00:02<00:00, 26.09it/s]
预训练:  99%|█████████▊| 72/73 [00:02<00:00, 25.24it/s]
预训练: 100%|██████████| 73/73 [00:02<00:00, 25.58it/s]
  [损失分解] Pred: 0.003794, Latent: 0.000577, Consistency: 0.000497, MultiX: 0.008244, MultiZ: 0.001093
Epoch 188/300: Train Loss = 0.013122, Val Loss = 0.004123, LR = 1.50e-04

预训练:   0%|          | 0/73 [00:00<?, ?it/s]
预训练:   3%|▎         | 2/73 [00:00<00:03, 18.88it/s]
预训练:   7%|▋         | 5/73 [00:00<00:02, 22.91it/s]
预训练:  11%|█         | 8/73 [00:00<00:02, 25.03it/s]
预训练:  15%|█▌        | 11/73 [00:00<00:02, 24.05it/s]
预训练:  19%|█▉        | 14/73 [00:00<00:02, 24.12it/s]
预训练:  23%|██▎       | 17/73 [00:00<00:02, 25.00it/s]
预训练:  27%|██▋       | 20/73 [00:00<00:02, 25.25it/s]
预训练:  32%|███▏      | 23/73 [00:00<00:02, 24.47it/s]
预训练:  36%|███▌      | 26/73 [00:01<00:01, 25.78it/s]
预训练:  40%|███▉      | 29/73 [00:01<00:01, 24.65it/s]
预训练:  44%|████▍     | 32/73 [00:01<00:01, 24.78it/s]
预训练:  48%|████▊     | 35/73 [00:01<00:01, 25.21it/s]
预训练:  52%|█████▏    | 38/73 [00:01<00:01, 24.81it/s]
预训练:  56%|█████▌    | 41/73 [00:01<00:01, 25.59it/s]
预训练:  60%|██████    | 44/73 [00:01<00:01, 25.67it/s]
预训练:  64%|██████▍   | 47/73 [00:01<00:01, 24.68it/s]
预训练:  68%|██████▊   | 50/73 [00:02<00:00, 24.91it/s]
预训练:  73%|███████▎  | 53/73 [00:02<00:00, 25.03it/s]
预训练:  77%|███████▋  | 56/73 [00:02<00:00, 25.01it/s]
预训练:  81%|████████  | 59/73 [00:02<00:00, 25.50it/s]
预训练:  85%|████████▍ | 62/73 [00:02<00:00, 24.80it/s]
预训练:  89%|████████▉ | 65/73 [00:02<00:00, 24.83it/s]
预训练:  93%|█████████▎| 68/73 [00:02<00:00, 24.88it/s]
预训练:  97%|█████████▋| 71/73 [00:02<00:00, 24.93it/s]
预训练: 100%|██████████| 73/73 [00:02<00:00, 24.95it/s]
  [损失分解] Pred: 0.003804, Latent: 0.000577, Consistency: 0.000496, MultiX: 0.008233, MultiZ: 0.001092
Epoch 189/300: Train Loss = 0.013119, Val Loss = 0.004131, LR = 1.50e-04

预训练:   0%|          | 0/73 [00:00<?, ?it/s]
预训练:   3%|▎         | 2/73 [00:00<00:03, 19.41it/s]
预训练:   7%|▋         | 5/73 [00:00<00:02, 22.72it/s]
预训练:  11%|█         | 8/73 [00:00<00:02, 24.44it/s]
预训练:  15%|█▌        | 11/73 [00:00<00:02, 24.91it/s]
预训练:  19%|█▉        | 14/73 [00:00<00:02, 24.43it/s]
预训练:  23%|██▎       | 17/73 [00:00<00:02, 25.62it/s]
预训练:  27%|██▋       | 20/73 [00:00<00:02, 24.89it/s]
预训练:  32%|███▏      | 23/73 [00:00<00:01, 25.20it/s]
预训练:  36%|███▌      | 26/73 [00:01<00:01, 26.03it/s]
预训练:  40%|███▉      | 29/73 [00:01<00:01, 25.00it/s]
预训练:  44%|████▍     | 32/73 [00:01<00:01, 25.13it/s]
预训练:  48%|████▊     | 35/73 [00:01<00:01, 25.29it/s]
预训练:  52%|█████▏    | 38/73 [00:01<00:01, 25.33it/s]
预训练:  56%|█████▌    | 41/73 [00:01<00:01, 25.42it/s]
预训练:  60%|██████    | 44/73 [00:01<00:01, 24.95it/s]
预训练:  64%|██████▍   | 47/73 [00:01<00:01, 24.97it/s]
预训练:  68%|██████▊   | 50/73 [00:02<00:00, 25.11it/s]
预训练:  73%|███████▎  | 53/73 [00:02<00:00, 25.21it/s]
预训练:  77%|███████▋  | 56/73 [00:02<00:00, 25.15it/s]
预训练:  81%|████████  | 59/73 [00:02<00:00, 25.20it/s]
预训练:  85%|████████▍ | 62/73 [00:02<00:00, 25.44it/s]
预训练:  89%|████████▉ | 65/73 [00:02<00:00, 25.56it/s]
预训练:  93%|█████████▎| 68/73 [00:02<00:00, 25.57it/s]
预训练:  97%|█████████▋| 71/73 [00:02<00:00, 25.17it/s]
预训练: 100%|██████████| 73/73 [00:02<00:00, 25.18it/s]
  [损失分解] Pred: 0.003772, Latent: 0.000574, Consistency: 0.000493, MultiX: 0.008200, MultiZ: 0.001089
Epoch 190/300: Train Loss = 0.013050, Val Loss = 0.004068, LR = 1.50e-04

预训练:   0%|          | 0/73 [00:00<?, ?it/s]
预训练:   3%|▎         | 2/73 [00:00<00:04, 15.76it/s]
预训练:   7%|▋         | 5/73 [00:00<00:03, 21.09it/s]
预训练:  11%|█         | 8/73 [00:00<00:02, 22.97it/s]
预训练:  15%|█▌        | 11/73 [00:00<00:02, 24.03it/s]
预训练:  19%|█▉        | 14/73 [00:00<00:02, 24.10it/s]
预训练:  23%|██▎       | 17/73 [00:00<00:02, 24.37it/s]
预训练:  27%|██▋       | 20/73 [00:00<00:02, 24.52it/s]
预训练:  32%|███▏      | 23/73 [00:00<00:02, 24.88it/s]
预训练:  36%|███▌      | 26/73 [00:01<00:01, 25.00it/s]
预训练:  40%|███▉      | 29/73 [00:01<00:01, 25.18it/s]
预训练:  44%|████▍     | 32/73 [00:01<00:01, 25.11it/s]
预训练:  48%|████▊     | 35/73 [00:01<00:01, 25.52it/s]
预训练:  52%|█████▏    | 38/73 [00:01<00:01, 25.26it/s]
预训练:  56%|█████▌    | 41/73 [00:01<00:01, 25.32it/s]
预训练:  60%|██████    | 44/73 [00:01<00:01, 25.25it/s]
预训练:  64%|██████▍   | 47/73 [00:01<00:01, 25.88it/s]
预训练:  68%|██████▊   | 50/73 [00:02<00:00, 24.89it/s]
预训练:  73%|███████▎  | 53/73 [00:02<00:00, 24.91it/s]
预训练:  77%|███████▋  | 56/73 [00:02<00:00, 25.32it/s]
预训练:  81%|████████  | 59/73 [00:02<00:00, 25.34it/s]
预训练:  85%|████████▍ | 62/73 [00:02<00:00, 24.74it/s]
预训练:  89%|████████▉ | 65/73 [00:02<00:00, 25.04it/s]
预训练:  93%|█████████▎| 68/73 [00:02<00:00, 25.04it/s]
预训练:  97%|█████████▋| 71/73 [00:02<00:00, 25.23it/s]
预训练: 100%|██████████| 73/73 [00:02<00:00, 24.88it/s]
  [损失分解] Pred: 0.003801, Latent: 0.000574, Consistency: 0.000494, MultiX: 0.008331, MultiZ: 0.001098
Epoch 191/300: Train Loss = 0.013214, Val Loss = 0.004124, LR = 1.50e-04

预训练:   0%|          | 0/73 [00:00<?, ?it/s]
预训练:   3%|▎         | 2/73 [00:00<00:03, 19.98it/s]
预训练:   7%|▋         | 5/73 [00:00<00:02, 23.63it/s]
预训练:  11%|█         | 8/73 [00:00<00:02, 24.46it/s]
预训练:  15%|█▌        | 11/73 [00:00<00:02, 23.49it/s]
预训练:  19%|█▉        | 14/73 [00:00<00:02, 24.31it/s]
预训练:  23%|██▎       | 17/73 [00:00<00:02, 24.29it/s]
预训练:  27%|██▋       | 20/73 [00:00<00:02, 24.72it/s]
预训练:  32%|███▏      | 23/73 [00:00<00:02, 24.94it/s]
预训练:  36%|███▌      | 26/73 [00:01<00:01, 24.97it/s]
预训练:  40%|███▉      | 29/73 [00:01<00:01, 25.00it/s]
预训练:  44%|████▍     | 32/73 [00:01<00:01, 25.14it/s]
预训练:  48%|████▊     | 35/73 [00:01<00:01, 25.29it/s]
预训练:  52%|█████▏    | 38/73 [00:01<00:01, 25.10it/s]
预训练:  56%|█████▌    | 41/73 [00:01<00:01, 25.58it/s]
预训练:  60%|██████    | 44/73 [00:01<00:01, 25.64it/s]
预训练:  64%|██████▍   | 47/73 [00:01<00:01, 25.65it/s]
预训练:  68%|██████▊   | 50/73 [00:02<00:00, 25.00it/s]
预训练:  73%|███████▎  | 53/73 [00:02<00:00, 25.29it/s]
预训练:  77%|███████▋  | 56/73 [00:02<00:00, 25.95it/s]
预训练:  81%|████████  | 59/73 [00:02<00:00, 26.19it/s]
预训练:  88%|████████▊ | 64/73 [00:02<00:00, 30.80it/s]
预训练:  93%|█████████▎| 68/73 [00:02<00:00, 32.55it/s]
预训练:  99%|█████████▊| 72/73 [00:02<00:00, 33.49it/s]
预训练: 100%|██████████| 73/73 [00:02<00:00, 26.91it/s]
  [损失分解] Pred: 0.003789, Latent: 0.000571, Consistency: 0.000492, MultiX: 0.008224, MultiZ: 0.001087
Epoch 192/300: Train Loss = 0.013089, Val Loss = 0.004114, LR = 1.50e-04

预训练:   0%|          | 0/73 [00:00<?, ?it/s]
预训练:   3%|▎         | 2/73 [00:00<00:03, 19.99it/s]
预训练:   7%|▋         | 5/73 [00:00<00:02, 23.77it/s]
预训练:  11%|█         | 8/73 [00:00<00:02, 24.69it/s]
预训练:  15%|█▌        | 11/73 [00:00<00:02, 24.89it/s]
预训练:  19%|█▉        | 14/73 [00:00<00:02, 24.86it/s]
预训练:  23%|██▎       | 17/73 [00:00<00:02, 25.20it/s]
预训练:  27%|██▋       | 20/73 [00:00<00:02, 25.25it/s]
预训练:  32%|███▏      | 23/73 [00:00<00:01, 25.22it/s]
预训练:  36%|███▌      | 26/73 [00:01<00:01, 25.28it/s]
预训练:  40%|███▉      | 29/73 [00:01<00:01, 25.73it/s]
预训练:  44%|████▍     | 32/73 [00:01<00:01, 24.91it/s]
预训练:  48%|████▊     | 35/73 [00:01<00:01, 25.13it/s]
预训练:  52%|█████▏    | 38/73 [00:01<00:01, 25.32it/s]
预训练:  56%|█████▌    | 41/73 [00:01<00:01, 25.48it/s]
预训练:  60%|██████    | 44/73 [00:01<00:01, 25.41it/s]
预训练:  64%|██████▍   | 47/73 [00:01<00:01, 25.32it/s]
预训练:  68%|██████▊   | 50/73 [00:01<00:00, 25.35it/s]
预训练:  73%|███████▎  | 53/73 [00:02<00:00, 25.50it/s]
预训练:  77%|███████▋  | 56/73 [00:02<00:00, 25.44it/s]
预训练:  81%|████████  | 59/73 [00:02<00:00, 25.31it/s]
预训练:  85%|████████▍ | 62/73 [00:02<00:00, 25.95it/s]
预训练:  89%|████████▉ | 65/73 [00:02<00:00, 25.94it/s]
预训练:  93%|█████████▎| 68/73 [00:02<00:00, 25.03it/s]
预训练:  97%|█████████▋| 71/73 [00:02<00:00, 24.98it/s]
预训练: 100%|██████████| 73/73 [00:02<00:00, 25.29it/s]
  [损失分解] Pred: 0.003774, Latent: 0.000569, Consistency: 0.000491, MultiX: 0.008188, MultiZ: 0.001082
Epoch 193/300: Train Loss = 0.013034, Val Loss = 0.004123, LR = 1.50e-04

预训练:   0%|          | 0/73 [00:00<?, ?it/s]
预训练:   3%|▎         | 2/73 [00:00<00:03, 18.94it/s]
预训练:   7%|▋         | 5/73 [00:00<00:02, 23.16it/s]
预训练:  11%|█         | 8/73 [00:00<00:02, 23.69it/s]
预训练:  15%|█▌        | 11/73 [00:00<00:02, 24.31it/s]
预训练:  19%|█▉        | 14/73 [00:00<00:02, 24.42it/s]
预训练:  23%|██▎       | 17/73 [00:00<00:02, 24.63it/s]
预训练:  27%|██▋       | 20/73 [00:00<00:02, 24.66it/s]
预训练:  32%|███▏      | 23/73 [00:00<00:01, 25.31it/s]
预训练:  36%|███▌      | 26/73 [00:01<00:01, 24.53it/s]
预训练:  40%|███▉      | 29/73 [00:01<00:01, 25.78it/s]
预训练:  44%|████▍     | 32/73 [00:01<00:01, 24.71it/s]
预训练:  48%|████▊     | 35/73 [00:01<00:01, 24.92it/s]
预训练:  52%|█████▏    | 38/73 [00:01<00:01, 24.93it/s]
预训练:  56%|█████▌    | 41/73 [00:01<00:01, 24.76it/s]
预训练:  60%|██████    | 44/73 [00:01<00:01, 25.68it/s]
预训练:  64%|██████▍   | 47/73 [00:01<00:01, 24.90it/s]
预训练:  68%|██████▊   | 50/73 [00:02<00:00, 24.98it/s]
预训练:  73%|███████▎  | 53/73 [00:02<00:00, 24.85it/s]
预训练:  77%|███████▋  | 56/73 [00:02<00:00, 24.95it/s]
预训练:  81%|████████  | 59/73 [00:02<00:00, 24.74it/s]
预训练:  85%|████████▍ | 62/73 [00:02<00:00, 25.81it/s]
预训练:  89%|████████▉ | 65/73 [00:02<00:00, 24.83it/s]
预训练:  93%|█████████▎| 68/73 [00:02<00:00, 24.88it/s]
预训练:  97%|█████████▋| 71/73 [00:02<00:00, 25.05it/s]
预训练: 100%|██████████| 73/73 [00:02<00:00, 24.92it/s]
  [损失分解] Pred: 0.003768, Latent: 0.000568, Consistency: 0.000490, MultiX: 0.008217, MultiZ: 0.001084
Epoch 194/300: Train Loss = 0.013055, Val Loss = 0.004090, LR = 1.50e-04

预训练:   0%|          | 0/73 [00:00<?, ?it/s]
预训练:   3%|▎         | 2/73 [00:00<00:03, 18.03it/s]
预训练:   7%|▋         | 5/73 [00:00<00:03, 21.74it/s]
预训练:  11%|█         | 8/73 [00:00<00:02, 23.72it/s]
预训练:  15%|█▌        | 11/73 [00:00<00:02, 23.67it/s]
预训练:  19%|█▉        | 14/73 [00:00<00:02, 23.93it/s]
预训练:  23%|██▎       | 17/73 [00:00<00:02, 24.55it/s]
预训练:  27%|██▋       | 20/73 [00:00<00:02, 24.91it/s]
预训练:  32%|███▏      | 23/73 [00:00<00:02, 24.58it/s]
预训练:  36%|███▌      | 26/73 [00:01<00:01, 24.85it/s]
预训练:  40%|███▉      | 29/73 [00:01<00:01, 24.91it/s]
预训练:  44%|████▍     | 32/73 [00:01<00:01, 24.89it/s]
预训练:  48%|████▊     | 35/73 [00:01<00:01, 24.80it/s]
预训练:  52%|█████▏    | 38/73 [00:01<00:01, 24.79it/s]
预训练:  56%|█████▌    | 41/73 [00:01<00:01, 24.78it/s]
预训练:  60%|██████    | 44/73 [00:01<00:01, 24.58it/s]
预训练:  64%|██████▍   | 47/73 [00:01<00:01, 24.89it/s]
预训练:  68%|██████▊   | 50/73 [00:02<00:00, 25.05it/s]
预训练:  73%|███████▎  | 53/73 [00:02<00:00, 25.05it/s]
预训练:  77%|███████▋  | 56/73 [00:02<00:00, 24.98it/s]
预训练:  81%|████████  | 59/73 [00:02<00:00, 25.07it/s]
预训练:  85%|████████▍ | 62/73 [00:02<00:00, 24.91it/s]
预训练:  89%|████████▉ | 65/73 [00:02<00:00, 24.94it/s]
预训练:  93%|█████████▎| 68/73 [00:02<00:00, 25.02it/s]
预训练:  97%|█████████▋| 71/73 [00:02<00:00, 25.07it/s]
预训练: 100%|██████████| 73/73 [00:02<00:00, 24.86it/s]
  [损失分解] Pred: 0.003773, Latent: 0.000568, Consistency: 0.000488, MultiX: 0.008133, MultiZ: 0.001075
Epoch 195/300: Train Loss = 0.012972, Val Loss = 0.004141, LR = 1.50e-04

预训练:   0%|          | 0/73 [00:00<?, ?it/s]
预训练:   3%|▎         | 2/73 [00:00<00:04, 15.84it/s]
预训练:   7%|▋         | 5/73 [00:00<00:03, 20.64it/s]
预训练:  11%|█         | 8/73 [00:00<00:02, 22.59it/s]
预训练:  15%|█▌        | 11/73 [00:00<00:02, 23.34it/s]
预训练:  19%|█▉        | 14/73 [00:00<00:02, 24.20it/s]
预训练:  23%|██▎       | 17/73 [00:00<00:02, 24.62it/s]
预训练:  27%|██▋       | 20/73 [00:00<00:02, 25.06it/s]
预训练:  32%|███▏      | 23/73 [00:00<00:02, 24.39it/s]
预训练:  36%|███▌      | 26/73 [00:01<00:01, 24.61it/s]
预训练:  40%|███▉      | 29/73 [00:01<00:01, 24.56it/s]
预训练:  44%|████▍     | 32/73 [00:01<00:01, 24.98it/s]
预训练:  48%|████▊     | 35/73 [00:01<00:01, 24.84it/s]
预训练:  52%|█████▏    | 38/73 [00:01<00:01, 25.67it/s]
预训练:  56%|█████▌    | 41/73 [00:01<00:01, 24.85it/s]
预训练:  60%|██████    | 44/73 [00:01<00:01, 25.96it/s]
预训练:  64%|██████▍   | 47/73 [00:01<00:01, 24.63it/s]
预训练:  68%|██████▊   | 50/73 [00:02<00:00, 25.12it/s]
预训练:  73%|███████▎  | 53/73 [00:02<00:00, 24.90it/s]
预训练:  77%|███████▋  | 56/73 [00:02<00:00, 24.94it/s]
预训练:  81%|████████  | 59/73 [00:02<00:00, 25.04it/s]
预训练:  85%|████████▍ | 62/73 [00:02<00:00, 25.93it/s]
预训练:  89%|████████▉ | 65/73 [00:02<00:00, 25.87it/s]
预训练:  93%|█████████▎| 68/73 [00:02<00:00, 25.07it/s]
预训练:  97%|█████████▋| 71/73 [00:02<00:00, 25.98it/s]
预训练: 100%|██████████| 73/73 [00:02<00:00, 24.81it/s]
  [损失分解] Pred: 0.003781, Latent: 0.000567, Consistency: 0.000489, MultiX: 0.008140, MultiZ: 0.001073
Epoch 196/300: Train Loss = 0.012986, Val Loss = 0.004138, LR = 1.50e-04

预训练:   0%|          | 0/73 [00:00<?, ?it/s]
预训练:   3%|▎         | 2/73 [00:00<00:03, 17.75it/s]
预训练:   7%|▋         | 5/73 [00:00<00:02, 23.71it/s]
预训练:  11%|█         | 8/73 [00:00<00:02, 23.47it/s]
预训练:  15%|█▌        | 11/73 [00:00<00:02, 23.94it/s]
预训练:  19%|█▉        | 14/73 [00:00<00:02, 24.41it/s]
预训练:  23%|██▎       | 17/73 [00:00<00:02, 24.47it/s]
预训练:  27%|██▋       | 20/73 [00:00<00:02, 24.85it/s]
预训练:  32%|███▏      | 23/73 [00:00<00:02, 24.91it/s]
预训练:  36%|███▌      | 26/73 [00:01<00:01, 24.86it/s]
预训练:  40%|███▉      | 29/73 [00:01<00:01, 24.96it/s]
预训练:  44%|████▍     | 32/73 [00:01<00:01, 25.04it/s]
预训练:  48%|████▊     | 35/73 [00:01<00:01, 25.34it/s]
预训练:  52%|█████▏    | 38/73 [00:01<00:01, 25.11it/s]
预训练:  56%|█████▌    | 41/73 [00:01<00:01, 24.99it/s]
预训练:  60%|██████    | 44/73 [00:01<00:01, 25.20it/s]
预训练:  64%|██████▍   | 47/73 [00:01<00:01, 25.27it/s]
预训练:  68%|██████▊   | 50/73 [00:02<00:00, 24.94it/s]
预训练:  73%|███████▎  | 53/73 [00:02<00:00, 25.55it/s]
预训练:  77%|███████▋  | 56/73 [00:02<00:00, 25.03it/s]
预训练:  81%|████████  | 59/73 [00:02<00:00, 25.02it/s]
预训练:  85%|████████▍ | 62/73 [00:02<00:00, 25.09it/s]
预训练:  89%|████████▉ | 65/73 [00:02<00:00, 25.25it/s]
预训练:  93%|█████████▎| 68/73 [00:02<00:00, 25.38it/s]
预训练:  97%|█████████▋| 71/73 [00:02<00:00, 25.50it/s]
预训练: 100%|██████████| 73/73 [00:02<00:00, 25.02it/s]
  [损失分解] Pred: 0.003776, Latent: 0.000566, Consistency: 0.000489, MultiX: 0.008162, MultiZ: 0.001075
Epoch 197/300: Train Loss = 0.013003, Val Loss = 0.004141, LR = 1.50e-04

预训练:   0%|          | 0/73 [00:00<?, ?it/s]
预训练:   3%|▎         | 2/73 [00:00<00:03, 18.72it/s]
预训练:   7%|▋         | 5/73 [00:00<00:03, 22.65it/s]
预训练:  11%|█         | 8/73 [00:00<00:02, 23.49it/s]
预训练:  15%|█▌        | 11/73 [00:00<00:02, 24.16it/s]
预训练:  19%|█▉        | 14/73 [00:00<00:02, 25.41it/s]
预训练:  23%|██▎       | 17/73 [00:00<00:02, 25.50it/s]
预训练:  27%|██▋       | 20/73 [00:00<00:02, 25.62it/s]
预训练:  32%|███▏      | 23/73 [00:00<00:02, 24.51it/s]
预训练:  36%|███▌      | 26/73 [00:01<00:01, 24.65it/s]
预训练:  40%|███▉      | 29/73 [00:01<00:01, 24.65it/s]
预训练:  44%|████▍     | 32/73 [00:01<00:01, 24.68it/s]
预训练:  48%|████▊     | 35/73 [00:01<00:01, 24.70it/s]
预训练:  52%|█████▏    | 38/73 [00:01<00:01, 24.64it/s]
预训练:  56%|█████▌    | 41/73 [00:01<00:01, 24.72it/s]
预训练:  60%|██████    | 44/73 [00:01<00:01, 24.89it/s]
预训练:  64%|██████▍   | 47/73 [00:01<00:01, 25.14it/s]
预训练:  68%|██████▊   | 50/73 [00:02<00:00, 24.98it/s]
预训练:  73%|███████▎  | 53/73 [00:02<00:00, 25.24it/s]
预训练:  77%|███████▋  | 56/73 [00:02<00:00, 25.27it/s]
预训练:  81%|████████  | 59/73 [00:02<00:00, 25.40it/s]
预训练:  85%|████████▍ | 62/73 [00:02<00:00, 25.18it/s]
预训练:  89%|████████▉ | 65/73 [00:02<00:00, 25.15it/s]
预训练:  93%|█████████▎| 68/73 [00:02<00:00, 25.09it/s]
预训练:  97%|█████████▋| 71/73 [00:02<00:00, 25.33it/s]
预训练: 100%|██████████| 73/73 [00:02<00:00, 24.97it/s]
  [损失分解] Pred: 0.003758, Latent: 0.000564, Consistency: 0.000486, MultiX: 0.008169, MultiZ: 0.001075
Epoch 198/300: Train Loss = 0.012989, Val Loss = 0.004086, LR = 1.50e-04

预训练:   0%|          | 0/73 [00:00<?, ?it/s]
预训练:   3%|▎         | 2/73 [00:00<00:03, 19.20it/s]
预训练:   7%|▋         | 5/73 [00:00<00:02, 24.37it/s]
预训练:  11%|█         | 8/73 [00:00<00:02, 23.25it/s]
预训练:  15%|█▌        | 11/73 [00:00<00:02, 24.08it/s]
预训练:  19%|█▉        | 14/73 [00:00<00:02, 24.21it/s]
预训练:  23%|██▎       | 17/73 [00:00<00:02, 24.40it/s]
预训练:  27%|██▋       | 20/73 [00:00<00:02, 24.60it/s]
预训练:  32%|███▏      | 23/73 [00:00<00:02, 24.99it/s]
预训练:  36%|███▌      | 26/73 [00:01<00:01, 25.10it/s]
预训练:  40%|███▉      | 29/73 [00:01<00:01, 25.33it/s]
预训练:  44%|████▍     | 32/73 [00:01<00:01, 25.47it/s]
预训练:  48%|████▊     | 35/73 [00:01<00:01, 24.32it/s]
预训练:  52%|█████▏    | 38/73 [00:01<00:01, 24.46it/s]
预训练:  56%|█████▌    | 41/73 [00:01<00:01, 24.76it/s]
预训练:  60%|██████    | 44/73 [00:01<00:01, 24.72it/s]
预训练:  64%|██████▍   | 47/73 [00:01<00:01, 25.14it/s]
预训练:  68%|██████▊   | 50/73 [00:02<00:00, 24.93it/s]
预训练:  73%|███████▎  | 53/73 [00:02<00:00, 24.72it/s]
预训练:  77%|███████▋  | 56/73 [00:02<00:00, 24.76it/s]
预训练:  81%|████████  | 59/73 [00:02<00:00, 24.78it/s]
预训练:  85%|████████▍ | 62/73 [00:02<00:00, 24.98it/s]
预训练:  89%|████████▉ | 65/73 [00:02<00:00, 25.13it/s]
预训练:  93%|█████████▎| 68/73 [00:02<00:00, 25.26it/s]
预训练:  97%|█████████▋| 71/73 [00:02<00:00, 25.43it/s]
预训练: 100%|██████████| 73/73 [00:02<00:00, 24.83it/s]
  [损失分解] Pred: 0.003787, Latent: 0.000564, Consistency: 0.000488, MultiX: 0.008198, MultiZ: 0.001075
Epoch 199/300: Train Loss = 0.013048, Val Loss = 0.004072, LR = 1.50e-04

预训练:   0%|          | 0/73 [00:00<?, ?it/s]
预训练:   3%|▎         | 2/73 [00:00<00:03, 19.60it/s]
预训练:   7%|▋         | 5/73 [00:00<00:02, 24.03it/s]
预训练:  11%|█         | 8/73 [00:00<00:02, 23.87it/s]
预训练:  15%|█▌        | 11/73 [00:00<00:02, 25.48it/s]
预训练:  19%|█▉        | 14/73 [00:00<00:02, 24.22it/s]
预训练:  23%|██▎       | 17/73 [00:00<00:02, 24.83it/s]
预训练:  27%|██▋       | 20/73 [00:00<00:02, 25.12it/s]
预训练:  32%|███▏      | 23/73 [00:00<00:02, 24.14it/s]
预训练:  36%|███▌      | 26/73 [00:01<00:01, 24.41it/s]
预训练:  40%|███▉      | 29/73 [00:01<00:01, 25.06it/s]
预训练:  44%|████▍     | 32/73 [00:01<00:01, 24.36it/s]
预训练:  48%|████▊     | 35/73 [00:01<00:01, 24.59it/s]
预训练:  52%|█████▏    | 38/73 [00:01<00:01, 24.65it/s]
预训练:  56%|█████▌    | 41/73 [00:01<00:01, 24.79it/s]
预训练:  60%|██████    | 44/73 [00:01<00:01, 24.86it/s]
预训练:  64%|██████▍   | 47/73 [00:01<00:01, 24.96it/s]
预训练:  68%|██████▊   | 50/73 [00:02<00:00, 25.20it/s]
预训练:  73%|███████▎  | 53/73 [00:02<00:00, 25.34it/s]
预训练:  77%|███████▋  | 56/73 [00:02<00:00, 25.30it/s]
预训练:  81%|████████  | 59/73 [00:02<00:00, 25.30it/s]
预训练:  85%|████████▍ | 62/73 [00:02<00:00, 25.45it/s]
预训练:  89%|████████▉ | 65/73 [00:02<00:00, 25.33it/s]
预训练:  93%|█████████▎| 68/73 [00:02<00:00, 25.22it/s]
预训练:  97%|█████████▋| 71/73 [00:02<00:00, 25.05it/s]
预训练: 100%|██████████| 73/73 [00:02<00:00, 24.92it/s]
  [损失分解] Pred: 0.003738, Latent: 0.000560, Consistency: 0.000483, MultiX: 0.008080, MultiZ: 0.001063
Epoch 200/300: Train Loss = 0.012871, Val Loss = 0.004176, LR = 1.50e-04

预训练:   0%|          | 0/73 [00:00<?, ?it/s]
预训练:   3%|▎         | 2/73 [00:00<00:04, 16.98it/s]
预训练:   7%|▋         | 5/73 [00:00<00:03, 20.53it/s]
预训练:  11%|█         | 8/73 [00:00<00:02, 22.56it/s]
预训练:  15%|█▌        | 11/73 [00:00<00:02, 23.78it/s]
预训练:  19%|█▉        | 14/73 [00:00<00:02, 23.59it/s]
预训练:  23%|██▎       | 17/73 [00:00<00:02, 24.12it/s]
预训练:  27%|██▋       | 20/73 [00:00<00:02, 24.18it/s]
预训练:  32%|███▏      | 23/73 [00:00<00:02, 24.85it/s]
预训练:  36%|███▌      | 26/73 [00:01<00:01, 25.19it/s]
预训练:  40%|███▉      | 29/73 [00:01<00:01, 24.33it/s]
预训练:  44%|████▍     | 32/73 [00:01<00:01, 24.73it/s]
预训练:  48%|████▊     | 35/73 [00:01<00:01, 24.82it/s]
预训练:  52%|█████▏    | 38/73 [00:01<00:01, 24.94it/s]
预训练:  56%|█████▌    | 41/73 [00:01<00:01, 25.03it/s]
预训练:  60%|██████    | 44/73 [00:01<00:01, 24.92it/s]
预训练:  64%|██████▍   | 47/73 [00:01<00:01, 25.25it/s]
预训练:  68%|██████▊   | 50/73 [00:02<00:00, 24.99it/s]
预训练:  73%|███████▎  | 53/73 [00:02<00:00, 24.82it/s]
预训练:  77%|███████▋  | 56/73 [00:02<00:00, 25.31it/s]
预训练:  81%|████████  | 59/73 [00:02<00:00, 24.75it/s]
预训练:  85%|████████▍ | 62/73 [00:02<00:00, 24.97it/s]
预训练:  89%|████████▉ | 65/73 [00:02<00:00, 24.93it/s]
预训练:  93%|█████████▎| 68/73 [00:02<00:00, 25.17it/s]
预训练:  97%|█████████▋| 71/73 [00:02<00:00, 25.09it/s]
预训练: 100%|██████████| 73/73 [00:02<00:00, 24.63it/s]
  [损失分解] Pred: 0.003739, Latent: 0.000560, Consistency: 0.000482, MultiX: 0.008070, MultiZ: 0.001062
  >>> 学习率降低: 1.50e-04 -> 7.50e-05
Epoch 201/300: Train Loss = 0.012862, Val Loss = 0.004097, LR = 7.50e-05

预训练:   0%|          | 0/73 [00:00<?, ?it/s]
预训练:   3%|▎         | 2/73 [00:00<00:03, 19.24it/s]
预训练:   7%|▋         | 5/73 [00:00<00:02, 22.71it/s]
预训练:  11%|█         | 8/73 [00:00<00:02, 23.69it/s]
预训练:  15%|█▌        | 11/73 [00:00<00:02, 24.18it/s]
预训练:  19%|█▉        | 14/73 [00:00<00:02, 24.59it/s]
预训练:  23%|██▎       | 17/73 [00:00<00:02, 24.53it/s]
预训练:  27%|██▋       | 20/73 [00:00<00:02, 24.77it/s]
预训练:  32%|███▏      | 23/73 [00:00<00:02, 24.65it/s]
预训练:  36%|███▌      | 26/73 [00:01<00:01, 25.81it/s]
预训练:  40%|███▉      | 29/73 [00:01<00:01, 25.29it/s]
预训练:  44%|████▍     | 32/73 [00:01<00:01, 25.41it/s]
预训练:  48%|████▊     | 35/73 [00:01<00:01, 24.22it/s]
预训练:  52%|█████▏    | 38/73 [00:01<00:01, 24.56it/s]
预训练:  56%|█████▌    | 41/73 [00:01<00:01, 24.64it/s]
预训练:  60%|██████    | 44/73 [00:01<00:01, 24.82it/s]
预训练:  64%|██████▍   | 47/73 [00:01<00:01, 25.79it/s]
预训练:  68%|██████▊   | 50/73 [00:02<00:00, 25.09it/s]
预训练:  73%|███████▎  | 53/73 [00:02<00:00, 24.58it/s]
预训练:  77%|███████▋  | 56/73 [00:02<00:00, 24.78it/s]
预训练:  81%|████████  | 59/73 [00:02<00:00, 24.85it/s]
预训练:  85%|████████▍ | 62/73 [00:02<00:00, 24.92it/s]
预训练:  89%|████████▉ | 65/73 [00:02<00:00, 25.12it/s]
预训练:  93%|█████████▎| 68/73 [00:02<00:00, 25.07it/s]
预训练:  97%|█████████▋| 71/73 [00:02<00:00, 25.18it/s]
预训练: 100%|██████████| 73/73 [00:02<00:00, 24.87it/s]
  [损失分解] Pred: 0.003689, Latent: 0.000554, Consistency: 0.000478, MultiX: 0.007895, MultiZ: 0.001044
Epoch 202/300: Train Loss = 0.012623, Val Loss = 0.004107, LR = 7.50e-05

预训练:   0%|          | 0/73 [00:00<?, ?it/s]
预训练:   3%|▎         | 2/73 [00:00<00:03, 18.17it/s]
预训练:   7%|▋         | 5/73 [00:00<00:03, 22.25it/s]
预训练:  11%|█         | 8/73 [00:00<00:02, 23.62it/s]
预训练:  15%|█▌        | 11/73 [00:00<00:02, 24.33it/s]
预训练:  19%|█▉        | 14/73 [00:00<00:02, 25.28it/s]
预训练:  23%|██▎       | 17/73 [00:00<00:02, 25.41it/s]
预训练:  27%|██▋       | 20/73 [00:00<00:02, 25.46it/s]
预训练:  32%|███▏      | 23/73 [00:00<00:02, 24.42it/s]
预训练:  36%|███▌      | 26/73 [00:01<00:01, 24.68it/s]
预训练:  40%|███▉      | 29/73 [00:01<00:01, 24.79it/s]
预训练:  44%|████▍     | 32/73 [00:01<00:01, 25.07it/s]
预训练:  48%|████▊     | 35/73 [00:01<00:01, 25.05it/s]
预训练:  52%|█████▏    | 38/73 [00:01<00:01, 25.18it/s]
预训练:  56%|█████▌    | 41/73 [00:01<00:01, 25.95it/s]
预训练:  60%|██████    | 44/73 [00:01<00:01, 24.89it/s]
预训练:  64%|██████▍   | 47/73 [00:01<00:01, 24.82it/s]
预训练:  68%|██████▊   | 50/73 [00:02<00:00, 24.94it/s]
预训练:  73%|███████▎  | 53/73 [00:02<00:00, 25.24it/s]
预训练:  77%|███████▋  | 56/73 [00:02<00:00, 25.69it/s]
预训练:  81%|████████  | 59/73 [00:02<00:00, 25.10it/s]
预训练:  85%|████████▍ | 62/73 [00:02<00:00, 25.20it/s]
预训练:  89%|████████▉ | 65/73 [00:02<00:00, 26.00it/s]
预训练:  93%|█████████▎| 68/73 [00:02<00:00, 25.90it/s]
预训练:  97%|█████████▋| 71/73 [00:02<00:00, 25.84it/s]
预训练: 100%|██████████| 73/73 [00:02<00:00, 25.19it/s]
  [损失分解] Pred: 0.003690, Latent: 0.000553, Consistency: 0.000477, MultiX: 0.007861, MultiZ: 0.001039
Epoch 203/300: Train Loss = 0.012586, Val Loss = 0.004068, LR = 7.50e-05

预训练:   0%|          | 0/73 [00:00<?, ?it/s]
预训练:   3%|▎         | 2/73 [00:00<00:04, 17.41it/s]
预训练:   7%|▋         | 5/73 [00:00<00:03, 21.99it/s]
预训练:  11%|█         | 8/73 [00:00<00:02, 23.63it/s]
预训练:  15%|█▌        | 11/73 [00:00<00:02, 24.47it/s]
预训练:  19%|█▉        | 14/73 [00:00<00:02, 24.04it/s]
预训练:  23%|██▎       | 17/73 [00:00<00:02, 25.42it/s]
预训练:  27%|██▋       | 20/73 [00:00<00:02, 24.20it/s]
预训练:  32%|███▏      | 23/73 [00:00<00:02, 24.52it/s]
预训练:  36%|███▌      | 26/73 [00:01<00:01, 25.17it/s]
预训练:  40%|███▉      | 29/73 [00:01<00:01, 24.65it/s]
预训练:  44%|████▍     | 32/73 [00:01<00:01, 25.64it/s]
预训练:  48%|████▊     | 35/73 [00:01<00:01, 25.70it/s]
预训练:  52%|█████▏    | 38/73 [00:01<00:01, 24.63it/s]
预训练:  56%|█████▌    | 41/73 [00:01<00:01, 24.69it/s]
预训练:  60%|██████    | 44/73 [00:01<00:01, 24.78it/s]
预训练:  64%|██████▍   | 47/73 [00:01<00:01, 24.69it/s]
预训练:  68%|██████▊   | 50/73 [00:02<00:00, 24.55it/s]
预训练:  73%|███████▎  | 53/73 [00:02<00:00, 25.08it/s]
预训练:  77%|███████▋  | 56/73 [00:02<00:00, 24.58it/s]
预训练:  81%|████████  | 59/73 [00:02<00:00, 25.52it/s]
预训练:  85%|████████▍ | 62/73 [00:02<00:00, 24.71it/s]
预训练:  89%|████████▉ | 65/73 [00:02<00:00, 24.83it/s]
预训练:  93%|█████████▎| 68/73 [00:02<00:00, 24.75it/s]
预训练:  97%|█████████▋| 71/73 [00:02<00:00, 24.99it/s]
预训练: 100%|██████████| 73/73 [00:02<00:00, 24.75it/s]
  [损失分解] Pred: 0.003662, Latent: 0.000550, Consistency: 0.000475, MultiX: 0.007827, MultiZ: 0.001037
Epoch 204/300: Train Loss = 0.012520, Val Loss = 0.004057, LR = 7.50e-05

预训练:   0%|          | 0/73 [00:00<?, ?it/s]
预训练:   3%|▎         | 2/73 [00:00<00:03, 18.86it/s]
预训练:   7%|▋         | 5/73 [00:00<00:02, 22.82it/s]
预训练:  11%|█         | 8/73 [00:00<00:02, 24.10it/s]
预训练:  15%|█▌        | 11/73 [00:00<00:02, 24.34it/s]
预训练:  19%|█▉        | 14/73 [00:00<00:02, 24.59it/s]
预训练:  23%|██▎       | 17/73 [00:00<00:02, 24.59it/s]
预训练:  27%|██▋       | 20/73 [00:00<00:02, 24.48it/s]
预训练:  32%|███▏      | 23/73 [00:00<00:02, 24.70it/s]
预训练:  36%|███▌      | 26/73 [00:01<00:01, 24.98it/s]
预训练:  40%|███▉      | 29/73 [00:01<00:01, 25.59it/s]
预训练:  44%|████▍     | 32/73 [00:01<00:01, 24.65it/s]
预训练:  48%|████▊     | 35/73 [00:01<00:01, 24.55it/s]
预训练:  52%|█████▏    | 38/73 [00:01<00:01, 24.50it/s]
预训练:  56%|█████▌    | 41/73 [00:01<00:01, 24.54it/s]
预训练:  60%|██████    | 44/73 [00:01<00:01, 24.92it/s]
预训练:  64%|██████▍   | 47/73 [00:01<00:01, 25.09it/s]
预训练:  68%|██████▊   | 50/73 [00:02<00:00, 25.31it/s]
预训练:  73%|███████▎  | 53/73 [00:02<00:00, 25.09it/s]
预训练:  77%|███████▋  | 56/73 [00:02<00:00, 25.51it/s]
预训练:  81%|████████  | 59/73 [00:02<00:00, 25.54it/s]
预训练:  85%|████████▍ | 62/73 [00:02<00:00, 25.60it/s]
预训练:  89%|████████▉ | 65/73 [00:02<00:00, 24.93it/s]
预训练:  93%|█████████▎| 68/73 [00:02<00:00, 25.02it/s]
预训练:  97%|█████████▋| 71/73 [00:02<00:00, 25.16it/s]
预训练: 100%|██████████| 73/73 [00:02<00:00, 24.94it/s]
  [损失分解] Pred: 0.003716, Latent: 0.000554, Consistency: 0.000479, MultiX: 0.007900, MultiZ: 0.001042
Epoch 205/300: Train Loss = 0.012654, Val Loss = 0.004078, LR = 7.50e-05

预训练:   0%|          | 0/73 [00:00<?, ?it/s]
预训练:   3%|▎         | 2/73 [00:00<00:04, 14.87it/s]
预训练:   7%|▋         | 5/73 [00:00<00:03, 21.03it/s]
预训练:  11%|█         | 8/73 [00:00<00:02, 22.58it/s]
预训练:  15%|█▌        | 11/73 [00:00<00:02, 23.80it/s]
预训练:  19%|█▉        | 14/73 [00:00<00:02, 24.88it/s]
预训练:  23%|██▎       | 17/73 [00:00<00:02, 25.15it/s]
预训练:  27%|██▋       | 20/73 [00:00<00:02, 24.04it/s]
预训练:  32%|███▏      | 23/73 [00:00<00:02, 24.47it/s]
预训练:  36%|███▌      | 26/73 [00:01<00:01, 24.57it/s]
预训练:  40%|███▉      | 29/73 [00:01<00:01, 25.43it/s]
预训练:  44%|████▍     | 32/73 [00:01<00:01, 24.46it/s]
预训练:  48%|████▊     | 35/73 [00:01<00:01, 24.46it/s]
预训练:  52%|█████▏    | 38/73 [00:01<00:01, 24.70it/s]
预训练:  56%|█████▌    | 41/73 [00:01<00:01, 24.86it/s]
预训练:  60%|██████    | 44/73 [00:01<00:01, 24.90it/s]
预训练:  64%|██████▍   | 47/73 [00:01<00:01, 25.60it/s]
预训练:  68%|██████▊   | 50/73 [00:02<00:00, 24.98it/s]
预训练:  73%|███████▎  | 53/73 [00:02<00:00, 24.96it/s]
预训练:  77%|███████▋  | 56/73 [00:02<00:00, 25.35it/s]
预训练:  81%|████████  | 59/73 [00:02<00:00, 25.13it/s]
预训练:  85%|████████▍ | 62/73 [00:02<00:00, 25.25it/s]
预训练:  89%|████████▉ | 65/73 [00:02<00:00, 25.32it/s]
预训练:  93%|█████████▎| 68/73 [00:02<00:00, 25.03it/s]
预训练:  97%|█████████▋| 71/73 [00:02<00:00, 25.09it/s]
预训练: 100%|██████████| 73/73 [00:02<00:00, 24.84it/s]
  [损失分解] Pred: 0.003699, Latent: 0.000552, Consistency: 0.000476, MultiX: 0.007885, MultiZ: 0.001039
Epoch 206/300: Train Loss = 0.012618, Val Loss = 0.004064, LR = 7.50e-05

预训练:   0%|          | 0/73 [00:00<?, ?it/s]
预训练:   3%|▎         | 2/73 [00:00<00:03, 18.89it/s]
预训练:   7%|▋         | 5/73 [00:00<00:03, 22.47it/s]
预训练:  11%|█         | 8/73 [00:00<00:02, 24.02it/s]
预训练:  15%|█▌        | 11/73 [00:00<00:02, 24.16it/s]
预训练:  19%|█▉        | 14/73 [00:00<00:02, 25.04it/s]
预训练:  23%|██▎       | 17/73 [00:00<00:02, 24.54it/s]
预训练:  27%|██▋       | 20/73 [00:00<00:02, 25.28it/s]
预训练:  32%|███▏      | 23/73 [00:00<00:02, 24.80it/s]
预训练:  36%|███▌      | 26/73 [00:01<00:01, 24.70it/s]
预训练:  40%|███▉      | 29/73 [00:01<00:01, 24.94it/s]
预训练:  44%|████▍     | 32/73 [00:01<00:01, 24.89it/s]
预训练:  48%|████▊     | 35/73 [00:01<00:01, 24.81it/s]
预训练:  52%|█████▏    | 38/73 [00:01<00:01, 24.90it/s]
预训练:  56%|█████▌    | 41/73 [00:01<00:01, 25.10it/s]
预训练:  60%|██████    | 44/73 [00:01<00:01, 25.26it/s]
预训练:  64%|██████▍   | 47/73 [00:01<00:01, 25.35it/s]
预训练:  68%|██████▊   | 50/73 [00:02<00:00, 24.92it/s]
预训练:  73%|███████▎  | 53/73 [00:02<00:00, 25.02it/s]
预训练:  77%|███████▋  | 56/73 [00:02<00:00, 25.21it/s]
预训练:  81%|████████  | 59/73 [00:02<00:00, 25.08it/s]
预训练:  85%|████████▍ | 62/73 [00:02<00:00, 25.18it/s]
预训练:  89%|████████▉ | 65/73 [00:02<00:00, 25.37it/s]
预训练:  93%|█████████▎| 68/73 [00:02<00:00, 25.42it/s]
预训练:  97%|█████████▋| 71/73 [00:02<00:00, 25.49it/s]
预训练: 100%|██████████| 73/73 [00:02<00:00, 25.04it/s]
  [损失分解] Pred: 0.003676, Latent: 0.000549, Consistency: 0.000474, MultiX: 0.007843, MultiZ: 0.001035
Epoch 207/300: Train Loss = 0.012547, Val Loss = 0.004097, LR = 7.50e-05

预训练:   0%|          | 0/73 [00:00<?, ?it/s]
预训练:   3%|▎         | 2/73 [00:00<00:03, 18.09it/s]
预训练:   7%|▋         | 5/73 [00:00<00:03, 21.64it/s]
预训练:  11%|█         | 8/73 [00:00<00:02, 23.72it/s]
预训练:  15%|█▌        | 11/73 [00:00<00:02, 23.62it/s]
预训练:  19%|█▉        | 14/73 [00:00<00:02, 25.14it/s]
预训练:  23%|██▎       | 17/73 [00:00<00:02, 24.58it/s]
预训练:  27%|██▋       | 20/73 [00:00<00:02, 24.51it/s]
预训练:  32%|███▏      | 23/73 [00:00<00:02, 24.91it/s]
预训练:  36%|███▌      | 26/73 [00:01<00:01, 24.86it/s]
预训练:  40%|███▉      | 29/73 [00:01<00:01, 24.81it/s]
预训练:  44%|████▍     | 32/73 [00:01<00:01, 24.79it/s]
预训练:  48%|████▊     | 35/73 [00:01<00:01, 24.97it/s]
预训练:  52%|█████▏    | 38/73 [00:01<00:01, 25.15it/s]
预训练:  56%|█████▌    | 41/73 [00:01<00:01, 25.20it/s]
预训练:  60%|██████    | 44/73 [00:01<00:01, 25.34it/s]
预训练:  64%|██████▍   | 47/73 [00:01<00:01, 25.48it/s]
预训练:  68%|██████▊   | 50/73 [00:02<00:00, 25.12it/s]
预训练:  73%|███████▎  | 53/73 [00:02<00:00, 25.15it/s]
预训练:  77%|███████▋  | 56/73 [00:02<00:00, 25.11it/s]
预训练:  81%|████████  | 59/73 [00:02<00:00, 25.12it/s]
预训练:  85%|████████▍ | 62/73 [00:02<00:00, 25.10it/s]
预训练:  89%|████████▉ | 65/73 [00:02<00:00, 25.23it/s]
预训练:  93%|█████████▎| 68/73 [00:02<00:00, 25.46it/s]
预训练:  97%|█████████▋| 71/73 [00:02<00:00, 25.50it/s]
预训练: 100%|██████████| 73/73 [00:02<00:00, 24.91it/s]
  [损失分解] Pred: 0.003685, Latent: 0.000551, Consistency: 0.000475, MultiX: 0.007863, MultiZ: 0.001037
Epoch 208/300: Train Loss = 0.012580, Val Loss = 0.004061, LR = 7.50e-05

预训练:   0%|          | 0/73 [00:00<?, ?it/s]
预训练:   4%|▍         | 3/73 [00:00<00:03, 21.03it/s]
预训练:   8%|▊         | 6/73 [00:00<00:02, 25.07it/s]
预训练:  12%|█▏        | 9/73 [00:00<00:02, 23.75it/s]
预训练:  16%|█▋        | 12/73 [00:00<00:02, 24.43it/s]
预训练:  21%|██        | 15/73 [00:00<00:02, 24.52it/s]
预训练:  25%|██▍       | 18/73 [00:00<00:02, 25.25it/s]
预训练:  29%|██▉       | 21/73 [00:00<00:02, 24.94it/s]
预训练:  33%|███▎      | 24/73 [00:00<00:01, 24.62it/s]
预训练:  37%|███▋      | 27/73 [00:01<00:01, 24.81it/s]
预训练:  41%|████      | 30/73 [00:01<00:01, 24.80it/s]
预训练:  45%|████▌     | 33/73 [00:01<00:01, 24.96it/s]
预训练:  49%|████▉     | 36/73 [00:01<00:01, 24.88it/s]
预训练:  53%|█████▎    | 39/73 [00:01<00:01, 25.05it/s]
预训练:  58%|█████▊    | 42/73 [00:01<00:01, 25.23it/s]
预训练:  62%|██████▏   | 45/73 [00:01<00:01, 25.25it/s]
预训练:  66%|██████▌   | 48/73 [00:01<00:00, 25.30it/s]
预训练:  70%|██████▉   | 51/73 [00:02<00:00, 25.31it/s]
预训练:  74%|███████▍  | 54/73 [00:02<00:00, 25.30it/s]
预训练:  78%|███████▊  | 57/73 [00:02<00:00, 24.87it/s]
预训练:  82%|████████▏ | 60/73 [00:02<00:00, 25.04it/s]
预训练:  86%|████████▋ | 63/73 [00:02<00:00, 25.22it/s]
预训练:  90%|█████████ | 66/73 [00:02<00:00, 25.00it/s]
预训练:  95%|█████████▍| 69/73 [00:02<00:00, 25.34it/s]
预训练:  99%|█████████▊| 72/73 [00:02<00:00, 25.07it/s]
预训练: 100%|██████████| 73/73 [00:02<00:00, 25.03it/s]
  [损失分解] Pred: 0.003676, Latent: 0.000547, Consistency: 0.000474, MultiX: 0.007871, MultiZ: 0.001035
Epoch 209/300: Train Loss = 0.012575, Val Loss = 0.004082, LR = 7.50e-05

预训练:   0%|          | 0/73 [00:00<?, ?it/s]
预训练:   3%|▎         | 2/73 [00:00<00:03, 18.53it/s]
预训练:   7%|▋         | 5/73 [00:00<00:02, 23.73it/s]
预训练:  11%|█         | 8/73 [00:00<00:02, 23.17it/s]
预训练:  15%|█▌        | 11/73 [00:00<00:02, 23.76it/s]
预训练:  19%|█▉        | 14/73 [00:00<00:02, 24.15it/s]
预训练:  23%|██▎       | 17/73 [00:00<00:02, 24.35it/s]
预训练:  27%|██▋       | 20/73 [00:00<00:02, 24.50it/s]
预训练:  32%|███▏      | 23/73 [00:00<00:02, 24.80it/s]
预训练:  36%|███▌      | 26/73 [00:01<00:01, 24.50it/s]
预训练:  40%|███▉      | 29/73 [00:01<00:01, 24.90it/s]
预训练:  44%|████▍     | 32/73 [00:01<00:01, 24.63it/s]
预训练:  48%|████▊     | 35/73 [00:01<00:01, 24.96it/s]
预训练:  52%|█████▏    | 38/73 [00:01<00:01, 25.14it/s]
预训练:  56%|█████▌    | 41/73 [00:01<00:01, 24.66it/s]
预训练:  60%|██████    | 44/73 [00:01<00:01, 24.62it/s]
预训练:  64%|██████▍   | 47/73 [00:01<00:01, 24.80it/s]
预训练:  68%|██████▊   | 50/73 [00:02<00:00, 24.96it/s]
预训练:  73%|███████▎  | 53/73 [00:02<00:00, 25.04it/s]
预训练:  77%|███████▋  | 56/73 [00:02<00:00, 25.08it/s]
预训练:  81%|████████  | 59/73 [00:02<00:00, 25.74it/s]
预训练:  85%|████████▍ | 62/73 [00:02<00:00, 24.61it/s]
预训练:  89%|████████▉ | 65/73 [00:02<00:00, 25.04it/s]
预训练:  93%|█████████▎| 68/73 [00:02<00:00, 25.18it/s]
预训练:  97%|█████████▋| 71/73 [00:02<00:00, 25.37it/s]
预训练: 100%|██████████| 73/73 [00:02<00:00, 24.85it/s]
  [损失分解] Pred: 0.003679, Latent: 0.000549, Consistency: 0.000473, MultiX: 0.007843, MultiZ: 0.001033
Epoch 210/300: Train Loss = 0.012550, Val Loss = 0.004074, LR = 7.50e-05

预训练:   0%|          | 0/73 [00:00<?, ?it/s]
预训练:   3%|▎         | 2/73 [00:00<00:04, 15.00it/s]
预训练:   7%|▋         | 5/73 [00:00<00:03, 20.71it/s]
预训练:  11%|█         | 8/73 [00:00<00:02, 22.92it/s]
预训练:  15%|█▌        | 11/73 [00:00<00:02, 24.01it/s]
预训练:  19%|█▉        | 14/73 [00:00<00:02, 24.14it/s]
预训练:  23%|██▎       | 17/73 [00:00<00:02, 24.54it/s]
预训练:  27%|██▋       | 20/73 [00:00<00:02, 24.59it/s]
预训练:  32%|███▏      | 23/73 [00:00<00:02, 24.78it/s]
预训练:  36%|███▌      | 26/73 [00:01<00:01, 24.93it/s]
预训练:  40%|███▉      | 29/73 [00:01<00:01, 24.88it/s]
预训练:  44%|████▍     | 32/73 [00:01<00:01, 24.84it/s]
预训练:  48%|████▊     | 35/73 [00:01<00:01, 25.69it/s]
预训练:  52%|█████▏    | 38/73 [00:01<00:01, 24.38it/s]
预训练:  56%|█████▌    | 41/73 [00:01<00:01, 24.68it/s]
预训练:  60%|██████    | 44/73 [00:01<00:01, 24.61it/s]
预训练:  64%|██████▍   | 47/73 [00:01<00:01, 25.60it/s]
预训练:  68%|██████▊   | 50/73 [00:02<00:00, 25.57it/s]
预训练:  73%|███████▎  | 53/73 [00:02<00:00, 24.61it/s]
预训练:  77%|███████▋  | 56/73 [00:02<00:00, 24.29it/s]
预训练:  81%|████████  | 59/73 [00:02<00:00, 24.46it/s]
预训练:  85%|████████▍ | 62/73 [00:02<00:00, 24.46it/s]
预训练:  89%|████████▉ | 65/73 [00:02<00:00, 25.04it/s]
预训练:  93%|█████████▎| 68/73 [00:02<00:00, 24.54it/s]
预训练:  97%|█████████▋| 71/73 [00:02<00:00, 25.02it/s]
预训练: 100%|██████████| 73/73 [00:02<00:00, 24.60it/s]
  [损失分解] Pred: 0.003654, Latent: 0.000546, Consistency: 0.000471, MultiX: 0.007815, MultiZ: 0.001030
Epoch 211/300: Train Loss = 0.012492, Val Loss = 0.004064, LR = 7.50e-05

预训练:   0%|          | 0/73 [00:00<?, ?it/s]
预训练:   3%|▎         | 2/73 [00:00<00:03, 19.14it/s]
预训练:   7%|▋         | 5/73 [00:00<00:02, 22.93it/s]
预训练:  11%|█         | 8/73 [00:00<00:02, 23.79it/s]
预训练:  15%|█▌        | 11/73 [00:00<00:02, 25.57it/s]
预训练:  19%|█▉        | 14/73 [00:00<00:02, 24.49it/s]
预训练:  23%|██▎       | 17/73 [00:00<00:02, 24.57it/s]
预训练:  27%|██▋       | 20/73 [00:00<00:02, 24.66it/s]
预训练:  32%|███▏      | 23/73 [00:00<00:02, 24.75it/s]
预训练:  36%|███▌      | 26/73 [00:01<00:01, 24.86it/s]
预训练:  40%|███▉      | 29/73 [00:01<00:01, 24.98it/s]
预训练:  44%|████▍     | 32/73 [00:01<00:01, 25.11it/s]
预训练:  48%|████▊     | 35/73 [00:01<00:01, 25.19it/s]
预训练:  52%|█████▏    | 38/73 [00:01<00:01, 25.08it/s]
预训练:  56%|█████▌    | 41/73 [00:01<00:01, 25.19it/s]
预训练:  60%|██████    | 44/73 [00:01<00:01, 25.36it/s]
预训练:  64%|██████▍   | 47/73 [00:01<00:01, 25.85it/s]
预训练:  68%|██████▊   | 50/73 [00:02<00:00, 25.09it/s]
预训练:  73%|███████▎  | 53/73 [00:02<00:00, 25.08it/s]
预训练:  77%|███████▋  | 56/73 [00:02<00:00, 25.11it/s]
预训练:  81%|████████  | 59/73 [00:02<00:00, 25.25it/s]
预训练:  85%|████████▍ | 62/73 [00:02<00:00, 25.36it/s]
预训练:  89%|████████▉ | 65/73 [00:02<00:00, 25.48it/s]
预训练:  93%|█████████▎| 68/73 [00:02<00:00, 24.85it/s]
预训练:  97%|█████████▋| 71/73 [00:02<00:00, 25.10it/s]
预训练: 100%|██████████| 73/73 [00:02<00:00, 25.10it/s]
  [损失分解] Pred: 0.003670, Latent: 0.000547, Consistency: 0.000472, MultiX: 0.007806, MultiZ: 0.001029
Epoch 212/300: Train Loss = 0.012501, Val Loss = 0.004072, LR = 7.50e-05

预训练:   0%|          | 0/73 [00:00<?, ?it/s]
预训练:   3%|▎         | 2/73 [00:00<00:03, 18.04it/s]
预训练:   7%|▋         | 5/73 [00:00<00:02, 23.92it/s]
预训练:  11%|█         | 8/73 [00:00<00:02, 24.78it/s]
预训练:  15%|█▌        | 11/73 [00:00<00:02, 23.92it/s]
预训练:  19%|█▉        | 14/73 [00:00<00:02, 24.47it/s]
预训练:  23%|██▎       | 17/73 [00:00<00:02, 24.88it/s]
预训练:  27%|██▋       | 20/73 [00:00<00:02, 24.77it/s]
预训练:  32%|███▏      | 23/73 [00:00<00:01, 25.25it/s]
预训练:  36%|███▌      | 26/73 [00:01<00:01, 25.48it/s]
预训练:  40%|███▉      | 29/73 [00:01<00:01, 24.92it/s]
预训练:  44%|████▍     | 32/73 [00:01<00:01, 25.74it/s]
预训练:  48%|████▊     | 35/73 [00:01<00:01, 24.80it/s]
预训练:  52%|█████▏    | 38/73 [00:01<00:01, 24.83it/s]
预训练:  56%|█████▌    | 41/73 [00:01<00:01, 25.19it/s]
预训练:  60%|██████    | 44/73 [00:01<00:01, 25.02it/s]
预训练:  64%|██████▍   | 47/73 [00:01<00:01, 25.58it/s]
预训练:  68%|██████▊   | 50/73 [00:02<00:00, 24.95it/s]
预训练:  73%|███████▎  | 53/73 [00:02<00:00, 24.95it/s]
预训练:  77%|███████▋  | 56/73 [00:02<00:00, 25.19it/s]
预训练:  81%|████████  | 59/73 [00:02<00:00, 24.86it/s]
预训练:  85%|████████▍ | 62/73 [00:02<00:00, 24.80it/s]
预训练:  89%|████████▉ | 65/73 [00:02<00:00, 25.70it/s]
预训练:  93%|█████████▎| 68/73 [00:02<00:00, 24.94it/s]
预训练:  97%|█████████▋| 71/73 [00:02<00:00, 25.84it/s]
预训练: 100%|██████████| 73/73 [00:02<00:00, 25.14it/s]
  [损失分解] Pred: 0.003661, Latent: 0.000546, Consistency: 0.000470, MultiX: 0.007833, MultiZ: 0.001030
Epoch 213/300: Train Loss = 0.012516, Val Loss = 0.004012, LR = 7.50e-05

预训练:   0%|          | 0/73 [00:00<?, ?it/s]
预训练:   3%|▎         | 2/73 [00:00<00:04, 17.68it/s]
预训练:   7%|▋         | 5/73 [00:00<00:03, 22.23it/s]
预训练:  11%|█         | 8/73 [00:00<00:02, 23.45it/s]
预训练:  15%|█▌        | 11/73 [00:00<00:02, 24.31it/s]
预训练:  19%|█▉        | 14/73 [00:00<00:02, 24.51it/s]
预训练:  23%|██▎       | 17/73 [00:00<00:02, 24.73it/s]
预训练:  27%|██▋       | 20/73 [00:00<00:02, 24.69it/s]
预训练:  32%|███▏      | 23/73 [00:00<00:02, 24.74it/s]
预训练:  36%|███▌      | 26/73 [00:01<00:01, 24.88it/s]
预训练:  40%|███▉      | 29/73 [00:01<00:01, 25.10it/s]
预训练:  44%|████▍     | 32/73 [00:01<00:01, 25.34it/s]
预训练:  48%|████▊     | 35/73 [00:01<00:01, 24.77it/s]
预训练:  52%|█████▏    | 38/73 [00:01<00:01, 24.65it/s]
预训练:  56%|█████▌    | 41/73 [00:01<00:01, 24.93it/s]
预训练:  60%|██████    | 44/73 [00:01<00:01, 24.82it/s]
预训练:  64%|██████▍   | 47/73 [00:01<00:01, 24.86it/s]
预训练:  68%|██████▊   | 50/73 [00:02<00:00, 25.66it/s]
预训练:  73%|███████▎  | 53/73 [00:02<00:00, 25.68it/s]
预训练:  77%|███████▋  | 56/73 [00:02<00:00, 24.47it/s]
预训练:  81%|████████  | 59/73 [00:02<00:00, 24.62it/s]
预训练:  85%|████████▍ | 62/73 [00:02<00:00, 24.65it/s]
预训练:  89%|████████▉ | 65/73 [00:02<00:00, 24.92it/s]
预训练:  93%|█████████▎| 68/73 [00:02<00:00, 25.17it/s]
预训练:  97%|█████████▋| 71/73 [00:02<00:00, 25.14it/s]
预训练: 100%|██████████| 73/73 [00:02<00:00, 24.80it/s]
  [损失分解] Pred: 0.003667, Latent: 0.000546, Consistency: 0.000471, MultiX: 0.007812, MultiZ: 0.001028
Epoch 214/300: Train Loss = 0.012502, Val Loss = 0.004080, LR = 7.50e-05

预训练:   0%|          | 0/73 [00:00<?, ?it/s]
预训练:   3%|▎         | 2/73 [00:00<00:03, 18.71it/s]
预训练:   7%|▋         | 5/73 [00:00<00:02, 23.79it/s]
预训练:  11%|█         | 8/73 [00:00<00:02, 26.32it/s]
预训练:  18%|█▊        | 13/73 [00:00<00:01, 31.67it/s]
预训练:  23%|██▎       | 17/73 [00:00<00:01, 33.14it/s]
预训练:  29%|██▉       | 21/73 [00:00<00:01, 32.99it/s]
预训练:  34%|███▍      | 25/73 [00:00<00:01, 32.02it/s]
预训练:  40%|███▉      | 29/73 [00:00<00:01, 31.14it/s]
预训练:  45%|████▌     | 33/73 [00:01<00:01, 29.68it/s]
预训练:  49%|████▉     | 36/73 [00:01<00:01, 28.32it/s]
预训练:  53%|█████▎    | 39/73 [00:01<00:01, 27.35it/s]
预训练:  58%|█████▊    | 42/73 [00:01<00:01, 27.31it/s]
预训练:  62%|██████▏   | 45/73 [00:01<00:01, 26.09it/s]
预训练:  66%|██████▌   | 48/73 [00:01<00:00, 25.91it/s]
预训练:  70%|██████▉   | 51/73 [00:01<00:00, 26.00it/s]
预训练:  74%|███████▍  | 54/73 [00:01<00:00, 25.51it/s]
预训练:  78%|███████▊  | 57/73 [00:02<00:00, 25.26it/s]
预训练:  82%|████████▏ | 60/73 [00:02<00:00, 25.19it/s]
预训练:  86%|████████▋ | 63/73 [00:02<00:00, 25.15it/s]
预训练:  90%|█████████ | 66/73 [00:02<00:00, 25.87it/s]
预训练:  95%|█████████▍| 69/73 [00:02<00:00, 24.83it/s]
预训练:  99%|█████████▊| 72/73 [00:02<00:00, 24.97it/s]
预训练: 100%|██████████| 73/73 [00:02<00:00, 27.20it/s]
  [损失分解] Pred: 0.003656, Latent: 0.000546, Consistency: 0.000470, MultiX: 0.007824, MultiZ: 0.001029
Epoch 215/300: Train Loss = 0.012502, Val Loss = 0.004065, LR = 7.50e-05

预训练:   0%|          | 0/73 [00:00<?, ?it/s]
预训练:   3%|▎         | 2/73 [00:00<00:04, 14.51it/s]
预训练:   7%|▋         | 5/73 [00:00<00:03, 20.22it/s]
预训练:  11%|█         | 8/73 [00:00<00:02, 22.34it/s]
预训练:  15%|█▌        | 11/73 [00:00<00:02, 24.54it/s]
预训练:  19%|█▉        | 14/73 [00:00<00:02, 23.54it/s]
预训练:  23%|██▎       | 17/73 [00:00<00:02, 23.85it/s]
预训练:  27%|██▋       | 20/73 [00:00<00:02, 24.28it/s]
预训练:  32%|███▏      | 23/73 [00:00<00:02, 24.61it/s]
预训练:  36%|███▌      | 26/73 [00:01<00:01, 24.75it/s]
预训练:  40%|███▉      | 29/73 [00:01<00:01, 24.98it/s]
预训练:  44%|████▍     | 32/73 [00:01<00:01, 25.16it/s]
预训练:  48%|████▊     | 35/73 [00:01<00:01, 25.35it/s]
预训练:  52%|█████▏    | 38/73 [00:01<00:01, 25.12it/s]
预训练:  56%|█████▌    | 41/73 [00:01<00:01, 25.66it/s]
预训练:  60%|██████    | 44/73 [00:01<00:01, 24.93it/s]
预训练:  64%|██████▍   | 47/73 [00:01<00:01, 25.14it/s]
预训练:  68%|██████▊   | 50/73 [00:02<00:00, 24.76it/s]
预训练:  73%|███████▎  | 53/73 [00:02<00:00, 24.89it/s]
预训练:  77%|███████▋  | 56/73 [00:02<00:00, 25.43it/s]
预训练:  81%|████████  | 59/73 [00:02<00:00, 24.45it/s]
预训练:  85%|████████▍ | 62/73 [00:02<00:00, 24.56it/s]
预训练:  89%|████████▉ | 65/73 [00:02<00:00, 24.72it/s]
预训练:  93%|█████████▎| 68/73 [00:02<00:00, 24.97it/s]
预训练:  97%|█████████▋| 71/73 [00:02<00:00, 25.05it/s]
预训练: 100%|██████████| 73/73 [00:02<00:00, 24.71it/s]
  [损失分解] Pred: 0.003668, Latent: 0.000544, Consistency: 0.000469, MultiX: 0.007813, MultiZ: 0.001026
Epoch 216/300: Train Loss = 0.012500, Val Loss = 0.004027, LR = 7.50e-05

预训练:   0%|          | 0/73 [00:00<?, ?it/s]
预训练:   3%|▎         | 2/73 [00:00<00:03, 19.05it/s]
预训练:   7%|▋         | 5/73 [00:00<00:02, 22.87it/s]
预训练:  11%|█         | 8/73 [00:00<00:02, 25.16it/s]
预训练:  15%|█▌        | 11/73 [00:00<00:02, 24.12it/s]
预训练:  19%|█▉        | 14/73 [00:00<00:02, 24.59it/s]
预训练:  23%|██▎       | 17/73 [00:00<00:02, 24.82it/s]
预训练:  27%|██▋       | 20/73 [00:00<00:02, 25.20it/s]
预训练:  32%|███▏      | 23/73 [00:00<00:01, 25.34it/s]
预训练:  36%|███▌      | 26/73 [00:01<00:01, 25.01it/s]
预训练:  40%|███▉      | 29/73 [00:01<00:01, 24.97it/s]
预训练:  44%|████▍     | 32/73 [00:01<00:01, 25.09it/s]
预训练:  48%|████▊     | 35/73 [00:01<00:01, 25.02it/s]
预训练:  52%|█████▏    | 38/73 [00:01<00:01, 25.17it/s]
预训练:  56%|█████▌    | 41/73 [00:01<00:01, 25.01it/s]
预训练:  60%|██████    | 44/73 [00:01<00:01, 25.53it/s]
预训练:  64%|██████▍   | 47/73 [00:01<00:01, 24.76it/s]
预训练:  68%|██████▊   | 50/73 [00:02<00:00, 24.98it/s]
预训练:  73%|███████▎  | 53/73 [00:02<00:00, 25.02it/s]
预训练:  77%|███████▋  | 56/73 [00:02<00:00, 24.99it/s]
预训练:  81%|████████  | 59/73 [00:02<00:00, 25.37it/s]
预训练:  85%|████████▍ | 62/73 [00:02<00:00, 24.70it/s]
预训练:  89%|████████▉ | 65/73 [00:02<00:00, 24.90it/s]
预训练:  93%|█████████▎| 68/73 [00:02<00:00, 26.06it/s]
预训练:  97%|█████████▋| 71/73 [00:02<00:00, 24.91it/s]
预训练: 100%|██████████| 73/73 [00:02<00:00, 25.01it/s]
  [损失分解] Pred: 0.003651, Latent: 0.000541, Consistency: 0.000467, MultiX: 0.007796, MultiZ: 0.001023
Epoch 217/300: Train Loss = 0.012463, Val Loss = 0.004055, LR = 7.50e-05

预训练:   0%|          | 0/73 [00:00<?, ?it/s]
预训练:   3%|▎         | 2/73 [00:00<00:03, 19.08it/s]
预训练:   7%|▋         | 5/73 [00:00<00:02, 23.32it/s]
预训练:  11%|█         | 8/73 [00:00<00:02, 22.92it/s]
预训练:  15%|█▌        | 11/73 [00:00<00:02, 23.86it/s]
预训练:  19%|█▉        | 14/73 [00:00<00:02, 24.65it/s]
预训练:  23%|██▎       | 17/73 [00:00<00:02, 24.32it/s]
预训练:  27%|██▋       | 20/73 [00:00<00:02, 24.62it/s]
预训练:  32%|███▏      | 23/73 [00:00<00:02, 24.92it/s]
预训练:  36%|███▌      | 26/73 [00:01<00:01, 24.79it/s]
预训练:  40%|███▉      | 29/73 [00:01<00:01, 24.66it/s]
预训练:  44%|████▍     | 32/73 [00:01<00:01, 24.78it/s]
预训练:  48%|████▊     | 35/73 [00:01<00:01, 25.70it/s]
预训练:  52%|█████▏    | 38/73 [00:01<00:01, 24.92it/s]
预训练:  56%|█████▌    | 41/73 [00:01<00:01, 25.01it/s]
预训练:  60%|██████    | 44/73 [00:01<00:01, 25.04it/s]
预训练:  64%|██████▍   | 47/73 [00:01<00:01, 25.09it/s]
预训练:  68%|██████▊   | 50/73 [00:02<00:00, 24.92it/s]
预训练:  73%|███████▎  | 53/73 [00:02<00:00, 25.07it/s]
预训练:  77%|███████▋  | 56/73 [00:02<00:00, 25.12it/s]
预训练:  81%|████████  | 59/73 [00:02<00:00, 25.95it/s]
预训练:  85%|████████▍ | 62/73 [00:02<00:00, 24.91it/s]
预训练:  89%|████████▉ | 65/73 [00:02<00:00, 25.15it/s]
预训练:  93%|█████████▎| 68/73 [00:02<00:00, 25.20it/s]
预训练:  97%|█████████▋| 71/73 [00:02<00:00, 25.39it/s]
预训练: 100%|██████████| 73/73 [00:02<00:00, 24.87it/s]
  [损失分解] Pred: 0.003639, Latent: 0.000541, Consistency: 0.000467, MultiX: 0.007751, MultiZ: 0.001020
Epoch 218/300: Train Loss = 0.012404, Val Loss = 0.004042, LR = 7.50e-05

预训练:   0%|          | 0/73 [00:00<?, ?it/s]
预训练:   3%|▎         | 2/73 [00:00<00:03, 18.37it/s]
预训练:   7%|▋         | 5/73 [00:00<00:03, 22.43it/s]
预训练:  11%|█         | 8/73 [00:00<00:02, 24.48it/s]
预训练:  15%|█▌        | 11/73 [00:00<00:02, 24.49it/s]
预训练:  19%|█▉        | 14/73 [00:00<00:02, 25.59it/s]
预训练:  23%|██▎       | 17/73 [00:00<00:02, 24.67it/s]
预训练:  27%|██▋       | 20/73 [00:00<00:02, 24.75it/s]
预训练:  32%|███▏      | 23/73 [00:00<00:02, 24.69it/s]
预训练:  36%|███▌      | 26/73 [00:01<00:01, 24.85it/s]
预训练:  40%|███▉      | 29/73 [00:01<00:01, 24.92it/s]
预训练:  44%|████▍     | 32/73 [00:01<00:01, 25.00it/s]
预训练:  48%|████▊     | 35/73 [00:01<00:01, 25.16it/s]
预训练:  52%|█████▏    | 38/73 [00:01<00:01, 25.18it/s]
预训练:  56%|█████▌    | 41/73 [00:01<00:01, 26.24it/s]
预训练:  60%|██████    | 44/73 [00:01<00:01, 24.87it/s]
预训练:  64%|██████▍   | 47/73 [00:01<00:01, 25.06it/s]
预训练:  68%|██████▊   | 50/73 [00:02<00:00, 25.35it/s]
预训练:  73%|███████▎  | 53/73 [00:02<00:00, 25.08it/s]
预训练:  77%|███████▋  | 56/73 [00:02<00:00, 25.66it/s]
预训练:  81%|████████  | 59/73 [00:02<00:00, 24.61it/s]
预训练:  85%|████████▍ | 62/73 [00:02<00:00, 24.88it/s]
预训练:  89%|████████▉ | 65/73 [00:02<00:00, 25.15it/s]
预训练:  93%|█████████▎| 68/73 [00:02<00:00, 25.02it/s]
预训练:  97%|█████████▋| 71/73 [00:02<00:00, 25.08it/s]
预训练: 100%|██████████| 73/73 [00:02<00:00, 25.09it/s]
  [损失分解] Pred: 0.003645, Latent: 0.000541, Consistency: 0.000467, MultiX: 0.007772, MultiZ: 0.001021
Epoch 219/300: Train Loss = 0.012432, Val Loss = 0.004051, LR = 7.50e-05

预训练:   0%|          | 0/73 [00:00<?, ?it/s]
预训练:   3%|▎         | 2/73 [00:00<00:03, 19.39it/s]
预训练:   7%|▋         | 5/73 [00:00<00:02, 23.35it/s]
预训练:  11%|█         | 8/73 [00:00<00:02, 23.48it/s]
预训练:  15%|█▌        | 11/73 [00:00<00:02, 24.18it/s]
预训练:  19%|█▉        | 14/73 [00:00<00:02, 24.41it/s]
预训练:  23%|██▎       | 17/73 [00:00<00:02, 24.75it/s]
预训练:  27%|██▋       | 20/73 [00:00<00:02, 25.04it/s]
预训练:  32%|███▏      | 23/73 [00:00<00:01, 25.27it/s]
预训练:  36%|███▌      | 26/73 [00:01<00:01, 25.36it/s]
预训练:  40%|███▉      | 29/73 [00:01<00:01, 24.64it/s]
预训练:  44%|████▍     | 32/73 [00:01<00:01, 24.80it/s]
预训练:  48%|████▊     | 35/73 [00:01<00:01, 24.70it/s]
预训练:  52%|█████▏    | 38/73 [00:01<00:01, 25.89it/s]
预训练:  56%|█████▌    | 41/73 [00:01<00:01, 24.57it/s]
预训练:  60%|██████    | 44/73 [00:01<00:01, 25.67it/s]
预训练:  64%|██████▍   | 47/73 [00:01<00:01, 25.19it/s]
预训练:  68%|██████▊   | 50/73 [00:02<00:00, 24.65it/s]
预训练:  73%|███████▎  | 53/73 [00:02<00:00, 24.81it/s]
预训练:  77%|███████▋  | 56/73 [00:02<00:00, 24.83it/s]
预训练:  81%|████████  | 59/73 [00:02<00:00, 24.92it/s]
预训练:  85%|████████▍ | 62/73 [00:02<00:00, 25.08it/s]
预训练:  89%|████████▉ | 65/73 [00:02<00:00, 25.76it/s]
预训练:  93%|█████████▎| 68/73 [00:02<00:00, 24.85it/s]
预训练:  97%|█████████▋| 71/73 [00:02<00:00, 25.14it/s]
预训练: 100%|██████████| 73/73 [00:02<00:00, 24.96it/s]
  [损失分解] Pred: 0.003659, Latent: 0.000542, Consistency: 0.000468, MultiX: 0.007753, MultiZ: 0.001019
Epoch 220/300: Train Loss = 0.012427, Val Loss = 0.004136, LR = 7.50e-05

预训练:   0%|          | 0/73 [00:00<?, ?it/s]
预训练:   1%|▏         | 1/73 [00:00<00:07,  9.89it/s]
预训练:   5%|▌         | 4/73 [00:00<00:03, 19.89it/s]
预训练:  10%|▉         | 7/73 [00:00<00:02, 22.22it/s]
预训练:  14%|█▎        | 10/73 [00:00<00:02, 23.99it/s]
预训练:  18%|█▊        | 13/73 [00:00<00:02, 23.99it/s]
预训练:  22%|██▏       | 16/73 [00:00<00:02, 25.18it/s]
预训练:  26%|██▌       | 19/73 [00:00<00:02, 24.23it/s]
预训练:  30%|███       | 22/73 [00:00<00:02, 24.53it/s]
预训练:  34%|███▍      | 25/73 [00:01<00:01, 25.00it/s]
预训练:  38%|███▊      | 28/73 [00:01<00:01, 24.65it/s]
预训练:  42%|████▏     | 31/73 [00:01<00:01, 25.53it/s]
预训练:  47%|████▋     | 34/73 [00:01<00:01, 25.63it/s]
预训练:  51%|█████     | 37/73 [00:01<00:01, 24.60it/s]
预训练:  55%|█████▍    | 40/73 [00:01<00:01, 24.57it/s]
预训练:  59%|█████▉    | 43/73 [00:01<00:01, 24.83it/s]
预训练:  63%|██████▎   | 46/73 [00:01<00:01, 25.05it/s]
预训练:  67%|██████▋   | 49/73 [00:02<00:00, 24.94it/s]
预训练:  71%|███████   | 52/73 [00:02<00:00, 24.67it/s]
预训练:  75%|███████▌  | 55/73 [00:02<00:00, 25.12it/s]
预训练:  79%|███████▉  | 58/73 [00:02<00:00, 25.28it/s]
预训练:  84%|████████▎ | 61/73 [00:02<00:00, 25.47it/s]
预训练:  88%|████████▊ | 64/73 [00:02<00:00, 24.66it/s]
预训练:  92%|█████████▏| 67/73 [00:02<00:00, 24.81it/s]
预训练:  96%|█████████▌| 70/73 [00:02<00:00, 24.77it/s]
预训练: 100%|██████████| 73/73 [00:02<00:00, 25.48it/s]
预训练: 100%|██████████| 73/73 [00:02<00:00, 24.62it/s]
  [损失分解] Pred: 0.003632, Latent: 0.000538, Consistency: 0.000464, MultiX: 0.007761, MultiZ: 0.001017
Epoch 221/300: Train Loss = 0.012403, Val Loss = 0.004108, LR = 7.50e-05

预训练:   0%|          | 0/73 [00:00<?, ?it/s]
预训练:   3%|▎         | 2/73 [00:00<00:04, 17.62it/s]
预训练:   7%|▋         | 5/73 [00:00<00:02, 23.64it/s]
预训练:  11%|█         | 8/73 [00:00<00:02, 24.50it/s]
预训练:  15%|█▌        | 11/73 [00:00<00:02, 24.97it/s]
预训练:  19%|█▉        | 14/73 [00:00<00:02, 23.64it/s]
预训练:  23%|██▎       | 17/73 [00:00<00:02, 24.25it/s]
预训练:  27%|██▋       | 20/73 [00:00<00:02, 24.36it/s]
预训练:  32%|███▏      | 23/73 [00:00<00:02, 24.71it/s]
预训练:  36%|███▌      | 26/73 [00:01<00:01, 25.01it/s]
预训练:  40%|███▉      | 29/73 [00:01<00:01, 25.04it/s]
预训练:  44%|████▍     | 32/73 [00:01<00:01, 24.92it/s]
预训练:  48%|████▊     | 35/73 [00:01<00:01, 25.34it/s]
预训练:  52%|█████▏    | 38/73 [00:01<00:01, 24.94it/s]
预训练:  56%|█████▌    | 41/73 [00:01<00:01, 25.08it/s]
预训练:  60%|██████    | 44/73 [00:01<00:01, 25.83it/s]
预训练:  64%|██████▍   | 47/73 [00:01<00:01, 24.84it/s]
预训练:  68%|██████▊   | 50/73 [00:02<00:00, 24.99it/s]
预训练:  73%|███████▎  | 53/73 [00:02<00:00, 24.82it/s]
预训练:  77%|███████▋  | 56/73 [00:02<00:00, 25.02it/s]
预训练:  81%|████████  | 59/73 [00:02<00:00, 24.96it/s]
预训练:  85%|████████▍ | 62/73 [00:02<00:00, 25.23it/s]
预训练:  89%|████████▉ | 65/73 [00:02<00:00, 25.27it/s]
预训练:  93%|█████████▎| 68/73 [00:02<00:00, 25.42it/s]
预训练:  97%|█████████▋| 71/73 [00:02<00:00, 25.37it/s]
预训练: 100%|██████████| 73/73 [00:02<00:00, 25.10it/s]
  [损失分解] Pred: 0.003666, Latent: 0.000542, Consistency: 0.000468, MultiX: 0.007739, MultiZ: 0.001016
Epoch 222/300: Train Loss = 0.012418, Val Loss = 0.004056, LR = 7.50e-05

预训练:   0%|          | 0/73 [00:00<?, ?it/s]
预训练:   3%|▎         | 2/73 [00:00<00:03, 18.87it/s]
预训练:   7%|▋         | 5/73 [00:00<00:02, 22.92it/s]
预训练:  11%|█         | 8/73 [00:00<00:02, 23.99it/s]
预训练:  15%|█▌        | 11/73 [00:00<00:02, 25.96it/s]
预训练:  19%|█▉        | 14/73 [00:00<00:02, 24.60it/s]
预训练:  23%|██▎       | 17/73 [00:00<00:02, 24.95it/s]
预训练:  27%|██▋       | 20/73 [00:00<00:02, 25.00it/s]
预训练:  32%|███▏      | 23/73 [00:00<00:01, 25.00it/s]
预训练:  36%|███▌      | 26/73 [00:01<00:01, 24.94it/s]
预训练:  40%|███▉      | 29/73 [00:01<00:01, 25.81it/s]
预训练:  44%|████▍     | 32/73 [00:01<00:01, 25.81it/s]
预训练:  48%|████▊     | 35/73 [00:01<00:01, 24.86it/s]
预训练:  52%|█████▏    | 38/73 [00:01<00:01, 25.04it/s]
预训练:  56%|█████▌    | 41/73 [00:01<00:01, 25.13it/s]
预训练:  60%|██████    | 44/73 [00:01<00:01, 25.24it/s]
预训练:  64%|██████▍   | 47/73 [00:01<00:01, 25.05it/s]
预训练:  68%|██████▊   | 50/73 [00:02<00:00, 24.97it/s]
预训练:  73%|███████▎  | 53/73 [00:02<00:00, 25.12it/s]
预训练:  77%|███████▋  | 56/73 [00:02<00:00, 25.04it/s]
预训练:  81%|████████  | 59/73 [00:02<00:00, 24.92it/s]
预训练:  85%|████████▍ | 62/73 [00:02<00:00, 25.03it/s]
预训练:  89%|████████▉ | 65/73 [00:02<00:00, 25.54it/s]
预训练:  93%|█████████▎| 68/73 [00:02<00:00, 25.58it/s]
预训练:  97%|█████████▋| 71/73 [00:02<00:00, 24.80it/s]
预训练: 100%|██████████| 73/73 [00:02<00:00, 25.08it/s]
  [损失分解] Pred: 0.003651, Latent: 0.000540, Consistency: 0.000466, MultiX: 0.007791, MultiZ: 0.001020
Epoch 223/300: Train Loss = 0.012455, Val Loss = 0.004109, LR = 7.50e-05

预训练:   0%|          | 0/73 [00:00<?, ?it/s]
预训练:   3%|▎         | 2/73 [00:00<00:04, 17.15it/s]
预训练:   7%|▋         | 5/73 [00:00<00:03, 21.93it/s]
预训练:  11%|█         | 8/73 [00:00<00:02, 23.56it/s]
预训练:  18%|█▊        | 13/73 [00:00<00:01, 30.30it/s]
预训练:  23%|██▎       | 17/73 [00:00<00:01, 33.13it/s]
预训练:  29%|██▉       | 21/73 [00:00<00:01, 33.74it/s]
预训练:  34%|███▍      | 25/73 [00:00<00:01, 33.78it/s]
预训练:  40%|███▉      | 29/73 [00:00<00:01, 33.50it/s]
预训练:  45%|████▌     | 33/73 [00:01<00:01, 34.62it/s]
预训练:  52%|█████▏    | 38/73 [00:01<00:00, 36.45it/s]
预训练:  58%|█████▊    | 42/73 [00:01<00:00, 35.87it/s]
预训练:  63%|██████▎   | 46/73 [00:01<00:00, 34.86it/s]
预训练:  68%|██████▊   | 50/73 [00:01<00:00, 34.94it/s]
预训练:  74%|███████▍  | 54/73 [00:01<00:00, 31.96it/s]
预训练:  79%|███████▉  | 58/73 [00:01<00:00, 30.37it/s]
预训练:  85%|████████▍ | 62/73 [00:01<00:00, 29.04it/s]
预训练:  89%|████████▉ | 65/73 [00:02<00:00, 28.07it/s]
预训练:  93%|█████████▎| 68/73 [00:02<00:00, 27.21it/s]
预训练:  97%|█████████▋| 71/73 [00:02<00:00, 26.68it/s]
预训练: 100%|██████████| 73/73 [00:02<00:00, 30.49it/s]
  [损失分解] Pred: 0.003659, Latent: 0.000539, Consistency: 0.000467, MultiX: 0.007748, MultiZ: 0.001015
  >>> 学习率降低: 7.50e-05 -> 3.75e-05
Epoch 224/300: Train Loss = 0.012418, Val Loss = 0.004052, LR = 3.75e-05

预训练:   0%|          | 0/73 [00:00<?, ?it/s]
预训练:   3%|▎         | 2/73 [00:00<00:04, 17.10it/s]
预训练:   7%|▋         | 5/73 [00:00<00:03, 21.50it/s]
预训练:  11%|█         | 8/73 [00:00<00:02, 23.95it/s]
预训练:  15%|█▌        | 11/73 [00:00<00:02, 23.41it/s]
预训练:  19%|█▉        | 14/73 [00:00<00:02, 24.10it/s]
预训练:  23%|██▎       | 17/73 [00:00<00:02, 24.64it/s]
预训练:  27%|██▋       | 20/73 [00:00<00:02, 24.64it/s]
预训练:  32%|███▏      | 23/73 [00:00<00:01, 25.36it/s]
预训练:  36%|███▌      | 26/73 [00:01<00:01, 25.39it/s]
预训练:  40%|███▉      | 29/73 [00:01<00:01, 25.49it/s]
预训练:  44%|████▍     | 32/73 [00:01<00:01, 25.53it/s]
预训练:  48%|████▊     | 35/73 [00:01<00:01, 24.89it/s]
预训练:  52%|█████▏    | 38/73 [00:01<00:01, 24.90it/s]
预训练:  56%|█████▌    | 41/73 [00:01<00:01, 24.77it/s]
预训练:  60%|██████    | 44/73 [00:01<00:01, 25.27it/s]
预训练:  64%|██████▍   | 47/73 [00:01<00:01, 24.84it/s]
预训练:  68%|██████▊   | 50/73 [00:02<00:00, 25.68it/s]
预训练:  73%|███████▎  | 53/73 [00:02<00:00, 24.44it/s]
预训练:  77%|███████▋  | 56/73 [00:02<00:00, 24.61it/s]
预训练:  81%|████████  | 59/73 [00:02<00:00, 24.62it/s]
预训练:  85%|████████▍ | 62/73 [00:02<00:00, 24.68it/s]
预训练:  89%|████████▉ | 65/73 [00:02<00:00, 24.70it/s]
预训练:  93%|█████████▎| 68/73 [00:02<00:00, 25.15it/s]
预训练:  97%|█████████▋| 71/73 [00:02<00:00, 25.40it/s]
预训练: 100%|██████████| 73/73 [00:02<00:00, 24.80it/s]
  [损失分解] Pred: 0.003611, Latent: 0.000536, Consistency: 0.000462, MultiX: 0.007657, MultiZ: 0.001007
Epoch 225/300: Train Loss = 0.012271, Val Loss = 0.004032, LR = 3.75e-05

预训练:   0%|          | 0/73 [00:00<?, ?it/s]
预训练:   3%|▎         | 2/73 [00:00<00:04, 17.04it/s]
预训练:   7%|▋         | 5/73 [00:00<00:03, 20.85it/s]
预训练:  11%|█         | 8/73 [00:00<00:02, 22.83it/s]
预训练:  15%|█▌        | 11/73 [00:00<00:02, 23.42it/s]
预训练:  19%|█▉        | 14/73 [00:00<00:02, 23.76it/s]
预训练:  23%|██▎       | 17/73 [00:00<00:02, 24.01it/s]
预训练:  27%|██▋       | 20/73 [00:00<00:02, 24.23it/s]
预训练:  32%|███▏      | 23/73 [00:00<00:02, 24.49it/s]
预训练:  36%|███▌      | 26/73 [00:01<00:01, 24.66it/s]
预训练:  40%|███▉      | 29/73 [00:01<00:01, 24.70it/s]
预训练:  44%|████▍     | 32/73 [00:01<00:01, 24.87it/s]
预训练:  48%|████▊     | 35/73 [00:01<00:01, 25.14it/s]
预训练:  52%|█████▏    | 38/73 [00:01<00:01, 24.85it/s]
预训练:  56%|█████▌    | 41/73 [00:01<00:01, 24.63it/s]
预训练:  60%|██████    | 44/73 [00:01<00:01, 25.05it/s]
预训练:  64%|██████▍   | 47/73 [00:01<00:01, 24.81it/s]
预训练:  68%|██████▊   | 50/73 [00:02<00:00, 24.92it/s]
预训练:  73%|███████▎  | 53/73 [00:02<00:00, 25.47it/s]
预训练:  77%|███████▋  | 56/73 [00:02<00:00, 25.51it/s]
预训练:  81%|████████  | 59/73 [00:02<00:00, 24.54it/s]
预训练:  85%|████████▍ | 62/73 [00:02<00:00, 24.54it/s]
预训练:  89%|████████▉ | 65/73 [00:02<00:00, 25.23it/s]
预训练:  93%|█████████▎| 68/73 [00:02<00:00, 24.79it/s]
预训练:  97%|█████████▋| 71/73 [00:02<00:00, 25.60it/s]
预训练: 100%|██████████| 73/73 [00:02<00:00, 24.61it/s]
  [损失分解] Pred: 0.003607, Latent: 0.000535, Consistency: 0.000462, MultiX: 0.007611, MultiZ: 0.001002
Epoch 226/300: Train Loss = 0.012218, Val Loss = 0.004027, LR = 3.75e-05

预训练:   0%|          | 0/73 [00:00<?, ?it/s]
预训练:   3%|▎         | 2/73 [00:00<00:03, 18.94it/s]
预训练:   7%|▋         | 5/73 [00:00<00:02, 22.93it/s]
预训练:  11%|█         | 8/73 [00:00<00:02, 24.00it/s]
预训练:  15%|█▌        | 11/73 [00:00<00:02, 24.28it/s]
预训练:  19%|█▉        | 14/73 [00:00<00:02, 25.03it/s]
预训练:  23%|██▎       | 17/73 [00:00<00:02, 25.23it/s]
预训练:  27%|██▋       | 20/73 [00:00<00:02, 25.44it/s]
预训练:  32%|███▏      | 23/73 [00:00<00:02, 24.30it/s]
预训练:  36%|███▌      | 26/73 [00:01<00:01, 24.46it/s]
预训练:  40%|███▉      | 29/73 [00:01<00:01, 24.77it/s]
预训练:  44%|████▍     | 32/73 [00:01<00:01, 24.97it/s]
预训练:  48%|████▊     | 35/73 [00:01<00:01, 25.74it/s]
预训练:  52%|█████▏    | 38/73 [00:01<00:01, 25.63it/s]
预训练:  56%|█████▌    | 41/73 [00:01<00:01, 24.43it/s]
预训练:  60%|██████    | 44/73 [00:01<00:01, 24.64it/s]
预训练:  64%|██████▍   | 47/73 [00:01<00:01, 24.96it/s]
预训练:  68%|██████▊   | 50/73 [00:02<00:00, 25.46it/s]
预训练:  73%|███████▎  | 53/73 [00:02<00:00, 24.87it/s]
预训练:  77%|███████▋  | 56/73 [00:02<00:00, 24.92it/s]
预训练:  81%|████████  | 59/73 [00:02<00:00, 24.74it/s]
预训练:  85%|████████▍ | 62/73 [00:02<00:00, 24.83it/s]
预训练:  89%|████████▉ | 65/73 [00:02<00:00, 24.99it/s]
预训练:  93%|█████████▎| 68/73 [00:02<00:00, 25.81it/s]
预训练:  97%|█████████▋| 71/73 [00:02<00:00, 25.70it/s]
预训练: 100%|██████████| 73/73 [00:02<00:00, 24.91it/s]
  [损失分解] Pred: 0.003603, Latent: 0.000534, Consistency: 0.000461, MultiX: 0.007631, MultiZ: 0.001004
Epoch 227/300: Train Loss = 0.012233, Val Loss = 0.004031, LR = 3.75e-05

预训练:   0%|          | 0/73 [00:00<?, ?it/s]
预训练:   3%|▎         | 2/73 [00:00<00:04, 17.32it/s]
预训练:   7%|▋         | 5/73 [00:00<00:03, 21.80it/s]
预训练:  11%|█         | 8/73 [00:00<00:02, 23.39it/s]
预训练:  15%|█▌        | 11/73 [00:00<00:02, 24.10it/s]
预训练:  19%|█▉        | 14/73 [00:00<00:02, 24.45it/s]
预训练:  23%|██▎       | 17/73 [00:00<00:02, 24.60it/s]
预训练:  27%|██▋       | 20/73 [00:00<00:02, 24.71it/s]
预训练:  32%|███▏      | 23/73 [00:00<00:02, 24.65it/s]
预训练:  36%|███▌      | 26/73 [00:01<00:01, 25.34it/s]
预训练:  40%|███▉      | 29/73 [00:01<00:01, 24.78it/s]
预训练:  44%|████▍     | 32/73 [00:01<00:01, 24.86it/s]
预训练:  48%|████▊     | 35/73 [00:01<00:01, 24.91it/s]
预训练:  52%|█████▏    | 38/73 [00:01<00:01, 25.23it/s]
预训练:  56%|█████▌    | 41/73 [00:01<00:01, 25.25it/s]
预训练:  60%|██████    | 44/73 [00:01<00:01, 25.40it/s]
预训练:  64%|██████▍   | 47/73 [00:01<00:01, 25.51it/s]
预训练:  68%|██████▊   | 50/73 [00:02<00:00, 24.26it/s]
预训练:  73%|███████▎  | 53/73 [00:02<00:00, 24.62it/s]
预训练:  77%|███████▋  | 56/73 [00:02<00:00, 24.55it/s]
预训练:  81%|████████  | 59/73 [00:02<00:00, 24.56it/s]
预训练:  88%|████████▊ | 64/73 [00:02<00:00, 29.86it/s]
预训练:  93%|█████████▎| 68/73 [00:02<00:00, 32.47it/s]
预训练:  99%|█████████▊| 72/73 [00:02<00:00, 32.56it/s]
预训练: 100%|██████████| 73/73 [00:02<00:00, 26.41it/s]
  [损失分解] Pred: 0.003589, Latent: 0.000532, Consistency: 0.000460, MultiX: 0.007624, MultiZ: 0.001002
Epoch 228/300: Train Loss = 0.012209, Val Loss = 0.004033, LR = 3.75e-05

预训练:   0%|          | 0/73 [00:00<?, ?it/s]
预训练:   4%|▍         | 3/73 [00:00<00:03, 21.83it/s]
预训练:   8%|▊         | 6/73 [00:00<00:02, 24.79it/s]
预训练:  12%|█▏        | 9/73 [00:00<00:02, 23.79it/s]
预训练:  16%|█▋        | 12/73 [00:00<00:02, 24.28it/s]
预训练:  21%|██        | 15/73 [00:00<00:02, 24.47it/s]
预训练:  25%|██▍       | 18/73 [00:00<00:02, 24.82it/s]
预训练:  29%|██▉       | 21/73 [00:00<00:02, 25.82it/s]
预训练:  33%|███▎      | 24/73 [00:00<00:01, 25.50it/s]
预训练:  37%|███▋      | 27/73 [00:01<00:01, 24.81it/s]
预训练:  41%|████      | 30/73 [00:01<00:01, 25.79it/s]
预训练:  45%|████▌     | 33/73 [00:01<00:01, 24.65it/s]
预训练:  49%|████▉     | 36/73 [00:01<00:01, 24.70it/s]
预训练:  53%|█████▎    | 39/73 [00:01<00:01, 24.55it/s]
预训练:  58%|█████▊    | 42/73 [00:01<00:01, 24.62it/s]
预训练:  62%|██████▏   | 45/73 [00:01<00:01, 24.89it/s]
预训练:  66%|██████▌   | 48/73 [00:01<00:01, 24.61it/s]
预训练:  70%|██████▉   | 51/73 [00:02<00:00, 25.50it/s]
预训练:  74%|███████▍  | 54/73 [00:02<00:00, 24.90it/s]
预训练:  78%|███████▊  | 57/73 [00:02<00:00, 24.63it/s]
预训练:  82%|████████▏ | 60/73 [00:02<00:00, 24.76it/s]
预训练:  86%|████████▋ | 63/73 [00:02<00:00, 24.80it/s]
预训练:  90%|█████████ | 66/73 [00:02<00:00, 24.87it/s]
预训练:  95%|█████████▍| 69/73 [00:02<00:00, 24.83it/s]
预训练:  99%|█████████▊| 72/73 [00:02<00:00, 24.75it/s]
预训练: 100%|██████████| 73/73 [00:02<00:00, 24.89it/s]
  [损失分解] Pred: 0.003602, Latent: 0.000535, Consistency: 0.000461, MultiX: 0.007613, MultiZ: 0.001002
Epoch 229/300: Train Loss = 0.012215, Val Loss = 0.004024, LR = 3.75e-05

预训练:   0%|          | 0/73 [00:00<?, ?it/s]
预训练:   4%|▍         | 3/73 [00:00<00:03, 20.69it/s]
预训练:   8%|▊         | 6/73 [00:00<00:02, 23.98it/s]
预训练:  12%|█▏        | 9/73 [00:00<00:02, 24.69it/s]
预训练:  16%|█▋        | 12/73 [00:00<00:02, 23.87it/s]
预训练:  21%|██        | 15/73 [00:00<00:02, 24.20it/s]
预训练:  25%|██▍       | 18/73 [00:00<00:02, 24.57it/s]
预训练:  29%|██▉       | 21/73 [00:00<00:02, 24.84it/s]
预训练:  33%|███▎      | 24/73 [00:00<00:01, 25.48it/s]
预训练:  37%|███▋      | 27/73 [00:01<00:01, 24.39it/s]
预训练:  41%|████      | 30/73 [00:01<00:01, 24.58it/s]
预训练:  45%|████▌     | 33/73 [00:01<00:01, 24.59it/s]
预训练:  49%|████▉     | 36/73 [00:01<00:01, 24.67it/s]
预训练:  53%|█████▎    | 39/73 [00:01<00:01, 24.79it/s]
预训练:  58%|█████▊    | 42/73 [00:01<00:01, 25.05it/s]
预训练:  62%|██████▏   | 45/73 [00:01<00:01, 25.24it/s]
预训练:  66%|██████▌   | 48/73 [00:01<00:01, 24.36it/s]
预训练:  70%|██████▉   | 51/73 [00:02<00:00, 24.54it/s]
预训练:  74%|███████▍  | 54/73 [00:02<00:00, 24.70it/s]
预训练:  78%|███████▊  | 57/73 [00:02<00:00, 24.79it/s]
预训练:  82%|████████▏ | 60/73 [00:02<00:00, 25.72it/s]
预训练:  86%|████████▋ | 63/73 [00:02<00:00, 25.61it/s]
预训练:  90%|█████████ | 66/73 [00:02<00:00, 24.36it/s]
预训练:  95%|█████████▍| 69/73 [00:02<00:00, 25.02it/s]
预训练:  99%|█████████▊| 72/73 [00:02<00:00, 24.58it/s]
预训练: 100%|██████████| 73/73 [00:02<00:00, 24.81it/s]
  [损失分解] Pred: 0.003600, Latent: 0.000533, Consistency: 0.000460, MultiX: 0.007613, MultiZ: 0.001000
Epoch 230/300: Train Loss = 0.012210, Val Loss = 0.004035, LR = 3.75e-05

预训练:   0%|          | 0/73 [00:00<?, ?it/s]
预训练:   3%|▎         | 2/73 [00:00<00:04, 17.09it/s]
预训练:   7%|▋         | 5/73 [00:00<00:03, 20.55it/s]
预训练:  11%|█         | 8/73 [00:00<00:02, 22.43it/s]
预训练:  15%|█▌        | 11/73 [00:00<00:02, 23.14it/s]
预训练:  19%|█▉        | 14/73 [00:00<00:02, 23.75it/s]
预训练:  23%|██▎       | 17/73 [00:00<00:02, 25.41it/s]
预训练:  27%|██▋       | 20/73 [00:00<00:02, 24.35it/s]
预训练:  32%|███▏      | 23/73 [00:00<00:02, 24.33it/s]
预训练:  36%|███▌      | 26/73 [00:01<00:01, 25.15it/s]
预训练:  40%|███▉      | 29/73 [00:01<00:01, 24.52it/s]
预训练:  44%|████▍     | 32/73 [00:01<00:01, 24.87it/s]
预训练:  48%|████▊     | 35/73 [00:01<00:01, 24.88it/s]
预训练:  52%|█████▏    | 38/73 [00:01<00:01, 24.91it/s]
预训练:  56%|█████▌    | 41/73 [00:01<00:01, 25.28it/s]
预训练:  60%|██████    | 44/73 [00:01<00:01, 25.44it/s]
预训练:  64%|██████▍   | 47/73 [00:01<00:01, 25.47it/s]
预训练:  68%|██████▊   | 50/73 [00:02<00:00, 25.55it/s]
预训练:  73%|███████▎  | 53/73 [00:02<00:00, 24.95it/s]
预训练:  77%|███████▋  | 56/73 [00:02<00:00, 25.79it/s]
预训练:  81%|████████  | 59/73 [00:02<00:00, 24.82it/s]
预训练:  85%|████████▍ | 62/73 [00:02<00:00, 24.97it/s]
预训练:  89%|████████▉ | 65/73 [00:02<00:00, 25.27it/s]
预训练:  93%|█████████▎| 68/73 [00:02<00:00, 25.07it/s]
预训练:  97%|█████████▋| 71/73 [00:02<00:00, 25.54it/s]
预训练: 100%|██████████| 73/73 [00:02<00:00, 24.77it/s]
  [损失分解] Pred: 0.003624, Latent: 0.000535, Consistency: 0.000462, MultiX: 0.007662, MultiZ: 0.001004
Epoch 231/300: Train Loss = 0.012286, Val Loss = 0.004021, LR = 3.75e-05

预训练:   0%|          | 0/73 [00:00<?, ?it/s]
预训练:   3%|▎         | 2/73 [00:00<00:03, 19.15it/s]
预训练:   7%|▋         | 5/73 [00:00<00:02, 23.52it/s]
预训练:  11%|█         | 8/73 [00:00<00:02, 23.44it/s]
预训练:  15%|█▌        | 11/73 [00:00<00:02, 25.43it/s]
预训练:  19%|█▉        | 14/73 [00:00<00:02, 24.29it/s]
预训练:  23%|██▎       | 17/73 [00:00<00:02, 24.71it/s]
预训练:  27%|██▋       | 20/73 [00:00<00:02, 24.83it/s]
预训练:  32%|███▏      | 23/73 [00:00<00:01, 25.24it/s]
预训练:  36%|███▌      | 26/73 [00:01<00:01, 25.06it/s]
预训练:  40%|███▉      | 29/73 [00:01<00:01, 25.22it/s]
预训练:  44%|████▍     | 32/73 [00:01<00:01, 25.36it/s]
预训练:  48%|████▊     | 35/73 [00:01<00:01, 25.25it/s]
预训练:  52%|█████▏    | 38/73 [00:01<00:01, 25.18it/s]
预训练:  56%|█████▌    | 41/73 [00:01<00:01, 26.12it/s]
预训练:  60%|██████    | 44/73 [00:01<00:01, 24.76it/s]
预训练:  64%|██████▍   | 47/73 [00:01<00:01, 25.22it/s]
预训练:  68%|██████▊   | 50/73 [00:02<00:00, 24.97it/s]
预训练:  73%|███████▎  | 53/73 [00:02<00:00, 25.18it/s]
预训练:  77%|███████▋  | 56/73 [00:02<00:00, 25.13it/s]
预训练:  81%|████████  | 59/73 [00:02<00:00, 25.23it/s]
预训练:  85%|████████▍ | 62/73 [00:02<00:00, 26.00it/s]
预训练:  89%|████████▉ | 65/73 [00:02<00:00, 24.98it/s]
预训练:  93%|█████████▎| 68/73 [00:02<00:00, 25.13it/s]
预训练:  97%|█████████▋| 71/73 [00:02<00:00, 25.24it/s]
预训练: 100%|██████████| 73/73 [00:02<00:00, 25.11it/s]
  [损失分解] Pred: 0.003610, Latent: 0.000533, Consistency: 0.000460, MultiX: 0.007613, MultiZ: 0.000999
Epoch 232/300: Train Loss = 0.012219, Val Loss = 0.004054, LR = 3.75e-05

预训练:   0%|          | 0/73 [00:00<?, ?it/s]
预训练:   3%|▎         | 2/73 [00:00<00:03, 19.27it/s]
预训练:   7%|▋         | 5/73 [00:00<00:02, 23.05it/s]
预训练:  11%|█         | 8/73 [00:00<00:02, 25.07it/s]
预训练:  15%|█▌        | 11/73 [00:00<00:02, 23.37it/s]
预训练:  19%|█▉        | 14/73 [00:00<00:02, 23.82it/s]
预训练:  23%|██▎       | 17/73 [00:00<00:02, 24.18it/s]
预训练:  27%|██▋       | 20/73 [00:00<00:02, 24.61it/s]
预训练:  32%|███▏      | 23/73 [00:00<00:02, 24.98it/s]
预训练:  36%|███▌      | 26/73 [00:01<00:01, 24.57it/s]
预训练:  40%|███▉      | 29/73 [00:01<00:01, 24.52it/s]
预训练:  44%|████▍     | 32/73 [00:01<00:01, 24.93it/s]
预训练:  48%|████▊     | 35/73 [00:01<00:01, 25.00it/s]
预训练:  52%|█████▏    | 38/73 [00:01<00:01, 25.03it/s]
预训练:  56%|█████▌    | 41/73 [00:01<00:01, 25.49it/s]
预训练:  60%|██████    | 44/73 [00:01<00:01, 25.48it/s]
预训练:  64%|██████▍   | 47/73 [00:01<00:01, 25.55it/s]
预训练:  68%|██████▊   | 50/73 [00:02<00:00, 24.87it/s]
预训练:  73%|███████▎  | 53/73 [00:02<00:00, 25.10it/s]
预训练:  77%|███████▋  | 56/73 [00:02<00:00, 26.09it/s]
预训练:  81%|████████  | 59/73 [00:02<00:00, 24.90it/s]
预训练:  85%|████████▍ | 62/73 [00:02<00:00, 25.19it/s]
预训练:  89%|████████▉ | 65/73 [00:02<00:00, 25.00it/s]
预训练:  93%|█████████▎| 68/73 [00:02<00:00, 25.41it/s]
预训练:  97%|█████████▋| 71/73 [00:02<00:00, 25.50it/s]
预训练: 100%|██████████| 73/73 [00:02<00:00, 24.97it/s]
  [损失分解] Pred: 0.003623, Latent: 0.000534, Consistency: 0.000462, MultiX: 0.007619, MultiZ: 0.000999
Epoch 233/300: Train Loss = 0.012239, Val Loss = 0.004021, LR = 3.75e-05

预训练:   0%|          | 0/73 [00:00<?, ?it/s]
预训练:   3%|▎         | 2/73 [00:00<00:04, 17.39it/s]
预训练:   7%|▋         | 5/73 [00:00<00:03, 21.71it/s]
预训练:  11%|█         | 8/73 [00:00<00:02, 24.12it/s]
预训练:  15%|█▌        | 11/73 [00:00<00:02, 23.80it/s]
预训练:  19%|█▉        | 14/73 [00:00<00:02, 24.10it/s]
预训练:  23%|██▎       | 17/73 [00:00<00:02, 24.56it/s]
预训练:  27%|██▋       | 20/73 [00:00<00:02, 24.79it/s]
预训练:  32%|███▏      | 23/73 [00:00<00:02, 24.86it/s]
预训练:  36%|███▌      | 26/73 [00:01<00:01, 25.75it/s]
预训练:  40%|███▉      | 29/73 [00:01<00:01, 24.56it/s]
预训练:  44%|████▍     | 32/73 [00:01<00:01, 24.74it/s]
预训练:  48%|████▊     | 35/73 [00:01<00:01, 24.81it/s]
预训练:  52%|█████▏    | 38/73 [00:01<00:01, 24.98it/s]
预训练:  56%|█████▌    | 41/73 [00:01<00:01, 25.07it/s]
预训练:  60%|██████    | 44/73 [00:01<00:01, 24.87it/s]
预训练:  64%|██████▍   | 47/73 [00:01<00:01, 24.90it/s]
预训练:  68%|██████▊   | 50/73 [00:02<00:00, 24.70it/s]
预训练:  73%|███████▎  | 53/73 [00:02<00:00, 24.81it/s]
预训练:  77%|███████▋  | 56/73 [00:02<00:00, 25.71it/s]
预训练:  81%|████████  | 59/73 [00:02<00:00, 24.43it/s]
预训练:  85%|████████▍ | 62/73 [00:02<00:00, 24.64it/s]
预训练:  89%|████████▉ | 65/73 [00:02<00:00, 25.06it/s]
预训练:  93%|█████████▎| 68/73 [00:02<00:00, 25.46it/s]
预训练:  97%|█████████▋| 71/73 [00:02<00:00, 25.54it/s]
预训练: 100%|██████████| 73/73 [00:02<00:00, 24.79it/s]
  [损失分解] Pred: 0.003616, Latent: 0.000533, Consistency: 0.000462, MultiX: 0.007623, MultiZ: 0.001000
Epoch 234/300: Train Loss = 0.012237, Val Loss = 0.004032, LR = 3.75e-05

预训练:   0%|          | 0/73 [00:00<?, ?it/s]
预训练:   4%|▍         | 3/73 [00:00<00:03, 21.16it/s]
预训练:   8%|▊         | 6/73 [00:00<00:02, 22.92it/s]
预训练:  12%|█▏        | 9/73 [00:00<00:02, 24.62it/s]
预训练:  16%|█▋        | 12/73 [00:00<00:02, 24.11it/s]
预训练:  21%|██        | 15/73 [00:00<00:02, 24.43it/s]
预训练:  25%|██▍       | 18/73 [00:00<00:02, 24.66it/s]
预训练:  29%|██▉       | 21/73 [00:00<00:02, 25.00it/s]
预训练:  33%|███▎      | 24/73 [00:00<00:01, 25.25it/s]
预训练:  37%|███▋      | 27/73 [00:01<00:01, 25.39it/s]
预训练:  41%|████      | 30/73 [00:01<00:01, 25.48it/s]
预训练:  45%|████▌     | 33/73 [00:01<00:01, 24.56it/s]
预训练:  49%|████▉     | 36/73 [00:01<00:01, 24.56it/s]
预训练:  53%|█████▎    | 39/73 [00:01<00:01, 24.90it/s]
预训练:  58%|█████▊    | 42/73 [00:01<00:01, 24.51it/s]
预训练:  62%|██████▏   | 45/73 [00:01<00:01, 25.72it/s]
预训练:  66%|██████▌   | 48/73 [00:01<00:01, 24.69it/s]
预训练:  70%|██████▉   | 51/73 [00:02<00:00, 24.98it/s]
预训练:  74%|███████▍  | 54/73 [00:02<00:00, 25.17it/s]
预训练:  78%|███████▊  | 57/73 [00:02<00:00, 25.25it/s]
预训练:  82%|████████▏ | 60/73 [00:02<00:00, 24.82it/s]
预训练:  86%|████████▋ | 63/73 [00:02<00:00, 24.95it/s]
预训练:  90%|█████████ | 66/73 [00:02<00:00, 25.00it/s]
预训练:  95%|█████████▍| 69/73 [00:02<00:00, 25.04it/s]
预训练:  99%|█████████▊| 72/73 [00:02<00:00, 24.96it/s]
预训练: 100%|██████████| 73/73 [00:02<00:00, 24.92it/s]
  [损失分解] Pred: 0.003581, Latent: 0.000532, Consistency: 0.000457, MultiX: 0.007581, MultiZ: 0.000996
Epoch 235/300: Train Loss = 0.012155, Val Loss = 0.003991, LR = 3.75e-05

预训练:   0%|          | 0/73 [00:00<?, ?it/s]
预训练:   3%|▎         | 2/73 [00:00<00:04, 15.65it/s]
预训练:   7%|▋         | 5/73 [00:00<00:03, 20.92it/s]
预训练:  11%|█         | 8/73 [00:00<00:02, 23.31it/s]
预训练:  15%|█▌        | 11/73 [00:00<00:02, 23.46it/s]
预训练:  19%|█▉        | 14/73 [00:00<00:02, 23.92it/s]
预训练:  23%|██▎       | 17/73 [00:00<00:02, 24.43it/s]
预训练:  27%|██▋       | 20/73 [00:00<00:02, 24.48it/s]
预训练:  32%|███▏      | 23/73 [00:00<00:02, 24.65it/s]
预训练:  36%|███▌      | 26/73 [00:01<00:01, 24.83it/s]
预训练:  40%|███▉      | 29/73 [00:01<00:01, 25.72it/s]
预训练:  44%|████▍     | 32/73 [00:01<00:01, 24.63it/s]
预训练:  48%|████▊     | 35/73 [00:01<00:01, 24.82it/s]
预训练:  52%|█████▏    | 38/73 [00:01<00:01, 24.87it/s]
预训练:  56%|█████▌    | 41/73 [00:01<00:01, 25.07it/s]
预训练:  60%|██████    | 44/73 [00:01<00:01, 25.05it/s]
预训练:  64%|██████▍   | 47/73 [00:01<00:01, 25.83it/s]
预训练:  68%|██████▊   | 50/73 [00:02<00:00, 24.73it/s]
预训练:  73%|███████▎  | 53/73 [00:02<00:00, 24.78it/s]
预训练:  77%|███████▋  | 56/73 [00:02<00:00, 25.28it/s]
预训练:  81%|████████  | 59/73 [00:02<00:00, 25.33it/s]
预训练:  85%|████████▍ | 62/73 [00:02<00:00, 25.49it/s]
预训练:  89%|████████▉ | 65/73 [00:02<00:00, 24.58it/s]
预训练:  93%|█████████▎| 68/73 [00:02<00:00, 24.93it/s]
预训练:  97%|█████████▋| 71/73 [00:02<00:00, 25.09it/s]
预训练: 100%|██████████| 73/73 [00:02<00:00, 24.76it/s]
  [损失分解] Pred: 0.003607, Latent: 0.000530, Consistency: 0.000459, MultiX: 0.007576, MultiZ: 0.000994
Epoch 236/300: Train Loss = 0.012175, Val Loss = 0.004012, LR = 3.75e-05

预训练:   0%|          | 0/73 [00:00<?, ?it/s]
预训练:   3%|▎         | 2/73 [00:00<00:03, 19.66it/s]
预训练:   7%|▋         | 5/73 [00:00<00:02, 22.89it/s]
预训练:  11%|█         | 8/73 [00:00<00:02, 23.99it/s]
预训练:  15%|█▌        | 11/73 [00:00<00:02, 24.32it/s]
预训练:  19%|█▉        | 14/73 [00:00<00:02, 24.84it/s]
预训练:  23%|██▎       | 17/73 [00:00<00:02, 25.86it/s]
预训练:  27%|██▋       | 20/73 [00:00<00:02, 25.03it/s]
预训练:  32%|███▏      | 23/73 [00:00<00:01, 25.18it/s]
预训练:  36%|███▌      | 26/73 [00:01<00:01, 26.15it/s]
预训练:  40%|███▉      | 29/73 [00:01<00:01, 24.95it/s]
预训练:  44%|████▍     | 32/73 [00:01<00:01, 25.04it/s]
预训练:  48%|████▊     | 35/73 [00:01<00:01, 24.94it/s]
预训练:  52%|█████▏    | 38/73 [00:01<00:01, 25.49it/s]
预训练:  56%|█████▌    | 41/73 [00:01<00:01, 24.68it/s]
预训练:  60%|██████    | 44/73 [00:01<00:01, 24.83it/s]
预训练:  64%|██████▍   | 47/73 [00:01<00:01, 24.84it/s]
预训练:  68%|██████▊   | 50/73 [00:02<00:00, 24.70it/s]
预训练:  73%|███████▎  | 53/73 [00:02<00:00, 25.64it/s]
预训练:  77%|███████▋  | 56/73 [00:02<00:00, 24.77it/s]
预训练:  81%|████████  | 59/73 [00:02<00:00, 24.86it/s]
预训练:  85%|████████▍ | 62/73 [00:02<00:00, 24.92it/s]
预训练:  89%|████████▉ | 65/73 [00:02<00:00, 24.96it/s]
预训练:  93%|█████████▎| 68/73 [00:02<00:00, 25.18it/s]
预训练:  97%|█████████▋| 71/73 [00:02<00:00, 25.04it/s]
预训练: 100%|██████████| 73/73 [00:02<00:00, 25.13it/s]
  [损失分解] Pred: 0.003595, Latent: 0.000529, Consistency: 0.000458, MultiX: 0.007607, MultiZ: 0.000996
Epoch 237/300: Train Loss = 0.012194, Val Loss = 0.004040, LR = 3.75e-05

预训练:   0%|          | 0/73 [00:00<?, ?it/s]
预训练:   3%|▎         | 2/73 [00:00<00:03, 19.43it/s]
预训练:   7%|▋         | 5/73 [00:00<00:02, 24.72it/s]
预训练:  11%|█         | 8/73 [00:00<00:02, 23.54it/s]
预训练:  15%|█▌        | 11/73 [00:00<00:02, 24.34it/s]
预训练:  19%|█▉        | 14/73 [00:00<00:02, 24.82it/s]
预训练:  23%|██▎       | 17/73 [00:00<00:02, 25.16it/s]
预训练:  27%|██▋       | 20/73 [00:00<00:02, 24.58it/s]
预训练:  32%|███▏      | 23/73 [00:00<00:02, 24.76it/s]
预训练:  36%|███▌      | 26/73 [00:01<00:01, 25.89it/s]
预训练:  40%|███▉      | 29/73 [00:01<00:01, 24.78it/s]
预训练:  44%|████▍     | 32/73 [00:01<00:01, 24.82it/s]
预训练:  48%|████▊     | 35/73 [00:01<00:01, 24.88it/s]
预训练:  52%|█████▏    | 38/73 [00:01<00:01, 25.51it/s]
预训练:  56%|█████▌    | 41/73 [00:01<00:01, 24.97it/s]
预训练:  60%|██████    | 44/73 [00:01<00:01, 24.95it/s]
预训练:  64%|██████▍   | 47/73 [00:01<00:01, 24.97it/s]
预训练:  68%|██████▊   | 50/73 [00:02<00:00, 25.17it/s]
预训练:  73%|███████▎  | 53/73 [00:02<00:00, 25.42it/s]
预训练:  77%|███████▋  | 56/73 [00:02<00:00, 24.44it/s]
预训练:  81%|████████  | 59/73 [00:02<00:00, 24.58it/s]
预训练:  85%|████████▍ | 62/73 [00:02<00:00, 24.59it/s]
预训练:  89%|████████▉ | 65/73 [00:02<00:00, 24.71it/s]
预训练:  93%|█████████▎| 68/73 [00:02<00:00, 24.66it/s]
预训练:  97%|█████████▋| 71/73 [00:02<00:00, 24.96it/s]
预训练: 100%|██████████| 73/73 [00:02<00:00, 24.87it/s]
  [损失分解] Pred: 0.003582, Latent: 0.000528, Consistency: 0.000457, MultiX: 0.007580, MultiZ: 0.000993
Epoch 238/300: Train Loss = 0.012150, Val Loss = 0.004040, LR = 3.75e-05

预训练:   0%|          | 0/73 [00:00<?, ?it/s]
预训练:   3%|▎         | 2/73 [00:00<00:03, 18.47it/s]
预训练:   7%|▋         | 5/73 [00:00<00:02, 23.79it/s]
预训练:  11%|█         | 8/73 [00:00<00:02, 23.30it/s]
预训练:  15%|█▌        | 11/73 [00:00<00:02, 25.38it/s]
预训练:  19%|█▉        | 14/73 [00:00<00:02, 24.40it/s]
预训练:  23%|██▎       | 17/73 [00:00<00:02, 24.89it/s]
预训练:  27%|██▋       | 20/73 [00:00<00:02, 24.82it/s]
预训练:  32%|███▏      | 23/73 [00:00<00:02, 24.80it/s]
预训练:  36%|███▌      | 26/73 [00:01<00:01, 25.57it/s]
预训练:  40%|███▉      | 29/73 [00:01<00:01, 25.57it/s]
预训练:  44%|████▍     | 32/73 [00:01<00:01, 24.54it/s]
预训练:  48%|████▊     | 35/73 [00:01<00:01, 24.61it/s]
预训练:  52%|█████▏    | 38/73 [00:01<00:01, 24.79it/s]
预训练:  56%|█████▌    | 41/73 [00:01<00:01, 24.84it/s]
预训练:  60%|██████    | 44/73 [00:01<00:01, 25.21it/s]
预训练:  64%|██████▍   | 47/73 [00:01<00:01, 24.90it/s]
预训练:  68%|██████▊   | 50/73 [00:02<00:00, 24.64it/s]
预训练:  73%|███████▎  | 53/73 [00:02<00:00, 25.36it/s]
预训练:  77%|███████▋  | 56/73 [00:02<00:00, 25.45it/s]
预训练:  81%|████████  | 59/73 [00:02<00:00, 25.53it/s]
预训练:  85%|████████▍ | 62/73 [00:02<00:00, 25.50it/s]
预训练:  89%|████████▉ | 65/73 [00:02<00:00, 24.33it/s]
预训练:  93%|█████████▎| 68/73 [00:02<00:00, 24.68it/s]
预训练:  97%|█████████▋| 71/73 [00:02<00:00, 25.26it/s]
预训练: 100%|██████████| 73/73 [00:02<00:00, 25.00it/s]
  [损失分解] Pred: 0.003603, Latent: 0.000531, Consistency: 0.000459, MultiX: 0.007592, MultiZ: 0.000995
Epoch 239/300: Train Loss = 0.012187, Val Loss = 0.004005, LR = 3.75e-05

预训练:   0%|          | 0/73 [00:00<?, ?it/s]
预训练:   3%|▎         | 2/73 [00:00<00:03, 18.71it/s]
预训练:   7%|▋         | 5/73 [00:00<00:02, 23.81it/s]
预训练:  11%|█         | 8/73 [00:00<00:02, 23.77it/s]
预训练:  15%|█▌        | 11/73 [00:00<00:02, 24.39it/s]
预训练:  19%|█▉        | 14/73 [00:00<00:02, 24.73it/s]
预训练:  23%|██▎       | 17/73 [00:00<00:02, 24.96it/s]
预训练:  27%|██▋       | 20/73 [00:00<00:02, 24.71it/s]
预训练:  32%|███▏      | 23/73 [00:00<00:02, 24.94it/s]
预训练:  36%|███▌      | 26/73 [00:01<00:01, 25.62it/s]
预训练:  40%|███▉      | 29/73 [00:01<00:01, 24.86it/s]
预训练:  44%|████▍     | 32/73 [00:01<00:01, 24.74it/s]
预训练:  48%|████▊     | 35/73 [00:01<00:01, 24.84it/s]
预训练:  52%|█████▏    | 38/73 [00:01<00:01, 25.30it/s]
预训练:  56%|█████▌    | 41/73 [00:01<00:01, 24.55it/s]
预训练:  60%|██████    | 44/73 [00:01<00:01, 24.50it/s]
预训练:  64%|██████▍   | 47/73 [00:01<00:01, 25.03it/s]
预训练:  68%|██████▊   | 50/73 [00:02<00:00, 25.29it/s]
预训练:  73%|███████▎  | 53/73 [00:02<00:00, 24.64it/s]
预训练:  77%|███████▋  | 56/73 [00:02<00:00, 24.66it/s]
预训练:  81%|████████  | 59/73 [00:02<00:00, 24.93it/s]
预训练:  85%|████████▍ | 62/73 [00:02<00:00, 25.17it/s]
预训练:  89%|████████▉ | 65/73 [00:02<00:00, 24.56it/s]
预训练:  93%|█████████▎| 68/73 [00:02<00:00, 24.74it/s]
预训练:  97%|█████████▋| 71/73 [00:02<00:00, 24.87it/s]
预训练: 100%|██████████| 73/73 [00:02<00:00, 24.87it/s]
  [损失分解] Pred: 0.003594, Latent: 0.000529, Consistency: 0.000457, MultiX: 0.007601, MultiZ: 0.000995
Epoch 240/300: Train Loss = 0.012185, Val Loss = 0.004004, LR = 3.75e-05

预训练:   0%|          | 0/73 [00:00<?, ?it/s]
预训练:   3%|▎         | 2/73 [00:00<00:04, 15.37it/s]
预训练:   7%|▋         | 5/73 [00:00<00:03, 20.65it/s]
预训练:  11%|█         | 8/73 [00:00<00:02, 23.51it/s]
预训练:  15%|█▌        | 11/73 [00:00<00:02, 23.17it/s]
预训练:  19%|█▉        | 14/73 [00:00<00:02, 23.99it/s]
预训练:  23%|██▎       | 17/73 [00:00<00:02, 24.55it/s]
预训练:  27%|██▋       | 20/73 [00:00<00:02, 24.40it/s]
预训练:  32%|███▏      | 23/73 [00:00<00:02, 24.60it/s]
预训练:  36%|███▌      | 26/73 [00:01<00:01, 24.93it/s]
预训练:  40%|███▉      | 29/73 [00:01<00:01, 25.02it/s]
预训练:  44%|████▍     | 32/73 [00:01<00:01, 25.01it/s]
预训练:  48%|████▊     | 35/73 [00:01<00:01, 25.19it/s]
预训练:  52%|█████▏    | 38/73 [00:01<00:01, 25.33it/s]
预训练:  56%|█████▌    | 41/73 [00:01<00:01, 25.44it/s]
预训练:  60%|██████    | 44/73 [00:01<00:01, 24.80it/s]
预训练:  64%|██████▍   | 47/73 [00:01<00:01, 24.78it/s]
预训练:  68%|██████▊   | 50/73 [00:02<00:00, 24.72it/s]
预训练:  73%|███████▎  | 53/73 [00:02<00:00, 24.90it/s]
预训练:  77%|███████▋  | 56/73 [00:02<00:00, 24.84it/s]
预训练:  81%|████████  | 59/73 [00:02<00:00, 24.87it/s]
预训练:  85%|████████▍ | 62/73 [00:02<00:00, 25.00it/s]
预训练:  89%|████████▉ | 65/73 [00:02<00:00, 24.97it/s]
预训练:  93%|█████████▎| 68/73 [00:02<00:00, 24.92it/s]
预训练:  97%|█████████▋| 71/73 [00:02<00:00, 24.90it/s]
预训练: 100%|██████████| 73/73 [00:02<00:00, 24.76it/s]
  [损失分解] Pred: 0.003605, Latent: 0.000530, Consistency: 0.000458, MultiX: 0.007613, MultiZ: 0.000995
Epoch 241/300: Train Loss = 0.012209, Val Loss = 0.004004, LR = 3.75e-05

预训练:   0%|          | 0/73 [00:00<?, ?it/s]
预训练:   3%|▎         | 2/73 [00:00<00:04, 16.58it/s]
预训练:   7%|▋         | 5/73 [00:00<00:03, 22.23it/s]
预训练:  11%|█         | 8/73 [00:00<00:02, 23.15it/s]
预训练:  15%|█▌        | 11/73 [00:00<00:02, 23.80it/s]
预训练:  19%|█▉        | 14/73 [00:00<00:02, 25.35it/s]
预训练:  23%|██▎       | 17/73 [00:00<00:02, 24.00it/s]
预训练:  27%|██▋       | 20/73 [00:00<00:02, 24.13it/s]
预训练:  32%|███▏      | 23/73 [00:00<00:02, 24.80it/s]
预训练:  36%|███▌      | 26/73 [00:01<00:01, 24.50it/s]
预训练:  40%|███▉      | 29/73 [00:01<00:01, 24.73it/s]
预训练:  44%|████▍     | 32/73 [00:01<00:01, 25.00it/s]
预训练:  48%|████▊     | 35/73 [00:01<00:01, 25.33it/s]
预训练:  52%|█████▏    | 38/73 [00:01<00:01, 25.46it/s]
预训练:  56%|█████▌    | 41/73 [00:01<00:01, 25.52it/s]
预训练:  60%|██████    | 44/73 [00:01<00:01, 24.63it/s]
预训练:  64%|██████▍   | 47/73 [00:01<00:01, 24.51it/s]
预训练:  68%|██████▊   | 50/73 [00:02<00:00, 25.03it/s]
预训练:  73%|███████▎  | 53/73 [00:02<00:00, 25.00it/s]
预训练:  77%|███████▋  | 56/73 [00:02<00:00, 25.12it/s]
预训练:  81%|████████  | 59/73 [00:02<00:00, 25.75it/s]
预训练:  85%|████████▍ | 62/73 [00:02<00:00, 25.00it/s]
预训练:  89%|████████▉ | 65/73 [00:02<00:00, 25.13it/s]
预训练:  93%|█████████▎| 68/73 [00:02<00:00, 25.27it/s]
预训练:  97%|█████████▋| 71/73 [00:02<00:00, 25.27it/s]
预训练: 100%|██████████| 73/73 [00:02<00:00, 24.87it/s]
  [损失分解] Pred: 0.003605, Latent: 0.000530, Consistency: 0.000459, MultiX: 0.007591, MultiZ: 0.000993
Epoch 242/300: Train Loss = 0.012187, Val Loss = 0.004029, LR = 3.75e-05

预训练:   0%|          | 0/73 [00:00<?, ?it/s]
预训练:   3%|▎         | 2/73 [00:00<00:03, 19.78it/s]
预训练:   7%|▋         | 5/73 [00:00<00:03, 21.64it/s]
预训练:  11%|█         | 8/73 [00:00<00:02, 23.42it/s]
预训练:  15%|█▌        | 11/73 [00:00<00:02, 24.09it/s]
预训练:  19%|█▉        | 14/73 [00:00<00:02, 24.47it/s]
预训练:  23%|██▎       | 17/73 [00:00<00:02, 24.55it/s]
预训练:  27%|██▋       | 20/73 [00:00<00:02, 25.63it/s]
预训练:  32%|███▏      | 23/73 [00:00<00:01, 25.30it/s]
预训练:  36%|███▌      | 26/73 [00:01<00:01, 24.64it/s]
预训练:  40%|███▉      | 29/73 [00:01<00:01, 24.54it/s]
预训练:  44%|████▍     | 32/73 [00:01<00:01, 24.93it/s]
预训练:  48%|████▊     | 35/73 [00:01<00:01, 25.64it/s]
预训练:  52%|█████▏    | 38/73 [00:01<00:01, 24.98it/s]
预训练:  56%|█████▌    | 41/73 [00:01<00:01, 25.76it/s]
预训练:  60%|██████    | 44/73 [00:01<00:01, 24.89it/s]
预训练:  64%|██████▍   | 47/73 [00:01<00:01, 25.00it/s]
预训练:  68%|██████▊   | 50/73 [00:02<00:00, 24.86it/s]
预训练:  73%|███████▎  | 53/73 [00:02<00:00, 25.38it/s]
预训练:  77%|███████▋  | 56/73 [00:02<00:00, 25.40it/s]
预训练:  81%|████████  | 59/73 [00:02<00:00, 25.56it/s]
预训练:  85%|████████▍ | 62/73 [00:02<00:00, 24.54it/s]
预训练:  89%|████████▉ | 65/73 [00:02<00:00, 24.83it/s]
预训练:  93%|█████████▎| 68/73 [00:02<00:00, 24.92it/s]
预训练:  97%|█████████▋| 71/73 [00:02<00:00, 25.03it/s]
预训练: 100%|██████████| 73/73 [00:02<00:00, 24.91it/s]
  [损失分解] Pred: 0.003595, Latent: 0.000529, Consistency: 0.000457, MultiX: 0.007596, MultiZ: 0.000993
Epoch 243/300: Train Loss = 0.012181, Val Loss = 0.004008, LR = 3.75e-05

预训练:   0%|          | 0/73 [00:00<?, ?it/s]
预训练:   3%|▎         | 2/73 [00:00<00:03, 19.31it/s]
预训练:   7%|▋         | 5/73 [00:00<00:03, 22.48it/s]
预训练:  11%|█         | 8/73 [00:00<00:02, 23.78it/s]
预训练:  15%|█▌        | 11/73 [00:00<00:02, 24.49it/s]
预训练:  19%|█▉        | 14/73 [00:00<00:02, 24.65it/s]
预训练:  23%|██▎       | 17/73 [00:00<00:02, 24.80it/s]
预训练:  27%|██▋       | 20/73 [00:00<00:02, 25.02it/s]
预训练:  32%|███▏      | 23/73 [00:00<00:01, 25.24it/s]
预训练:  36%|███▌      | 26/73 [00:01<00:01, 24.72it/s]
预训练:  40%|███▉      | 29/73 [00:01<00:01, 25.62it/s]
预训练:  44%|████▍     | 32/73 [00:01<00:01, 24.85it/s]
预训练:  48%|████▊     | 35/73 [00:01<00:01, 25.02it/s]
预训练:  52%|█████▏    | 38/73 [00:01<00:01, 24.86it/s]
预训练:  56%|█████▌    | 41/73 [00:01<00:01, 25.28it/s]
预训练:  60%|██████    | 44/73 [00:01<00:01, 25.43it/s]
预训练:  64%|██████▍   | 47/73 [00:01<00:01, 25.58it/s]
预训练:  68%|██████▊   | 50/73 [00:02<00:00, 24.54it/s]
预训练:  73%|███████▎  | 53/73 [00:02<00:00, 24.82it/s]
预训练:  77%|███████▋  | 56/73 [00:02<00:00, 25.06it/s]
预训练:  81%|████████  | 59/73 [00:02<00:00, 25.00it/s]
预训练:  85%|████████▍ | 62/73 [00:02<00:00, 25.19it/s]
预训练:  89%|████████▉ | 65/73 [00:02<00:00, 25.52it/s]
预训练:  93%|█████████▎| 68/73 [00:02<00:00, 25.66it/s]
预训练:  97%|█████████▋| 71/73 [00:02<00:00, 24.90it/s]
预训练: 100%|██████████| 73/73 [00:02<00:00, 24.97it/s]
  [损失分解] Pred: 0.003576, Latent: 0.000527, Consistency: 0.000455, MultiX: 0.007551, MultiZ: 0.000989
Epoch 244/300: Train Loss = 0.012113, Val Loss = 0.004003, LR = 3.75e-05

预训练:   0%|          | 0/73 [00:00<?, ?it/s]
预训练:   4%|▍         | 3/73 [00:00<00:02, 24.33it/s]
预训练:   8%|▊         | 6/73 [00:00<00:02, 25.91it/s]
预训练:  12%|█▏        | 9/73 [00:00<00:02, 25.87it/s]
预训练:  16%|█▋        | 12/73 [00:00<00:02, 24.65it/s]
预训练:  21%|██        | 15/73 [00:00<00:02, 24.57it/s]
预训练:  25%|██▍       | 18/73 [00:00<00:02, 25.13it/s]
预训练:  29%|██▉       | 21/73 [00:00<00:02, 24.66it/s]
预训练:  33%|███▎      | 24/73 [00:00<00:01, 25.34it/s]
预训练:  37%|███▋      | 27/73 [00:01<00:01, 24.47it/s]
预训练:  41%|████      | 30/73 [00:01<00:01, 24.58it/s]
预训练:  45%|████▌     | 33/73 [00:01<00:01, 25.44it/s]
预训练:  49%|████▉     | 36/73 [00:01<00:01, 24.54it/s]
预训练:  53%|█████▎    | 39/73 [00:01<00:01, 24.72it/s]
预训练:  58%|█████▊    | 42/73 [00:01<00:01, 25.00it/s]
预训练:  62%|██████▏   | 45/73 [00:01<00:01, 24.38it/s]
预训练:  66%|██████▌   | 48/73 [00:01<00:01, 24.57it/s]
预训练:  70%|██████▉   | 51/73 [00:02<00:00, 24.87it/s]
预训练:  74%|███████▍  | 54/73 [00:02<00:00, 25.08it/s]
预训练:  78%|███████▊  | 57/73 [00:02<00:00, 24.55it/s]
预训练:  82%|████████▏ | 60/73 [00:02<00:00, 25.63it/s]
预训练:  86%|████████▋ | 63/73 [00:02<00:00, 24.43it/s]
预训练:  90%|█████████ | 66/73 [00:02<00:00, 24.67it/s]
预训练:  95%|█████████▍| 69/73 [00:02<00:00, 24.91it/s]
预训练:  99%|█████████▊| 72/73 [00:02<00:00, 24.95it/s]
预训练: 100%|██████████| 73/73 [00:02<00:00, 25.00it/s]
  [损失分解] Pred: 0.003591, Latent: 0.000529, Consistency: 0.000457, MultiX: 0.007608, MultiZ: 0.000994
Epoch 245/300: Train Loss = 0.012189, Val Loss = 0.004017, LR = 3.75e-05

预训练:   0%|          | 0/73 [00:00<?, ?it/s]
预训练:   1%|▏         | 1/73 [00:00<00:07,  9.90it/s]
预训练:   5%|▌         | 4/73 [00:00<00:03, 19.46it/s]
预训练:  10%|▉         | 7/73 [00:00<00:02, 22.25it/s]
预训练:  14%|█▎        | 10/73 [00:00<00:02, 24.05it/s]
预训练:  18%|█▊        | 13/73 [00:00<00:02, 24.08it/s]
预训练:  22%|██▏       | 16/73 [00:00<00:02, 25.19it/s]
预训练:  26%|██▌       | 19/73 [00:00<00:02, 25.34it/s]
预训练:  30%|███       | 22/73 [00:00<00:02, 24.28it/s]
预训练:  34%|███▍      | 25/73 [00:01<00:01, 24.76it/s]
预训练:  38%|███▊      | 28/73 [00:01<00:01, 25.09it/s]
预训练:  42%|████▏     | 31/73 [00:01<00:01, 24.48it/s]
预训练:  47%|████▋     | 34/73 [00:01<00:01, 24.31it/s]
预训练:  51%|█████     | 37/73 [00:01<00:01, 24.97it/s]
预训练:  55%|█████▍    | 40/73 [00:01<00:01, 24.42it/s]
预训练:  59%|█████▉    | 43/73 [00:01<00:01, 24.62it/s]
预训练:  63%|██████▎   | 46/73 [00:01<00:01, 24.78it/s]
预训练:  67%|██████▋   | 49/73 [00:02<00:00, 24.62it/s]
预训练:  71%|███████   | 52/73 [00:02<00:00, 25.36it/s]
预训练:  75%|███████▌  | 55/73 [00:02<00:00, 24.77it/s]
预训练:  79%|███████▉  | 58/73 [00:02<00:00, 24.53it/s]
预训练:  84%|████████▎ | 61/73 [00:02<00:00, 24.58it/s]
预训练:  88%|████████▊ | 64/73 [00:02<00:00, 24.48it/s]
预训练:  92%|█████████▏| 67/73 [00:02<00:00, 24.71it/s]
预训练:  96%|█████████▌| 70/73 [00:02<00:00, 24.96it/s]
预训练: 100%|██████████| 73/73 [00:02<00:00, 24.58it/s]
  [损失分解] Pred: 0.003575, Latent: 0.000526, Consistency: 0.000455, MultiX: 0.007528, MultiZ: 0.000986
  >>> 学习率降低: 3.75e-05 -> 1.87e-05
Epoch 246/300: Train Loss = 0.012087, Val Loss = 0.004025, LR = 1.87e-05

预训练:   0%|          | 0/73 [00:00<?, ?it/s]
预训练:   3%|▎         | 2/73 [00:00<00:03, 19.15it/s]
预训练:   7%|▋         | 5/73 [00:00<00:03, 22.50it/s]
预训练:  11%|█         | 8/73 [00:00<00:02, 23.79it/s]
预训练:  15%|█▌        | 11/73 [00:00<00:02, 25.02it/s]
预训练:  19%|█▉        | 14/73 [00:00<00:02, 24.23it/s]
预训练:  23%|██▎       | 17/73 [00:00<00:02, 25.71it/s]
预训练:  27%|██▋       | 20/73 [00:00<00:02, 24.31it/s]
预训练:  32%|███▏      | 23/73 [00:00<00:02, 24.61it/s]
预训练:  36%|███▌      | 26/73 [00:01<00:01, 24.86it/s]
预训练:  40%|███▉      | 29/73 [00:01<00:01, 24.92it/s]
预训练:  44%|████▍     | 32/73 [00:01<00:01, 25.02it/s]
预训练:  48%|████▊     | 35/73 [00:01<00:01, 24.89it/s]
预训练:  52%|█████▏    | 38/73 [00:01<00:01, 25.15it/s]
预训练:  56%|█████▌    | 41/73 [00:01<00:01, 25.31it/s]
预训练:  60%|██████    | 44/73 [00:01<00:01, 25.00it/s]
预训练:  64%|██████▍   | 47/73 [00:01<00:01, 24.75it/s]
预训练:  68%|██████▊   | 50/73 [00:02<00:00, 25.02it/s]
预训练:  73%|███████▎  | 53/73 [00:02<00:00, 25.09it/s]
预训练:  77%|███████▋  | 56/73 [00:02<00:00, 25.20it/s]
预训练:  81%|████████  | 59/73 [00:02<00:00, 24.50it/s]
预训练:  85%|████████▍ | 62/73 [00:02<00:00, 24.45it/s]
预训练:  89%|████████▉ | 65/73 [00:02<00:00, 24.04it/s]
预训练:  93%|█████████▎| 68/73 [00:02<00:00, 24.48it/s]
预训练:  97%|█████████▋| 71/73 [00:02<00:00, 23.27it/s]
预训练: 100%|██████████| 73/73 [00:02<00:00, 24.56it/s]
  [损失分解] Pred: 0.003588, Latent: 0.000526, Consistency: 0.000456, MultiX: 0.007515, MultiZ: 0.000984
Epoch 247/300: Train Loss = 0.012086, Val Loss = 0.004012, LR = 1.87e-05

预训练:   0%|          | 0/73 [00:00<?, ?it/s]
预训练:   3%|▎         | 2/73 [00:00<00:03, 18.54it/s]
预训练:   7%|▋         | 5/73 [00:00<00:03, 22.30it/s]
预训练:  11%|█         | 8/73 [00:00<00:02, 22.95it/s]
预训练:  15%|█▌        | 11/73 [00:00<00:02, 23.48it/s]
预训练:  19%|█▉        | 14/73 [00:00<00:02, 23.02it/s]
预训练:  23%|██▎       | 17/73 [00:00<00:02, 22.93it/s]
预训练:  27%|██▋       | 20/73 [00:00<00:02, 22.94it/s]
预训练:  32%|███▏      | 23/73 [00:01<00:02, 23.04it/s]
预训练:  36%|███▌      | 26/73 [00:01<00:02, 23.07it/s]
预训练:  40%|███▉      | 29/73 [00:01<00:01, 23.49it/s]
预训练:  44%|████▍     | 32/73 [00:01<00:01, 23.80it/s]
预训练:  48%|████▊     | 35/73 [00:01<00:01, 23.72it/s]
预训练:  52%|█████▏    | 38/73 [00:01<00:01, 24.07it/s]
预训练:  56%|█████▌    | 41/73 [00:01<00:01, 24.01it/s]
预训练:  60%|██████    | 44/73 [00:01<00:01, 23.44it/s]
预训练:  64%|██████▍   | 47/73 [00:02<00:01, 23.60it/s]
预训练:  68%|██████▊   | 50/73 [00:02<00:00, 23.69it/s]
预训练:  73%|███████▎  | 53/73 [00:02<00:00, 23.84it/s]
预训练:  77%|███████▋  | 56/73 [00:02<00:00, 24.28it/s]
预训练:  81%|████████  | 59/73 [00:02<00:00, 23.77it/s]
预训练:  85%|████████▍ | 62/73 [00:02<00:00, 23.91it/s]
预训练:  89%|████████▉ | 65/73 [00:02<00:00, 24.34it/s]
预训练:  93%|█████████▎| 68/73 [00:02<00:00, 24.61it/s]
预训练:  97%|█████████▋| 71/73 [00:02<00:00, 24.74it/s]
预训练: 100%|██████████| 73/73 [00:03<00:00, 23.94it/s]
  [损失分解] Pred: 0.003568, Latent: 0.000525, Consistency: 0.000454, MultiX: 0.007519, MultiZ: 0.000985
Epoch 248/300: Train Loss = 0.012069, Val Loss = 0.003995, LR = 1.87e-05

预训练:   0%|          | 0/73 [00:00<?, ?it/s]
预训练:   4%|▍         | 3/73 [00:00<00:03, 21.39it/s]
预训练:   8%|▊         | 6/73 [00:00<00:02, 23.71it/s]
预训练:  12%|█▏        | 9/73 [00:00<00:02, 23.36it/s]
预训练:  16%|█▋        | 12/73 [00:00<00:02, 23.79it/s]
预训练:  21%|██        | 15/73 [00:00<00:02, 23.93it/s]
预训练:  25%|██▍       | 18/73 [00:00<00:02, 25.19it/s]
预训练:  29%|██▉       | 21/73 [00:00<00:02, 25.34it/s]
预训练:  33%|███▎      | 24/73 [00:00<00:02, 24.33it/s]
预训练:  37%|███▋      | 27/73 [00:01<00:01, 24.68it/s]
预训练:  41%|████      | 30/73 [00:01<00:01, 24.66it/s]
预训练:  45%|████▌     | 33/73 [00:01<00:01, 24.77it/s]
预训练:  49%|████▉     | 36/73 [00:01<00:01, 24.77it/s]
预训练:  53%|█████▎    | 39/73 [00:01<00:01, 24.86it/s]
预训练:  58%|█████▊    | 42/73 [00:01<00:01, 25.05it/s]
预训练:  62%|██████▏   | 45/73 [00:01<00:01, 24.59it/s]
预训练:  66%|██████▌   | 48/73 [00:01<00:01, 24.70it/s]
预训练:  70%|██████▉   | 51/73 [00:02<00:00, 24.43it/s]
预训练:  74%|███████▍  | 54/73 [00:02<00:00, 24.58it/s]
预训练:  78%|███████▊  | 57/73 [00:02<00:00, 24.66it/s]
预训练:  82%|████████▏ | 60/73 [00:02<00:00, 24.87it/s]
预训练:  86%|████████▋ | 63/73 [00:02<00:00, 24.73it/s]
预训练:  90%|█████████ | 66/73 [00:02<00:00, 24.91it/s]
预训练:  95%|█████████▍| 69/73 [00:02<00:00, 25.18it/s]
预训练:  99%|█████████▊| 72/73 [00:02<00:00, 25.12it/s]
预训练: 100%|██████████| 73/73 [00:02<00:00, 24.80it/s]
  [损失分解] Pred: 0.003564, Latent: 0.000524, Consistency: 0.000454, MultiX: 0.007484, MultiZ: 0.000981
Epoch 249/300: Train Loss = 0.012027, Val Loss = 0.003980, LR = 1.87e-05

预训练:   0%|          | 0/73 [00:00<?, ?it/s]
预训练:   3%|▎         | 2/73 [00:00<00:04, 17.30it/s]
预训练:   7%|▋         | 5/73 [00:00<00:03, 21.74it/s]
预训练:  11%|█         | 8/73 [00:00<00:02, 23.77it/s]
预训练:  15%|█▌        | 11/73 [00:00<00:02, 24.56it/s]
预训练:  19%|█▉        | 14/73 [00:00<00:02, 24.94it/s]
预训练:  23%|██▎       | 17/73 [00:00<00:02, 25.20it/s]
预训练:  27%|██▋       | 20/73 [00:00<00:02, 23.99it/s]
预训练:  32%|███▏      | 23/73 [00:00<00:02, 24.33it/s]
预训练:  36%|███▌      | 26/73 [00:01<00:01, 25.21it/s]
预训练:  40%|███▉      | 29/73 [00:01<00:01, 24.37it/s]
预训练:  44%|████▍     | 32/73 [00:01<00:01, 25.71it/s]
预训练:  48%|████▊     | 35/73 [00:01<00:01, 24.31it/s]
预训练:  52%|█████▏    | 38/73 [00:01<00:01, 24.41it/s]
预训练:  56%|█████▌    | 41/73 [00:01<00:01, 24.65it/s]
预训练:  60%|██████    | 44/73 [00:01<00:01, 24.80it/s]
预训练:  64%|██████▍   | 47/73 [00:01<00:01, 24.97it/s]
预训练:  68%|██████▊   | 50/73 [00:02<00:00, 25.18it/s]
预训练:  73%|███████▎  | 53/73 [00:02<00:00, 24.69it/s]
预训练:  77%|███████▋  | 56/73 [00:02<00:00, 24.63it/s]
预训练:  81%|████████  | 59/73 [00:02<00:00, 24.58it/s]
预训练:  85%|████████▍ | 62/73 [00:02<00:00, 25.21it/s]
预训练:  89%|████████▉ | 65/73 [00:02<00:00, 24.68it/s]
预训练:  93%|█████████▎| 68/73 [00:02<00:00, 24.94it/s]
预训练:  97%|█████████▋| 71/73 [00:02<00:00, 24.86it/s]
预训练: 100%|██████████| 73/73 [00:02<00:00, 24.72it/s]
  [损失分解] Pred: 0.003573, Latent: 0.000526, Consistency: 0.000454, MultiX: 0.007504, MultiZ: 0.000983
Epoch 250/300: Train Loss = 0.012058, Val Loss = 0.004001, LR = 1.87e-05

预训练:   0%|          | 0/73 [00:00<?, ?it/s]
预训练:   1%|▏         | 1/73 [00:00<00:07,  9.76it/s]
预训练:   5%|▌         | 4/73 [00:00<00:03, 19.23it/s]
预训练:  10%|▉         | 7/73 [00:00<00:03, 21.90it/s]
预训练:  14%|█▎        | 10/73 [00:00<00:02, 23.18it/s]
预训练:  18%|█▊        | 13/73 [00:00<00:02, 24.00it/s]
预训练:  22%|██▏       | 16/73 [00:00<00:02, 24.43it/s]
预训练:  26%|██▌       | 19/73 [00:00<00:02, 24.89it/s]
预训练:  30%|███       | 22/73 [00:00<00:02, 24.77it/s]
预训练:  34%|███▍      | 25/73 [00:01<00:01, 24.99it/s]
预训练:  38%|███▊      | 28/73 [00:01<00:01, 25.28it/s]
预训练:  42%|████▏     | 31/73 [00:01<00:01, 25.19it/s]
预训练:  47%|████▋     | 34/73 [00:01<00:01, 25.27it/s]
预训练:  51%|█████     | 37/73 [00:01<00:01, 25.20it/s]
预训练:  55%|█████▍    | 40/73 [00:01<00:01, 25.10it/s]
预训练:  59%|█████▉    | 43/73 [00:01<00:01, 25.26it/s]
预训练:  63%|██████▎   | 46/73 [00:01<00:01, 25.23it/s]
预训练:  67%|██████▋   | 49/73 [00:02<00:00, 25.35it/s]
预训练:  71%|███████   | 52/73 [00:02<00:00, 25.22it/s]
预训练:  75%|███████▌  | 55/73 [00:02<00:00, 25.35it/s]
预训练:  79%|███████▉  | 58/73 [00:02<00:00, 25.45it/s]
预训练:  84%|████████▎ | 61/73 [00:02<00:00, 25.50it/s]
预训练:  88%|████████▊ | 64/73 [00:02<00:00, 25.31it/s]
预训练:  92%|█████████▏| 67/73 [00:02<00:00, 25.53it/s]
预训练:  96%|█████████▌| 70/73 [00:02<00:00, 26.10it/s]
预训练: 100%|██████████| 73/73 [00:02<00:00, 26.12it/s]
预训练: 100%|██████████| 73/73 [00:02<00:00, 24.88it/s]
  [损失分解] Pred: 0.003581, Latent: 0.000525, Consistency: 0.000454, MultiX: 0.007498, MultiZ: 0.000982
Epoch 251/300: Train Loss = 0.012060, Val Loss = 0.004009, LR = 1.87e-05

预训练:   0%|          | 0/73 [00:00<?, ?it/s]
预训练:   3%|▎         | 2/73 [00:00<00:03, 19.48it/s]
预训练:   7%|▋         | 5/73 [00:00<00:03, 22.27it/s]
预训练:  11%|█         | 8/73 [00:00<00:02, 23.70it/s]
预训练:  15%|█▌        | 11/73 [00:00<00:02, 24.39it/s]
预训练:  19%|█▉        | 14/73 [00:00<00:02, 24.81it/s]
预训练:  23%|██▎       | 17/73 [00:00<00:02, 24.94it/s]
预训练:  27%|██▋       | 20/73 [00:00<00:02, 25.00it/s]
预训练:  32%|███▏      | 23/73 [00:00<00:01, 25.97it/s]
预训练:  36%|███▌      | 26/73 [00:01<00:01, 25.89it/s]
预训练:  40%|███▉      | 29/73 [00:01<00:01, 25.42it/s]
预训练:  44%|████▍     | 32/73 [00:01<00:01, 24.93it/s]
预训练:  48%|████▊     | 35/73 [00:01<00:01, 24.99it/s]
预训练:  52%|█████▏    | 38/73 [00:01<00:01, 25.06it/s]
预训练:  56%|█████▌    | 41/73 [00:01<00:01, 25.20it/s]
预训练:  60%|██████    | 44/73 [00:01<00:01, 25.59it/s]
预训练:  64%|██████▍   | 47/73 [00:01<00:01, 25.28it/s]
预训练:  68%|██████▊   | 50/73 [00:01<00:00, 26.51it/s]
预训练:  73%|███████▎  | 53/73 [00:02<00:00, 25.13it/s]
预训练:  77%|███████▋  | 56/73 [00:02<00:00, 25.29it/s]
预训练:  81%|████████  | 59/73 [00:02<00:00, 25.14it/s]
预训练:  85%|████████▍ | 62/73 [00:02<00:00, 25.17it/s]
预训练:  89%|████████▉ | 65/73 [00:02<00:00, 25.13it/s]
预训练:  93%|█████████▎| 68/73 [00:02<00:00, 25.18it/s]
预训练:  97%|█████████▋| 71/73 [00:02<00:00, 25.38it/s]
预训练: 100%|██████████| 73/73 [00:02<00:00, 25.21it/s]
  [损失分解] Pred: 0.003554, Latent: 0.000523, Consistency: 0.000453, MultiX: 0.007506, MultiZ: 0.000982
Epoch 252/300: Train Loss = 0.012039, Val Loss = 0.004022, LR = 1.87e-05

预训练:   0%|          | 0/73 [00:00<?, ?it/s]
预训练:   4%|▍         | 3/73 [00:00<00:03, 20.77it/s]
预训练:   8%|▊         | 6/73 [00:00<00:02, 23.32it/s]
预训练:  12%|█▏        | 9/73 [00:00<00:02, 23.82it/s]
预训练:  16%|█▋        | 12/73 [00:00<00:02, 24.52it/s]
预训练:  21%|██        | 15/73 [00:00<00:02, 24.86it/s]
预训练:  25%|██▍       | 18/73 [00:00<00:02, 25.52it/s]
预训练:  29%|██▉       | 21/73 [00:00<00:02, 25.12it/s]
预训练:  33%|███▎      | 24/73 [00:00<00:01, 25.87it/s]
预训练:  37%|███▋      | 27/73 [00:01<00:01, 25.70it/s]
预训练:  41%|████      | 30/73 [00:01<00:01, 24.84it/s]
预训练:  45%|████▌     | 33/73 [00:01<00:01, 25.02it/s]
预训练:  49%|████▉     | 36/73 [00:01<00:01, 25.20it/s]
预训练:  53%|█████▎    | 39/73 [00:01<00:01, 25.04it/s]
预训练:  58%|█████▊    | 42/73 [00:01<00:01, 25.07it/s]
预训练:  62%|██████▏   | 45/73 [00:01<00:01, 25.33it/s]
预训练:  66%|██████▌   | 48/73 [00:01<00:00, 25.70it/s]
预训练:  70%|██████▉   | 51/73 [00:02<00:00, 25.68it/s]
预训练:  74%|███████▍  | 54/73 [00:02<00:00, 25.70it/s]
预训练:  78%|███████▊  | 57/73 [00:02<00:00, 25.68it/s]
预训练:  82%|████████▏ | 60/73 [00:02<00:00, 24.77it/s]
预训练:  86%|████████▋ | 63/73 [00:02<00:00, 26.00it/s]
预训练:  90%|█████████ | 66/73 [00:02<00:00, 24.92it/s]
预训练:  95%|█████████▍| 69/73 [00:02<00:00, 24.99it/s]
预训练:  99%|█████████▊| 72/73 [00:02<00:00, 25.23it/s]
预训练: 100%|██████████| 73/73 [00:02<00:00, 25.18it/s]
  [损失分解] Pred: 0.003580, Latent: 0.000525, Consistency: 0.000455, MultiX: 0.007524, MultiZ: 0.000983
Epoch 253/300: Train Loss = 0.012085, Val Loss = 0.004016, LR = 1.87e-05

预训练:   0%|          | 0/73 [00:00<?, ?it/s]
预训练:   4%|▍         | 3/73 [00:00<00:03, 21.18it/s]
预训练:   8%|▊         | 6/73 [00:00<00:02, 23.29it/s]
预训练:  12%|█▏        | 9/73 [00:00<00:02, 24.20it/s]
预训练:  18%|█▊        | 13/73 [00:00<00:02, 29.32it/s]
预训练:  25%|██▍       | 18/73 [00:00<00:01, 33.36it/s]
预训练:  32%|███▏      | 23/73 [00:00<00:01, 34.22it/s]
预训练:  37%|███▋      | 27/73 [00:00<00:01, 33.62it/s]
预训练:  42%|████▏     | 31/73 [00:00<00:01, 33.23it/s]
预训练:  48%|████▊     | 35/73 [00:01<00:01, 31.25it/s]
预训练:  53%|█████▎    | 39/73 [00:01<00:01, 29.57it/s]
预训练:  58%|█████▊    | 42/73 [00:01<00:01, 28.51it/s]
预训练:  62%|██████▏   | 45/73 [00:01<00:01, 27.58it/s]
预训练:  66%|██████▌   | 48/73 [00:01<00:00, 26.68it/s]
预训练:  70%|██████▉   | 51/73 [00:01<00:00, 26.33it/s]
预训练:  74%|███████▍  | 54/73 [00:01<00:00, 26.50it/s]
预训练:  78%|███████▊  | 57/73 [00:02<00:00, 25.33it/s]
预训练:  82%|████████▏ | 60/73 [00:02<00:00, 25.43it/s]
预训练:  86%|████████▋ | 63/73 [00:02<00:00, 25.47it/s]
预训练:  90%|█████████ | 66/73 [00:02<00:00, 25.31it/s]
预训练:  95%|█████████▍| 69/73 [00:02<00:00, 25.54it/s]
预训练:  99%|█████████▊| 72/73 [00:02<00:00, 25.36it/s]
预训练: 100%|██████████| 73/73 [00:02<00:00, 27.75it/s]
  [损失分解] Pred: 0.003578, Latent: 0.000526, Consistency: 0.000455, MultiX: 0.007488, MultiZ: 0.000980
Epoch 254/300: Train Loss = 0.012046, Val Loss = 0.003995, LR = 1.87e-05

预训练:   0%|          | 0/73 [00:00<?, ?it/s]
预训练:   3%|▎         | 2/73 [00:00<00:03, 19.56it/s]
预训练:   7%|▋         | 5/73 [00:00<00:02, 22.83it/s]
预训练:  11%|█         | 8/73 [00:00<00:02, 24.60it/s]
预训练:  15%|█▌        | 11/73 [00:00<00:02, 25.02it/s]
预训练:  19%|█▉        | 14/73 [00:00<00:02, 25.23it/s]
预训练:  23%|██▎       | 17/73 [00:00<00:02, 25.07it/s]
预训练:  27%|██▋       | 20/73 [00:00<00:02, 25.33it/s]
预训练:  32%|███▏      | 23/73 [00:00<00:01, 25.44it/s]
预训练:  36%|███▌      | 26/73 [00:01<00:01, 25.78it/s]
预训练:  40%|███▉      | 29/73 [00:01<00:01, 25.77it/s]
预训练:  44%|████▍     | 32/73 [00:01<00:01, 25.74it/s]
预训练:  48%|████▊     | 35/73 [00:01<00:01, 25.08it/s]
预训练:  52%|█████▏    | 38/73 [00:01<00:01, 25.92it/s]
预训练:  56%|█████▌    | 41/73 [00:01<00:01, 25.82it/s]
预训练:  60%|██████    | 44/73 [00:01<00:01, 24.81it/s]
预训练:  64%|██████▍   | 47/73 [00:01<00:01, 25.10it/s]
预训练:  68%|██████▊   | 50/73 [00:01<00:00, 25.21it/s]
预训练:  73%|███████▎  | 53/73 [00:02<00:00, 25.47it/s]
预训练:  77%|███████▋  | 56/73 [00:02<00:00, 25.43it/s]
预训练:  81%|████████  | 59/73 [00:02<00:00, 25.43it/s]
预训练:  85%|████████▍ | 62/73 [00:02<00:00, 25.32it/s]
预训练:  89%|████████▉ | 65/73 [00:02<00:00, 25.60it/s]
预训练:  93%|█████████▎| 68/73 [00:02<00:00, 25.63it/s]
预训练:  97%|█████████▋| 71/73 [00:02<00:00, 25.36it/s]
预训练: 100%|██████████| 73/73 [00:02<00:00, 25.43it/s]
  [损失分解] Pred: 0.003578, Latent: 0.000524, Consistency: 0.000454, MultiX: 0.007512, MultiZ: 0.000982
Epoch 255/300: Train Loss = 0.012069, Val Loss = 0.004002, LR = 1.87e-05

预训练:   0%|          | 0/73 [00:00<?, ?it/s]
预训练:   3%|▎         | 2/73 [00:00<00:04, 14.79it/s]
预训练:   7%|▋         | 5/73 [00:00<00:03, 20.32it/s]
预训练:  11%|█         | 8/73 [00:00<00:02, 22.66it/s]
预训练:  15%|█▌        | 11/73 [00:00<00:02, 23.61it/s]
预训练:  19%|█▉        | 14/73 [00:00<00:02, 24.30it/s]
预训练:  23%|██▎       | 17/73 [00:00<00:02, 24.83it/s]
预训练:  27%|██▋       | 20/73 [00:00<00:02, 25.18it/s]
预训练:  32%|███▏      | 23/73 [00:00<00:01, 25.29it/s]
预训练:  36%|███▌      | 26/73 [00:01<00:01, 24.66it/s]
预训练:  40%|███▉      | 29/73 [00:01<00:01, 24.82it/s]
预训练:  44%|████▍     | 32/73 [00:01<00:01, 24.94it/s]
预训练:  48%|████▊     | 35/73 [00:01<00:01, 25.25it/s]
预训练:  52%|█████▏    | 38/73 [00:01<00:01, 25.37it/s]
预训练:  56%|█████▌    | 41/73 [00:01<00:01, 25.33it/s]
预训练:  60%|██████    | 44/73 [00:01<00:01, 25.43it/s]
预训练:  64%|██████▍   | 47/73 [00:01<00:01, 25.52it/s]
预训练:  68%|██████▊   | 50/73 [00:02<00:00, 25.62it/s]
预训练:  73%|███████▎  | 53/73 [00:02<00:00, 25.23it/s]
预训练:  77%|███████▋  | 56/73 [00:02<00:00, 25.24it/s]
预训练:  81%|████████  | 59/73 [00:02<00:00, 25.27it/s]
预训练:  85%|████████▍ | 62/73 [00:02<00:00, 25.43it/s]
预训练:  89%|████████▉ | 65/73 [00:02<00:00, 25.47it/s]
预训练:  93%|█████████▎| 68/73 [00:02<00:00, 25.36it/s]
预训练:  97%|█████████▋| 71/73 [00:02<00:00, 26.24it/s]
预训练: 100%|██████████| 73/73 [00:02<00:00, 25.07it/s]
  [损失分解] Pred: 0.003546, Latent: 0.000521, Consistency: 0.000451, MultiX: 0.007502, MultiZ: 0.000981
Epoch 256/300: Train Loss = 0.012025, Val Loss = 0.004005, LR = 1.87e-05

预训练:   0%|          | 0/73 [00:00<?, ?it/s]
预训练:   4%|▍         | 3/73 [00:00<00:03, 20.61it/s]
预训练:   8%|▊         | 6/73 [00:00<00:02, 23.99it/s]
预训练:  12%|█▏        | 9/73 [00:00<00:02, 24.68it/s]
预训练:  16%|█▋        | 12/73 [00:00<00:02, 24.29it/s]
预训练:  21%|██        | 15/73 [00:00<00:02, 24.74it/s]
预训练:  25%|██▍       | 18/73 [00:00<00:02, 25.75it/s]
预训练:  29%|██▉       | 21/73 [00:00<00:02, 25.86it/s]
预训练:  33%|███▎      | 24/73 [00:00<00:01, 24.98it/s]
预训练:  37%|███▋      | 27/73 [00:01<00:01, 25.18it/s]
预训练:  41%|████      | 30/73 [00:01<00:01, 26.19it/s]
预训练:  45%|████▌     | 33/73 [00:01<00:01, 26.06it/s]
预训练:  49%|████▉     | 36/73 [00:01<00:01, 24.98it/s]
预训练:  53%|█████▎    | 39/73 [00:01<00:01, 25.01it/s]
预训练:  58%|█████▊    | 42/73 [00:01<00:01, 25.28it/s]
预训练:  62%|██████▏   | 45/73 [00:01<00:01, 25.38it/s]
预训练:  66%|██████▌   | 48/73 [00:01<00:00, 25.50it/s]
预训练:  70%|██████▉   | 51/73 [00:02<00:00, 25.54it/s]
预训练:  74%|███████▍  | 54/73 [00:02<00:00, 25.61it/s]
预训练:  78%|███████▊  | 57/73 [00:02<00:00, 25.51it/s]
预训练:  82%|████████▏ | 60/73 [00:02<00:00, 25.54it/s]
预训练:  86%|████████▋ | 63/73 [00:02<00:00, 25.55it/s]
预训练:  90%|█████████ | 66/73 [00:02<00:00, 25.63it/s]
预训练:  95%|█████████▍| 69/73 [00:02<00:00, 25.37it/s]
预训练:  99%|█████████▊| 72/73 [00:02<00:00, 25.50it/s]
预训练: 100%|██████████| 73/73 [00:02<00:00, 25.39it/s]
  [损失分解] Pred: 0.003559, Latent: 0.000522, Consistency: 0.000452, MultiX: 0.007505, MultiZ: 0.000982
Epoch 257/300: Train Loss = 0.012041, Val Loss = 0.004003, LR = 1.87e-05

预训练:   0%|          | 0/73 [00:00<?, ?it/s]
预训练:   4%|▍         | 3/73 [00:00<00:03, 20.35it/s]
预训练:   8%|▊         | 6/73 [00:00<00:02, 22.91it/s]
预训练:  12%|█▏        | 9/73 [00:00<00:02, 24.01it/s]
预训练:  16%|█▋        | 12/73 [00:00<00:02, 24.36it/s]
预训练:  21%|██        | 15/73 [00:00<00:02, 25.29it/s]
预训练:  25%|██▍       | 18/73 [00:00<00:02, 24.66it/s]
预训练:  29%|██▉       | 21/73 [00:00<00:02, 26.00it/s]
预训练:  33%|███▎      | 24/73 [00:00<00:01, 24.92it/s]
预训练:  37%|███▋      | 27/73 [00:01<00:01, 24.98it/s]
预训练:  41%|████      | 30/73 [00:01<00:01, 26.11it/s]
预训练:  45%|████▌     | 33/73 [00:01<00:01, 25.06it/s]
预训练:  49%|████▉     | 36/73 [00:01<00:01, 25.24it/s]
预训练:  53%|█████▎    | 39/73 [00:01<00:01, 25.27it/s]
预训练:  58%|█████▊    | 42/73 [00:01<00:01, 25.45it/s]
预训练:  62%|██████▏   | 45/73 [00:01<00:01, 25.38it/s]
预训练:  66%|██████▌   | 48/73 [00:01<00:00, 25.50it/s]
预训练:  70%|██████▉   | 51/73 [00:02<00:00, 25.38it/s]
预训练:  74%|███████▍  | 54/73 [00:02<00:00, 25.64it/s]
预训练:  78%|███████▊  | 57/73 [00:02<00:00, 25.88it/s]
预训练:  82%|████████▏ | 60/73 [00:02<00:00, 25.36it/s]
预训练:  86%|████████▋ | 63/73 [00:02<00:00, 25.52it/s]
预训练:  90%|█████████ | 66/73 [00:02<00:00, 25.49it/s]
预训练:  95%|█████████▍| 69/73 [00:02<00:00, 25.41it/s]
预训练:  99%|█████████▊| 72/73 [00:02<00:00, 25.99it/s]
预训练: 100%|██████████| 73/73 [00:02<00:00, 25.27it/s]
  [损失分解] Pred: 0.003559, Latent: 0.000523, Consistency: 0.000452, MultiX: 0.007459, MultiZ: 0.000977
Epoch 258/300: Train Loss = 0.011994, Val Loss = 0.003988, LR = 1.87e-05

预训练:   0%|          | 0/73 [00:00<?, ?it/s]
预训练:   3%|▎         | 2/73 [00:00<00:03, 18.31it/s]
预训练:   7%|▋         | 5/73 [00:00<00:03, 22.63it/s]
预训练:  11%|█         | 8/73 [00:00<00:02, 23.90it/s]
预训练:  15%|█▌        | 11/73 [00:00<00:02, 24.51it/s]
预训练:  19%|█▉        | 14/73 [00:00<00:02, 24.85it/s]
预训练:  23%|██▎       | 17/73 [00:00<00:02, 25.01it/s]
预训练:  27%|██▋       | 20/73 [00:00<00:02, 25.29it/s]
预训练:  32%|███▏      | 23/73 [00:00<00:01, 25.03it/s]
预训练:  36%|███▌      | 26/73 [00:01<00:01, 24.97it/s]
预训练:  40%|███▉      | 29/73 [00:01<00:01, 25.12it/s]
预训练:  44%|████▍     | 32/73 [00:01<00:01, 25.28it/s]
预训练:  48%|████▊     | 35/73 [00:01<00:01, 25.14it/s]
预训练:  52%|█████▏    | 38/73 [00:01<00:01, 25.35it/s]
预训练:  56%|█████▌    | 41/73 [00:01<00:01, 25.23it/s]
预训练:  60%|██████    | 44/73 [00:01<00:01, 25.00it/s]
预训练:  64%|██████▍   | 47/73 [00:01<00:01, 25.33it/s]
预训练:  68%|██████▊   | 50/73 [00:02<00:00, 25.30it/s]
预训练:  73%|███████▎  | 53/73 [00:02<00:00, 25.74it/s]
预训练:  77%|███████▋  | 56/73 [00:02<00:00, 25.76it/s]
预训练:  81%|████████  | 59/73 [00:02<00:00, 24.87it/s]
预训练:  85%|████████▍ | 62/73 [00:02<00:00, 24.98it/s]
预训练:  89%|████████▉ | 65/73 [00:02<00:00, 25.22it/s]
预训练:  93%|█████████▎| 68/73 [00:02<00:00, 25.18it/s]
预训练:  97%|█████████▋| 71/73 [00:02<00:00, 25.48it/s]
预训练: 100%|██████████| 73/73 [00:02<00:00, 25.16it/s]
  [损失分解] Pred: 0.003562, Latent: 0.000522, Consistency: 0.000452, MultiX: 0.007493, MultiZ: 0.000980
Epoch 259/300: Train Loss = 0.012032, Val Loss = 0.004005, LR = 1.87e-05

预训练:   0%|          | 0/73 [00:00<?, ?it/s]
预训练:   3%|▎         | 2/73 [00:00<00:03, 19.17it/s]
预训练:   7%|▋         | 5/73 [00:00<00:02, 22.94it/s]
预训练:  11%|█         | 8/73 [00:00<00:02, 25.31it/s]
预训练:  15%|█▌        | 11/73 [00:00<00:02, 24.52it/s]
预训练:  19%|█▉        | 14/73 [00:00<00:02, 25.73it/s]
预训练:  23%|██▎       | 17/73 [00:00<00:02, 25.79it/s]
预训练:  27%|██▋       | 20/73 [00:00<00:02, 24.87it/s]
预训练:  32%|███▏      | 23/73 [00:00<00:02, 24.88it/s]
预训练:  36%|███▌      | 26/73 [00:01<00:01, 25.14it/s]
预训练:  40%|███▉      | 29/73 [00:01<00:01, 25.30it/s]
预训练:  44%|████▍     | 32/73 [00:01<00:01, 25.22it/s]
预训练:  48%|████▊     | 35/73 [00:01<00:01, 25.25it/s]
预训练:  52%|█████▏    | 38/73 [00:01<00:01, 25.38it/s]
预训练:  56%|█████▌    | 41/73 [00:01<00:01, 25.60it/s]
预训练:  60%|██████    | 44/73 [00:01<00:01, 25.76it/s]
预训练:  64%|██████▍   | 47/73 [00:01<00:01, 25.78it/s]
预训练:  68%|██████▊   | 50/73 [00:01<00:00, 25.72it/s]
预训练:  73%|███████▎  | 53/73 [00:02<00:00, 25.74it/s]
预训练:  77%|███████▋  | 56/73 [00:02<00:00, 24.77it/s]
预训练:  81%|████████  | 59/73 [00:02<00:00, 24.98it/s]
预训练:  85%|████████▍ | 62/73 [00:02<00:00, 25.01it/s]
预训练:  89%|████████▉ | 65/73 [00:02<00:00, 25.30it/s]
预训练:  93%|█████████▎| 68/73 [00:02<00:00, 25.04it/s]
预训练:  97%|█████████▋| 71/73 [00:02<00:00, 25.41it/s]
预训练: 100%|██████████| 73/73 [00:02<00:00, 25.25it/s]
  [损失分解] Pred: 0.003558, Latent: 0.000521, Consistency: 0.000452, MultiX: 0.007457, MultiZ: 0.000976
  >>> 学习率降低: 1.87e-05 -> 9.37e-06
Epoch 260/300: Train Loss = 0.011990, Val Loss = 0.003996, LR = 9.37e-06

预训练:   0%|          | 0/73 [00:00<?, ?it/s]
预训练:   3%|▎         | 2/73 [00:00<00:04, 16.95it/s]
预训练:   7%|▋         | 5/73 [00:00<00:03, 20.43it/s]
预训练:  11%|█         | 8/73 [00:00<00:02, 22.30it/s]
预训练:  15%|█▌        | 11/73 [00:00<00:02, 23.68it/s]
预训练:  19%|█▉        | 14/73 [00:00<00:02, 24.40it/s]
预训练:  23%|██▎       | 17/73 [00:00<00:02, 24.62it/s]
预训练:  27%|██▋       | 20/73 [00:00<00:02, 25.57it/s]
预训练:  32%|███▏      | 23/73 [00:00<00:02, 24.84it/s]
预训练:  36%|███▌      | 26/73 [00:01<00:01, 25.69it/s]
预训练:  40%|███▉      | 29/73 [00:01<00:01, 25.02it/s]
预训练:  44%|████▍     | 32/73 [00:01<00:01, 25.87it/s]
预训练:  48%|████▊     | 35/73 [00:01<00:01, 25.17it/s]
预训练:  52%|█████▏    | 38/73 [00:01<00:01, 25.26it/s]
预训练:  56%|█████▌    | 41/73 [00:01<00:01, 25.26it/s]
预训练:  60%|██████    | 44/73 [00:01<00:01, 25.25it/s]
预训练:  64%|██████▍   | 47/73 [00:01<00:01, 25.37it/s]
预训练:  68%|██████▊   | 50/73 [00:02<00:00, 25.47it/s]
预训练:  73%|███████▎  | 53/73 [00:02<00:00, 25.41it/s]
预训练:  77%|███████▋  | 56/73 [00:02<00:00, 25.53it/s]
预训练:  81%|████████  | 59/73 [00:02<00:00, 25.38it/s]
预训练:  85%|████████▍ | 62/73 [00:02<00:00, 25.28it/s]
预训练:  89%|████████▉ | 65/73 [00:02<00:00, 25.15it/s]
预训练:  93%|█████████▎| 68/73 [00:02<00:00, 25.95it/s]
预训练:  97%|█████████▋| 71/73 [00:02<00:00, 25.88it/s]
预训练: 100%|██████████| 73/73 [00:02<00:00, 25.13it/s]
  [损失分解] Pred: 0.003536, Latent: 0.000521, Consistency: 0.000449, MultiX: 0.007456, MultiZ: 0.000976
Epoch 261/300: Train Loss = 0.011965, Val Loss = 0.003987, LR = 9.37e-06

预训练:   0%|          | 0/73 [00:00<?, ?it/s]
预训练:   3%|▎         | 2/73 [00:00<00:03, 19.00it/s]
预训练:   7%|▋         | 5/73 [00:00<00:03, 22.63it/s]
预训练:  11%|█         | 8/73 [00:00<00:02, 24.17it/s]
预训练:  15%|█▌        | 11/73 [00:00<00:02, 24.10it/s]
预训练:  19%|█▉        | 14/73 [00:00<00:02, 24.51it/s]
预训练:  23%|██▎       | 17/73 [00:00<00:02, 24.97it/s]
预训练:  27%|██▋       | 20/73 [00:00<00:02, 25.25it/s]
预训练:  32%|███▏      | 23/73 [00:00<00:01, 25.33it/s]
预训练:  36%|███▌      | 26/73 [00:01<00:01, 25.42it/s]
预训练:  40%|███▉      | 29/73 [00:01<00:01, 25.41it/s]
预训练:  44%|████▍     | 32/73 [00:01<00:01, 25.43it/s]
预训练:  48%|████▊     | 35/73 [00:01<00:01, 25.52it/s]
预训练:  52%|█████▏    | 38/73 [00:01<00:01, 25.44it/s]
预训练:  56%|█████▌    | 41/73 [00:01<00:01, 25.44it/s]
预训练:  60%|██████    | 44/73 [00:01<00:01, 25.50it/s]
预训练:  64%|██████▍   | 47/73 [00:01<00:01, 25.37it/s]
预训练:  68%|██████▊   | 50/73 [00:01<00:00, 25.45it/s]
预训练:  73%|███████▎  | 53/73 [00:02<00:00, 25.41it/s]
预训练:  77%|███████▋  | 56/73 [00:02<00:00, 26.04it/s]
预训练:  81%|████████  | 59/73 [00:02<00:00, 25.94it/s]
预训练:  85%|████████▍ | 62/73 [00:02<00:00, 25.86it/s]
预训练:  89%|████████▉ | 65/73 [00:02<00:00, 25.84it/s]
预训练:  93%|█████████▎| 68/73 [00:02<00:00, 25.79it/s]
预训练:  97%|█████████▋| 71/73 [00:02<00:00, 25.19it/s]
预训练: 100%|██████████| 73/73 [00:02<00:00, 25.27it/s]
  [损失分解] Pred: 0.003548, Latent: 0.000521, Consistency: 0.000451, MultiX: 0.007475, MultiZ: 0.000978
Epoch 262/300: Train Loss = 0.011998, Val Loss = 0.003994, LR = 9.37e-06

预训练:   0%|          | 0/73 [00:00<?, ?it/s]
预训练:   3%|▎         | 2/73 [00:00<00:03, 19.48it/s]
预训练:   7%|▋         | 5/73 [00:00<00:02, 22.95it/s]
预训练:  11%|█         | 8/73 [00:00<00:02, 24.98it/s]
预训练:  15%|█▌        | 11/73 [00:00<00:02, 25.29it/s]
预训练:  19%|█▉        | 14/73 [00:00<00:02, 24.70it/s]
预训练:  23%|██▎       | 17/73 [00:00<00:02, 24.89it/s]
预训练:  27%|██▋       | 20/73 [00:00<00:02, 26.09it/s]
预训练:  32%|███▏      | 23/73 [00:00<00:01, 25.19it/s]
预训练:  36%|███▌      | 26/73 [00:01<00:01, 25.14it/s]
预训练:  40%|███▉      | 29/73 [00:01<00:01, 25.24it/s]
预训练:  44%|████▍     | 32/73 [00:01<00:01, 26.31it/s]
预训练:  48%|████▊     | 35/73 [00:01<00:01, 26.12it/s]
预训练:  55%|█████▍    | 40/73 [00:01<00:01, 31.27it/s]
预训练:  60%|██████    | 44/73 [00:01<00:00, 32.15it/s]
预训练:  66%|██████▌   | 48/73 [00:01<00:00, 33.36it/s]
预训练:  71%|███████   | 52/73 [00:01<00:00, 33.58it/s]
预训练:  77%|███████▋  | 56/73 [00:01<00:00, 32.78it/s]
预训练:  82%|████████▏ | 60/73 [00:02<00:00, 31.47it/s]
预训练:  88%|████████▊ | 64/73 [00:02<00:00, 30.00it/s]
预训练:  93%|█████████▎| 68/73 [00:02<00:00, 29.42it/s]
预训练:  97%|█████████▋| 71/73 [00:02<00:00, 27.69it/s]
预训练: 100%|██████████| 73/73 [00:02<00:00, 28.12it/s]
  [损失分解] Pred: 0.003560, Latent: 0.000522, Consistency: 0.000452, MultiX: 0.007411, MultiZ: 0.000971
Epoch 263/300: Train Loss = 0.011944, Val Loss = 0.004003, LR = 9.37e-06

预训练:   0%|          | 0/73 [00:00<?, ?it/s]
预训练:   4%|▍         | 3/73 [00:00<00:03, 20.26it/s]
预训练:   8%|▊         | 6/73 [00:00<00:02, 23.12it/s]
预训练:  12%|█▏        | 9/73 [00:00<00:02, 24.04it/s]
预训练:  16%|█▋        | 12/73 [00:00<00:02, 24.42it/s]
预训练:  21%|██        | 15/73 [00:00<00:02, 24.62it/s]
预训练:  25%|██▍       | 18/73 [00:00<00:02, 25.46it/s]
预训练:  29%|██▉       | 21/73 [00:00<00:02, 24.86it/s]
预训练:  33%|███▎      | 24/73 [00:00<00:01, 25.04it/s]
预训练:  37%|███▋      | 27/73 [00:01<00:01, 26.09it/s]
预训练:  41%|████      | 30/73 [00:01<00:01, 24.99it/s]
预训练:  45%|████▌     | 33/73 [00:01<00:01, 26.05it/s]
预训练:  49%|████▉     | 36/73 [00:01<00:01, 25.97it/s]
预训练:  53%|█████▎    | 39/73 [00:01<00:01, 24.97it/s]
预训练:  58%|█████▊    | 42/73 [00:01<00:01, 24.99it/s]
预训练:  62%|██████▏   | 45/73 [00:01<00:01, 24.83it/s]
预训练:  66%|██████▌   | 48/73 [00:01<00:01, 24.89it/s]
预训练:  70%|██████▉   | 51/73 [00:02<00:00, 25.02it/s]
预训练:  74%|███████▍  | 54/73 [00:02<00:00, 25.91it/s]
预训练:  78%|███████▊  | 57/73 [00:02<00:00, 24.85it/s]
预训练:  82%|████████▏ | 60/73 [00:02<00:00, 25.03it/s]
预训练:  86%|████████▋ | 63/73 [00:02<00:00, 25.21it/s]
预训练:  90%|█████████ | 66/73 [00:02<00:00, 25.34it/s]
预训练:  95%|█████████▍| 69/73 [00:02<00:00, 25.22it/s]
预训练:  99%|█████████▊| 72/73 [00:02<00:00, 25.36it/s]
预训练: 100%|██████████| 73/73 [00:02<00:00, 25.16it/s]
  [损失分解] Pred: 0.003555, Latent: 0.000521, Consistency: 0.000451, MultiX: 0.007447, MultiZ: 0.000974
Epoch 264/300: Train Loss = 0.011975, Val Loss = 0.003983, LR = 9.37e-06

预训练:   0%|          | 0/73 [00:00<?, ?it/s]
预训练:   3%|▎         | 2/73 [00:00<00:03, 18.37it/s]
预训练:   7%|▋         | 5/73 [00:00<00:03, 22.58it/s]
预训练:  11%|█         | 8/73 [00:00<00:02, 24.05it/s]
预训练:  15%|█▌        | 11/73 [00:00<00:02, 24.65it/s]
预训练:  19%|█▉        | 14/73 [00:00<00:02, 24.72it/s]
预训练:  23%|██▎       | 17/73 [00:00<00:02, 25.29it/s]
预训练:  27%|██▋       | 20/73 [00:00<00:02, 24.69it/s]
预训练:  32%|███▏      | 23/73 [00:00<00:01, 25.70it/s]
预训练:  36%|███▌      | 26/73 [00:01<00:01, 24.61it/s]
预训练:  40%|███▉      | 29/73 [00:01<00:01, 24.73it/s]
预训练:  44%|████▍     | 32/73 [00:01<00:01, 25.08it/s]
预训练:  48%|████▊     | 35/73 [00:01<00:01, 25.29it/s]
预训练:  52%|█████▏    | 38/73 [00:01<00:01, 25.13it/s]
预训练:  56%|█████▌    | 41/73 [00:01<00:01, 25.65it/s]
预训练:  60%|██████    | 44/73 [00:01<00:01, 24.99it/s]
预训练:  64%|██████▍   | 47/73 [00:01<00:01, 25.91it/s]
预训练:  68%|██████▊   | 50/73 [00:02<00:00, 24.60it/s]
预训练:  73%|███████▎  | 53/73 [00:02<00:00, 24.85it/s]
预训练:  77%|███████▋  | 56/73 [00:02<00:00, 24.90it/s]
预训练:  81%|████████  | 59/73 [00:02<00:00, 24.99it/s]
预训练:  85%|████████▍ | 62/73 [00:02<00:00, 25.14it/s]
预训练:  89%|████████▉ | 65/73 [00:02<00:00, 25.93it/s]
预训练:  93%|█████████▎| 68/73 [00:02<00:00, 25.88it/s]
预训练:  97%|█████████▋| 71/73 [00:02<00:00, 25.12it/s]
预训练: 100%|██████████| 73/73 [00:02<00:00, 25.19it/s]
  [损失分解] Pred: 0.003559, Latent: 0.000522, Consistency: 0.000452, MultiX: 0.007443, MultiZ: 0.000975
Epoch 265/300: Train Loss = 0.011976, Val Loss = 0.003990, LR = 9.37e-06

预训练:   0%|          | 0/73 [00:00<?, ?it/s]
预训练:   1%|▏         | 1/73 [00:00<00:07,  9.43it/s]
预训练:   5%|▌         | 4/73 [00:00<00:03, 19.87it/s]
预训练:  10%|▉         | 7/73 [00:00<00:03, 21.98it/s]
预训练:  14%|█▎        | 10/73 [00:00<00:02, 23.37it/s]
预训练:  18%|█▊        | 13/73 [00:00<00:02, 24.14it/s]
预训练:  22%|██▏       | 16/73 [00:00<00:02, 25.20it/s]
预训练:  26%|██▌       | 19/73 [00:00<00:02, 25.53it/s]
预训练:  30%|███       | 22/73 [00:00<00:01, 25.60it/s]
预训练:  34%|███▍      | 25/73 [00:01<00:01, 24.77it/s]
预训练:  38%|███▊      | 28/73 [00:01<00:01, 25.91it/s]
预训练:  42%|████▏     | 31/73 [00:01<00:01, 24.94it/s]
预训练:  47%|████▋     | 34/73 [00:01<00:01, 25.13it/s]
预训练:  51%|█████     | 37/73 [00:01<00:01, 25.25it/s]
预训练:  55%|█████▍    | 40/73 [00:01<00:01, 25.37it/s]
预训练:  59%|█████▉    | 43/73 [00:01<00:01, 25.47it/s]
预训练:  63%|██████▎   | 46/73 [00:01<00:01, 25.42it/s]
预训练:  67%|██████▋   | 49/73 [00:01<00:00, 26.61it/s]
预训练:  71%|███████   | 52/73 [00:02<00:00, 25.24it/s]
预训练:  75%|███████▌  | 55/73 [00:02<00:00, 25.14it/s]
预训练:  79%|███████▉  | 58/73 [00:02<00:00, 25.23it/s]
预训练:  84%|████████▎ | 61/73 [00:02<00:00, 25.37it/s]
预训练:  88%|████████▊ | 64/73 [00:02<00:00, 25.45it/s]
预训练:  92%|█████████▏| 67/73 [00:02<00:00, 25.45it/s]
预训练:  96%|█████████▌| 70/73 [00:02<00:00, 25.58it/s]
预训练: 100%|██████████| 73/73 [00:02<00:00, 26.34it/s]
预训练: 100%|██████████| 73/73 [00:02<00:00, 25.05it/s]
  [损失分解] Pred: 0.003555, Latent: 0.000521, Consistency: 0.000452, MultiX: 0.007471, MultiZ: 0.000977
Epoch 266/300: Train Loss = 0.012002, Val Loss = 0.004007, LR = 9.37e-06

预训练:   0%|          | 0/73 [00:00<?, ?it/s]
预训练:   3%|▎         | 2/73 [00:00<00:03, 19.69it/s]
预训练:   7%|▋         | 5/73 [00:00<00:02, 22.87it/s]
预训练:  11%|█         | 8/73 [00:00<00:02, 24.48it/s]
预训练:  15%|█▌        | 11/73 [00:00<00:02, 24.81it/s]
预训练:  19%|█▉        | 14/73 [00:00<00:02, 25.05it/s]
预训练:  23%|██▎       | 17/73 [00:00<00:02, 25.40it/s]
预训练:  27%|██▋       | 20/73 [00:00<00:02, 25.19it/s]
预训练:  32%|███▏      | 23/73 [00:00<00:01, 25.23it/s]
预训练:  36%|███▌      | 26/73 [00:01<00:01, 25.38it/s]
预训练:  40%|███▉      | 29/73 [00:01<00:01, 25.51it/s]
预训练:  44%|████▍     | 32/73 [00:01<00:01, 26.16it/s]
预训练:  48%|████▊     | 35/73 [00:01<00:01, 25.19it/s]
预训练:  52%|█████▏    | 38/73 [00:01<00:01, 25.17it/s]
预训练:  56%|█████▌    | 41/73 [00:01<00:01, 25.07it/s]
预训练:  60%|██████    | 44/73 [00:01<00:01, 25.11it/s]
预训练:  64%|██████▍   | 47/73 [00:01<00:01, 25.41it/s]
预训练:  68%|██████▊   | 50/73 [00:01<00:00, 25.50it/s]
预训练:  73%|███████▎  | 53/73 [00:02<00:00, 25.49it/s]
预训练:  77%|███████▋  | 56/73 [00:02<00:00, 25.80it/s]
预训练:  81%|████████  | 59/73 [00:02<00:00, 25.09it/s]
预训练:  85%|████████▍ | 62/73 [00:02<00:00, 25.94it/s]
预训练:  89%|████████▉ | 65/73 [00:02<00:00, 25.85it/s]
预训练:  93%|█████████▎| 68/73 [00:02<00:00, 25.28it/s]
预训练:  97%|█████████▋| 71/73 [00:02<00:00, 25.39it/s]
预训练: 100%|██████████| 73/73 [00:02<00:00, 25.35it/s]
  [损失分解] Pred: 0.003543, Latent: 0.000521, Consistency: 0.000450, MultiX: 0.007464, MultiZ: 0.000976
Epoch 267/300: Train Loss = 0.011981, Val Loss = 0.003985, LR = 9.37e-06

预训练:   0%|          | 0/73 [00:00<?, ?it/s]
预训练:   4%|▍         | 3/73 [00:00<00:02, 26.37it/s]
预训练:   8%|▊         | 6/73 [00:00<00:02, 25.99it/s]
预训练:  12%|█▏        | 9/73 [00:00<00:02, 25.77it/s]
预训练:  16%|█▋        | 12/73 [00:00<00:02, 26.92it/s]
预训练:  21%|██        | 15/73 [00:00<00:02, 25.25it/s]
预训练:  25%|██▍       | 18/73 [00:00<00:02, 25.46it/s]
预训练:  29%|██▉       | 21/73 [00:00<00:02, 25.26it/s]
预训练:  33%|███▎      | 24/73 [00:00<00:01, 25.50it/s]
预训练:  37%|███▋      | 27/73 [00:01<00:01, 25.40it/s]
预训练:  41%|████      | 30/73 [00:01<00:01, 25.33it/s]
预训练:  45%|████▌     | 33/73 [00:01<00:01, 25.50it/s]
预训练:  49%|████▉     | 36/73 [00:01<00:01, 25.54it/s]
预训练:  53%|█████▎    | 39/73 [00:01<00:01, 25.45it/s]
预训练:  58%|█████▊    | 42/73 [00:01<00:01, 25.45it/s]
预训练:  62%|██████▏   | 45/73 [00:01<00:01, 25.52it/s]
预训练:  66%|██████▌   | 48/73 [00:01<00:00, 25.62it/s]
预训练:  70%|██████▉   | 51/73 [00:01<00:00, 26.09it/s]
预训练:  74%|███████▍  | 54/73 [00:02<00:00, 25.97it/s]
预训练:  78%|███████▊  | 57/73 [00:02<00:00, 25.87it/s]
预训练:  82%|████████▏ | 60/73 [00:02<00:00, 25.83it/s]
预训练:  86%|████████▋ | 63/73 [00:02<00:00, 25.76it/s]
预训练:  90%|█████████ | 66/73 [00:02<00:00, 25.75it/s]
预训练:  95%|█████████▍| 69/73 [00:02<00:00, 24.82it/s]
预训练:  99%|█████████▊| 72/73 [00:02<00:00, 24.88it/s]
预训练: 100%|██████████| 73/73 [00:02<00:00, 25.62it/s]
  [损失分解] Pred: 0.003539, Latent: 0.000520, Consistency: 0.000450, MultiX: 0.007439, MultiZ: 0.000974
Epoch 268/300: Train Loss = 0.011951, Val Loss = 0.003994, LR = 9.37e-06

预训练:   0%|          | 0/73 [00:00<?, ?it/s]
预训练:   3%|▎         | 2/73 [00:00<00:03, 19.76it/s]
预训练:   7%|▋         | 5/73 [00:00<00:02, 23.11it/s]
预训练:  11%|█         | 8/73 [00:00<00:02, 24.10it/s]
预训练:  15%|█▌        | 11/73 [00:00<00:02, 24.50it/s]
预训练:  19%|█▉        | 14/73 [00:00<00:02, 25.19it/s]
预训练:  23%|██▎       | 17/73 [00:00<00:02, 25.07it/s]
预训练:  27%|██▋       | 20/73 [00:00<00:02, 25.55it/s]
预训练:  32%|███▏      | 23/73 [00:00<00:02, 24.94it/s]
预训练:  36%|███▌      | 26/73 [00:01<00:01, 25.84it/s]
预训练:  40%|███▉      | 29/73 [00:01<00:01, 25.78it/s]
预训练:  44%|████▍     | 32/73 [00:01<00:01, 24.70it/s]
预训练:  48%|████▊     | 35/73 [00:01<00:01, 24.82it/s]
预训练:  52%|█████▏    | 38/73 [00:01<00:01, 24.93it/s]
预训练:  56%|█████▌    | 41/73 [00:01<00:01, 25.21it/s]
预训练:  60%|██████    | 44/73 [00:01<00:01, 25.30it/s]
预训练:  64%|██████▍   | 47/73 [00:01<00:01, 25.74it/s]
预训练:  68%|██████▊   | 50/73 [00:01<00:00, 25.21it/s]
预训练:  73%|███████▎  | 53/73 [00:02<00:00, 25.23it/s]
预训练:  77%|███████▋  | 56/73 [00:02<00:00, 25.96it/s]
预训练:  81%|████████  | 59/73 [00:02<00:00, 25.16it/s]
预训练:  85%|████████▍ | 62/73 [00:02<00:00, 25.32it/s]
预训练:  89%|████████▉ | 65/73 [00:02<00:00, 25.43it/s]
预训练:  93%|█████████▎| 68/73 [00:02<00:00, 25.43it/s]
预训练:  97%|█████████▋| 71/73 [00:02<00:00, 25.43it/s]
预训练: 100%|██████████| 73/73 [00:02<00:00, 25.22it/s]
  [损失分解] Pred: 0.003538, Latent: 0.000520, Consistency: 0.000449, MultiX: 0.007442, MultiZ: 0.000974
Epoch 269/300: Train Loss = 0.011952, Val Loss = 0.004006, LR = 9.37e-06

预训练:   0%|          | 0/73 [00:00<?, ?it/s]
预训练:   4%|▍         | 3/73 [00:00<00:03, 21.69it/s]
预训练:   8%|▊         | 6/73 [00:00<00:02, 24.40it/s]
预训练:  12%|█▏        | 9/73 [00:00<00:02, 24.95it/s]
预训练:  16%|█▋        | 12/73 [00:00<00:02, 25.22it/s]
预训练:  21%|██        | 15/73 [00:00<00:02, 25.04it/s]
预训练:  25%|██▍       | 18/73 [00:00<00:02, 25.21it/s]
预训练:  29%|██▉       | 21/73 [00:00<00:02, 25.42it/s]
预训练:  33%|███▎      | 24/73 [00:00<00:01, 25.10it/s]
预训练:  37%|███▋      | 27/73 [00:01<00:01, 26.00it/s]
预训练:  41%|████      | 30/73 [00:01<00:01, 24.70it/s]
预训练:  45%|████▌     | 33/73 [00:01<00:01, 24.92it/s]
预训练:  49%|████▉     | 36/73 [00:01<00:01, 25.32it/s]
预训练:  53%|█████▎    | 39/73 [00:01<00:01, 25.44it/s]
预训练:  58%|█████▊    | 42/73 [00:01<00:01, 24.92it/s]
预训练:  62%|██████▏   | 45/73 [00:01<00:01, 25.12it/s]
预训练:  66%|██████▌   | 48/73 [00:01<00:00, 25.30it/s]
预训练:  70%|██████▉   | 51/73 [00:02<00:00, 25.38it/s]
预训练:  74%|███████▍  | 54/73 [00:02<00:00, 25.49it/s]
预训练:  78%|███████▊  | 57/73 [00:02<00:00, 25.43it/s]
预训练:  82%|████████▏ | 60/73 [00:02<00:00, 25.24it/s]
预训练:  86%|████████▋ | 63/73 [00:02<00:00, 25.33it/s]
预训练:  90%|█████████ | 66/73 [00:02<00:00, 25.25it/s]
预训练:  95%|█████████▍| 69/73 [00:02<00:00, 25.27it/s]
预训练:  99%|█████████▊| 72/73 [00:02<00:00, 25.31it/s]
预训练: 100%|██████████| 73/73 [00:02<00:00, 25.27it/s]
  [损失分解] Pred: 0.003565, Latent: 0.000522, Consistency: 0.000452, MultiX: 0.007447, MultiZ: 0.000974
Epoch 270/300: Train Loss = 0.011986, Val Loss = 0.003985, LR = 9.37e-06

预训练:   0%|          | 0/73 [00:00<?, ?it/s]
预训练:   3%|▎         | 2/73 [00:00<00:04, 17.04it/s]
预训练:   7%|▋         | 5/73 [00:00<00:03, 20.91it/s]
预训练:  11%|█         | 8/73 [00:00<00:02, 22.83it/s]
预训练:  15%|█▌        | 11/73 [00:00<00:02, 23.66it/s]
预训练:  19%|█▉        | 14/73 [00:00<00:02, 24.20it/s]
预训练:  23%|██▎       | 17/73 [00:00<00:02, 24.51it/s]
预训练:  27%|██▋       | 20/73 [00:00<00:02, 24.89it/s]
预训练:  32%|███▏      | 23/73 [00:00<00:01, 25.07it/s]
预训练:  36%|███▌      | 26/73 [00:01<00:01, 25.91it/s]
预训练:  40%|███▉      | 29/73 [00:01<00:01, 25.01it/s]
预训练:  44%|████▍     | 32/73 [00:01<00:01, 25.12it/s]
预训练:  48%|████▊     | 35/73 [00:01<00:01, 24.89it/s]
预训练:  52%|█████▏    | 38/73 [00:01<00:01, 25.13it/s]
预训练:  56%|█████▌    | 41/73 [00:01<00:01, 25.21it/s]
预训练:  60%|██████    | 44/73 [00:01<00:01, 25.17it/s]
预训练:  64%|██████▍   | 47/73 [00:01<00:01, 25.28it/s]
预训练:  68%|██████▊   | 50/73 [00:02<00:00, 25.79it/s]
预训练:  73%|███████▎  | 53/73 [00:02<00:00, 25.41it/s]
预训练:  77%|███████▋  | 56/73 [00:02<00:00, 25.29it/s]
预训练:  81%|████████  | 59/73 [00:02<00:00, 25.93it/s]
预训练:  85%|████████▍ | 62/73 [00:02<00:00, 25.83it/s]
预训练:  89%|████████▉ | 65/73 [00:02<00:00, 25.84it/s]
预训练:  93%|█████████▎| 68/73 [00:02<00:00, 25.03it/s]
预训练:  97%|█████████▋| 71/73 [00:02<00:00, 25.98it/s]
预训练: 100%|██████████| 73/73 [00:02<00:00, 25.00it/s]
  [损失分解] Pred: 0.003549, Latent: 0.000520, Consistency: 0.000450, MultiX: 0.007439, MultiZ: 0.000973
  >>> 学习率降低: 9.37e-06 -> 4.69e-06
Epoch 271/300: Train Loss = 0.011959, Val Loss = 0.004003, LR = 4.69e-06

预训练:   0%|          | 0/73 [00:00<?, ?it/s]
预训练:   3%|▎         | 2/73 [00:00<00:04, 17.10it/s]
预训练:   7%|▋         | 5/73 [00:00<00:03, 22.15it/s]
预训练:  11%|█         | 8/73 [00:00<00:02, 23.47it/s]
预训练:  15%|█▌        | 11/73 [00:00<00:02, 24.20it/s]
预训练:  19%|█▉        | 14/73 [00:00<00:02, 24.73it/s]
预训练:  23%|██▎       | 17/73 [00:00<00:02, 25.00it/s]
预训练:  27%|██▋       | 20/73 [00:00<00:02, 25.23it/s]
预训练:  32%|███▏      | 23/73 [00:00<00:01, 25.69it/s]
预训练:  36%|███▌      | 26/73 [00:01<00:01, 25.79it/s]
预训练:  40%|███▉      | 29/73 [00:01<00:01, 25.70it/s]
预训练:  44%|████▍     | 32/73 [00:01<00:01, 24.62it/s]
预训练:  48%|████▊     | 35/73 [00:01<00:01, 24.91it/s]
预训练:  52%|█████▏    | 38/73 [00:01<00:01, 25.02it/s]
预训练:  56%|█████▌    | 41/73 [00:01<00:01, 24.96it/s]
预训练:  60%|██████    | 44/73 [00:01<00:01, 25.11it/s]
预训练:  64%|██████▍   | 47/73 [00:01<00:01, 24.94it/s]
预训练:  68%|██████▊   | 50/73 [00:02<00:00, 25.97it/s]
预训练:  73%|███████▎  | 53/73 [00:02<00:00, 25.12it/s]
预训练:  77%|███████▋  | 56/73 [00:02<00:00, 26.03it/s]
预训练:  81%|████████  | 59/73 [00:02<00:00, 25.07it/s]
预训练:  85%|████████▍ | 62/73 [00:02<00:00, 25.29it/s]
预训练:  89%|████████▉ | 65/73 [00:02<00:00, 25.42it/s]
预训练:  93%|█████████▎| 68/73 [00:02<00:00, 25.68it/s]
预训练:  97%|█████████▋| 71/73 [00:02<00:00, 26.48it/s]
预训练: 100%|██████████| 73/73 [00:02<00:00, 25.17it/s]
  [损失分解] Pred: 0.003560, Latent: 0.000522, Consistency: 0.000452, MultiX: 0.007459, MultiZ: 0.000975
Epoch 272/300: Train Loss = 0.011993, Val Loss = 0.003994, LR = 4.69e-06

预训练:   0%|          | 0/73 [00:00<?, ?it/s]
预训练:   3%|▎         | 2/73 [00:00<00:03, 19.21it/s]
预训练:   7%|▋         | 5/73 [00:00<00:02, 23.29it/s]
预训练:  11%|█         | 8/73 [00:00<00:02, 24.33it/s]
预训练:  15%|█▌        | 11/73 [00:00<00:02, 26.15it/s]
预训练:  19%|█▉        | 14/73 [00:00<00:02, 24.76it/s]
预训练:  23%|██▎       | 17/73 [00:00<00:02, 24.82it/s]
预训练:  27%|██▋       | 20/73 [00:00<00:02, 24.88it/s]
预训练:  32%|███▏      | 23/73 [00:00<00:01, 25.00it/s]
预训练:  36%|███▌      | 26/73 [00:01<00:01, 26.09it/s]
预训练:  40%|███▉      | 29/73 [00:01<00:01, 24.97it/s]
预训练:  44%|████▍     | 32/73 [00:01<00:01, 25.84it/s]
预训练:  48%|████▊     | 35/73 [00:01<00:01, 25.80it/s]
预训练:  52%|█████▏    | 38/73 [00:01<00:01, 25.75it/s]
预训练:  56%|█████▌    | 41/73 [00:01<00:01, 24.76it/s]
预训练:  60%|██████    | 44/73 [00:01<00:01, 24.84it/s]
预训练:  64%|██████▍   | 47/73 [00:01<00:01, 24.95it/s]
预训练:  68%|██████▊   | 50/73 [00:01<00:00, 25.00it/s]
预训练:  73%|███████▎  | 53/73 [00:02<00:00, 25.61it/s]
预训练:  77%|███████▋  | 56/73 [00:02<00:00, 25.33it/s]
预训练:  81%|████████  | 59/73 [00:02<00:00, 25.70it/s]
预训练:  85%|████████▍ | 62/73 [00:02<00:00, 25.71it/s]
预训练:  89%|████████▉ | 65/73 [00:02<00:00, 25.77it/s]
预训练:  93%|█████████▎| 68/73 [00:02<00:00, 25.71it/s]
预训练:  97%|█████████▋| 71/73 [00:02<00:00, 25.05it/s]
预训练: 100%|██████████| 73/73 [00:02<00:00, 25.39it/s]
  [损失分解] Pred: 0.003558, Latent: 0.000521, Consistency: 0.000451, MultiX: 0.007424, MultiZ: 0.000971
Epoch 273/300: Train Loss = 0.011953, Val Loss = 0.003988, LR = 4.69e-06

预训练:   0%|          | 0/73 [00:00<?, ?it/s]
预训练:   3%|▎         | 2/73 [00:00<00:03, 19.79it/s]
预训练:   7%|▋         | 5/73 [00:00<00:02, 22.90it/s]
预训练:  11%|█         | 8/73 [00:00<00:02, 23.81it/s]
预训练:  15%|█▌        | 11/73 [00:00<00:02, 25.09it/s]
预训练:  19%|█▉        | 14/73 [00:00<00:02, 25.06it/s]
预训练:  23%|██▎       | 17/73 [00:00<00:02, 24.55it/s]
预训练:  27%|██▋       | 20/73 [00:00<00:02, 24.84it/s]
预训练:  32%|███▏      | 23/73 [00:00<00:02, 24.95it/s]
预训练:  36%|███▌      | 26/73 [00:01<00:01, 24.86it/s]
预训练:  40%|███▉      | 29/73 [00:01<00:01, 24.72it/s]
预训练:  44%|████▍     | 32/73 [00:01<00:01, 25.75it/s]
预训练:  48%|████▊     | 35/73 [00:01<00:01, 24.79it/s]
预训练:  52%|█████▏    | 38/73 [00:01<00:01, 26.02it/s]
预训练:  56%|█████▌    | 41/73 [00:01<00:01, 24.95it/s]
预训练:  60%|██████    | 44/73 [00:01<00:01, 25.14it/s]
预训练:  64%|██████▍   | 47/73 [00:01<00:01, 25.07it/s]
预训练:  68%|██████▊   | 50/73 [00:02<00:00, 25.40it/s]
预训练:  73%|███████▎  | 53/73 [00:02<00:00, 25.24it/s]
预训练:  77%|███████▋  | 56/73 [00:02<00:00, 25.58it/s]
预训练:  81%|████████  | 59/73 [00:02<00:00, 25.60it/s]
预训练:  85%|████████▍ | 62/73 [00:02<00:00, 25.67it/s]
预训练:  89%|████████▉ | 65/73 [00:02<00:00, 25.04it/s]
预训练:  93%|█████████▎| 68/73 [00:02<00:00, 25.11it/s]
预训练:  97%|█████████▋| 71/73 [00:02<00:00, 25.09it/s]
预训练: 100%|██████████| 73/73 [00:02<00:00, 25.13it/s]
  [损失分解] Pred: 0.003532, Latent: 0.000519, Consistency: 0.000449, MultiX: 0.007427, MultiZ: 0.000972
Epoch 274/300: Train Loss = 0.011928, Val Loss = 0.003986, LR = 4.69e-06

预训练:   0%|          | 0/73 [00:00<?, ?it/s]
预训练:   4%|▍         | 3/73 [00:00<00:03, 20.96it/s]
预训练:   8%|▊         | 6/73 [00:00<00:02, 22.95it/s]
预训练:  12%|█▏        | 9/73 [00:00<00:02, 24.00it/s]
预训练:  16%|█▋        | 12/73 [00:00<00:02, 24.41it/s]
预训练:  21%|██        | 15/73 [00:00<00:02, 24.70it/s]
预训练:  25%|██▍       | 18/73 [00:00<00:02, 25.03it/s]
预训练:  29%|██▉       | 21/73 [00:00<00:02, 25.02it/s]
预训练:  33%|███▎      | 24/73 [00:00<00:01, 25.37it/s]
预训练:  37%|███▋      | 27/73 [00:01<00:01, 25.45it/s]
预训练:  41%|████      | 30/73 [00:01<00:01, 25.20it/s]
预训练:  45%|████▌     | 33/73 [00:01<00:01, 25.15it/s]
预训练:  49%|████▉     | 36/73 [00:01<00:01, 25.44it/s]
预训练:  53%|█████▎    | 39/73 [00:01<00:01, 25.93it/s]
预训练:  58%|█████▊    | 42/73 [00:01<00:01, 25.39it/s]
预训练:  62%|██████▏   | 45/73 [00:01<00:01, 24.98it/s]
预训练:  66%|██████▌   | 48/73 [00:01<00:00, 25.18it/s]
预训练:  70%|██████▉   | 51/73 [00:02<00:00, 26.35it/s]
预训练:  74%|███████▍  | 54/73 [00:02<00:00, 25.04it/s]
预训练:  78%|███████▊  | 57/73 [00:02<00:00, 25.20it/s]
预训练:  82%|████████▏ | 60/73 [00:02<00:00, 25.35it/s]
预训练:  86%|████████▋ | 63/73 [00:02<00:00, 25.21it/s]
预训练:  90%|█████████ | 66/73 [00:02<00:00, 25.37it/s]
预训练:  95%|█████████▍| 69/73 [00:02<00:00, 25.31it/s]
预训练:  99%|█████████▊| 72/73 [00:02<00:00, 25.29it/s]
预训练: 100%|██████████| 73/73 [00:02<00:00, 25.18it/s]
  [损失分解] Pred: 0.003547, Latent: 0.000519, Consistency: 0.000450, MultiX: 0.007416, MultiZ: 0.000971
Epoch 275/300: Train Loss = 0.011932, Val Loss = 0.003988, LR = 4.69e-06

预训练:   0%|          | 0/73 [00:00<?, ?it/s]
预训练:   3%|▎         | 2/73 [00:00<00:04, 17.16it/s]
预训练:   7%|▋         | 5/73 [00:00<00:03, 22.28it/s]
预训练:  11%|█         | 8/73 [00:00<00:02, 21.99it/s]
预训练:  15%|█▌        | 11/73 [00:00<00:02, 23.39it/s]
预训练:  19%|█▉        | 14/73 [00:00<00:02, 24.18it/s]
预训练:  23%|██▎       | 17/73 [00:00<00:02, 25.06it/s]
预训练:  27%|██▋       | 20/73 [00:00<00:02, 25.53it/s]
预训练:  32%|███▏      | 23/73 [00:00<00:01, 25.07it/s]
预训练:  36%|███▌      | 26/73 [00:01<00:01, 25.43it/s]
预训练:  40%|███▉      | 29/73 [00:01<00:01, 24.75it/s]
预训练:  44%|████▍     | 32/73 [00:01<00:01, 25.00it/s]
预训练:  48%|████▊     | 35/73 [00:01<00:01, 25.02it/s]
预训练:  52%|█████▏    | 38/73 [00:01<00:01, 25.13it/s]
预训练:  56%|█████▌    | 41/73 [00:01<00:01, 25.38it/s]
预训练:  60%|██████    | 44/73 [00:01<00:01, 26.47it/s]
预训练:  64%|██████▍   | 47/73 [00:01<00:01, 25.13it/s]
预训练:  68%|██████▊   | 50/73 [00:02<00:00, 25.17it/s]
预训练:  73%|███████▎  | 53/73 [00:02<00:00, 25.22it/s]
预训练:  77%|███████▋  | 56/73 [00:02<00:00, 25.42it/s]
预训练:  81%|████████  | 59/73 [00:02<00:00, 25.38it/s]
预训练:  85%|████████▍ | 62/73 [00:02<00:00, 25.47it/s]
预训练:  89%|████████▉ | 65/73 [00:02<00:00, 25.52it/s]
预训练:  93%|█████████▎| 68/73 [00:02<00:00, 25.92it/s]
预训练:  97%|█████████▋| 71/73 [00:02<00:00, 25.18it/s]
预训练: 100%|██████████| 73/73 [00:02<00:00, 25.14it/s]
  [损失分解] Pred: 0.003554, Latent: 0.000521, Consistency: 0.000451, MultiX: 0.007399, MultiZ: 0.000969
Epoch 276/300: Train Loss = 0.011923, Val Loss = 0.003992, LR = 4.69e-06

预训练:   0%|          | 0/73 [00:00<?, ?it/s]
预训练:   3%|▎         | 2/73 [00:00<00:03, 18.58it/s]
预训练:   7%|▋         | 5/73 [00:00<00:02, 23.48it/s]
预训练:  11%|█         | 8/73 [00:00<00:02, 24.57it/s]
预训练:  15%|█▌        | 11/73 [00:00<00:02, 24.30it/s]
预训练:  19%|█▉        | 14/73 [00:00<00:02, 24.88it/s]
预训练:  23%|██▎       | 17/73 [00:00<00:02, 25.05it/s]
预训练:  27%|██▋       | 20/73 [00:00<00:02, 25.27it/s]
预训练:  32%|███▏      | 23/73 [00:00<00:01, 25.32it/s]
预训练:  36%|███▌      | 26/73 [00:01<00:01, 25.40it/s]
预训练:  40%|███▉      | 29/73 [00:01<00:01, 26.22it/s]
预训练:  44%|████▍     | 32/73 [00:01<00:01, 25.41it/s]
预训练:  48%|████▊     | 35/73 [00:01<00:01, 25.24it/s]
预训练:  52%|█████▏    | 38/73 [00:01<00:01, 25.37it/s]
预训练:  56%|█████▌    | 41/73 [00:01<00:01, 25.45it/s]
预训练:  60%|██████    | 44/73 [00:01<00:01, 26.44it/s]
预训练:  64%|██████▍   | 47/73 [00:01<00:01, 25.26it/s]
预训练:  68%|██████▊   | 50/73 [00:01<00:00, 25.22it/s]
预训练:  73%|███████▎  | 53/73 [00:02<00:00, 25.37it/s]
预训练:  77%|███████▋  | 56/73 [00:02<00:00, 25.19it/s]
预训练:  81%|████████  | 59/73 [00:02<00:00, 25.33it/s]
预训练:  85%|████████▍ | 62/73 [00:02<00:00, 25.23it/s]
预训练:  89%|████████▉ | 65/73 [00:02<00:00, 25.20it/s]
预训练:  93%|█████████▎| 68/73 [00:02<00:00, 25.32it/s]
预训练:  97%|█████████▋| 71/73 [00:02<00:00, 25.40it/s]
预训练: 100%|██████████| 73/73 [00:02<00:00, 25.42it/s]
  [损失分解] Pred: 0.003530, Latent: 0.000518, Consistency: 0.000448, MultiX: 0.007438, MultiZ: 0.000972
Epoch 277/300: Train Loss = 0.011938, Val Loss = 0.003987, LR = 4.69e-06

预训练:   0%|          | 0/73 [00:00<?, ?it/s]
预训练:   3%|▎         | 2/73 [00:00<00:04, 17.06it/s]
预训练:   7%|▋         | 5/73 [00:00<00:03, 22.15it/s]
预训练:  11%|█         | 8/73 [00:00<00:02, 23.26it/s]
预训练:  15%|█▌        | 11/73 [00:00<00:02, 24.21it/s]
预训练:  19%|█▉        | 14/73 [00:00<00:02, 24.73it/s]
预训练:  23%|██▎       | 17/73 [00:00<00:02, 25.12it/s]
预训练:  27%|██▋       | 20/73 [00:00<00:02, 25.08it/s]
预训练:  32%|███▏      | 23/73 [00:00<00:01, 25.35it/s]
预训练:  36%|███▌      | 26/73 [00:01<00:01, 25.39it/s]
预训练:  40%|███▉      | 29/73 [00:01<00:01, 25.25it/s]
预训练:  44%|████▍     | 32/73 [00:01<00:01, 25.25it/s]
预训练:  48%|████▊     | 35/73 [00:01<00:01, 26.30it/s]
预训练:  52%|█████▏    | 38/73 [00:01<00:01, 26.10it/s]
预训练:  56%|█████▌    | 41/73 [00:01<00:01, 25.99it/s]
预训练:  60%|██████    | 44/73 [00:01<00:01, 25.97it/s]
预训练:  64%|██████▍   | 47/73 [00:01<00:01, 25.16it/s]
预训练:  68%|██████▊   | 50/73 [00:01<00:00, 25.30it/s]
预训练:  73%|███████▎  | 53/73 [00:02<00:00, 25.36it/s]
预训练:  77%|███████▋  | 56/73 [00:02<00:00, 26.17it/s]
预训练:  81%|████████  | 59/73 [00:02<00:00, 25.12it/s]
预训练:  85%|████████▍ | 62/73 [00:02<00:00, 25.14it/s]
预训练:  89%|████████▉ | 65/73 [00:02<00:00, 25.33it/s]
预训练:  93%|█████████▎| 68/73 [00:02<00:00, 25.27it/s]
预训练:  97%|█████████▋| 71/73 [00:02<00:00, 25.37it/s]
预训练: 100%|██████████| 73/73 [00:02<00:00, 25.24it/s]
  [损失分解] Pred: 0.003562, Latent: 0.000522, Consistency: 0.000452, MultiX: 0.007451, MultiZ: 0.000974
Epoch 278/300: Train Loss = 0.011987, Val Loss = 0.003989, LR = 4.69e-06

预训练:   0%|          | 0/73 [00:00<?, ?it/s]
预训练:   3%|▎         | 2/73 [00:00<00:03, 17.80it/s]
预训练:   7%|▋         | 5/73 [00:00<00:03, 22.50it/s]
预训练:  11%|█         | 8/73 [00:00<00:02, 25.16it/s]
预训练:  15%|█▌        | 11/73 [00:00<00:02, 23.96it/s]
预训练:  21%|██        | 15/73 [00:00<00:02, 25.11it/s]
预训练:  25%|██▍       | 18/73 [00:00<00:02, 25.29it/s]
预训练:  29%|██▉       | 21/73 [00:00<00:02, 25.41it/s]
预训练:  33%|███▎      | 24/73 [00:00<00:01, 24.73it/s]
预训练:  37%|███▋      | 27/73 [00:01<00:01, 24.81it/s]
预训练:  41%|████      | 30/73 [00:01<00:01, 24.73it/s]
预训练:  45%|████▌     | 33/73 [00:01<00:01, 24.99it/s]
预训练:  49%|████▉     | 36/73 [00:01<00:01, 25.18it/s]
预训练:  53%|█████▎    | 39/73 [00:01<00:01, 25.62it/s]
预训练:  58%|█████▊    | 42/73 [00:01<00:01, 25.26it/s]
预训练:  62%|██████▏   | 45/73 [00:01<00:01, 25.77it/s]
预训练:  66%|██████▌   | 48/73 [00:01<00:01, 24.98it/s]
预训练:  70%|██████▉   | 51/73 [00:02<00:00, 25.97it/s]
预训练:  74%|███████▍  | 54/73 [00:02<00:00, 25.11it/s]
预训练:  78%|███████▊  | 57/73 [00:02<00:00, 25.16it/s]
预训练:  82%|████████▏ | 60/73 [00:02<00:00, 25.24it/s]
预训练:  86%|████████▋ | 63/73 [00:02<00:00, 25.30it/s]
预训练:  90%|█████████ | 66/73 [00:02<00:00, 25.38it/s]
预训练:  95%|█████████▍| 69/73 [00:02<00:00, 25.45it/s]
预训练:  99%|█████████▊| 72/73 [00:02<00:00, 25.23it/s]
预训练: 100%|██████████| 73/73 [00:02<00:00, 25.15it/s]
  [损失分解] Pred: 0.003541, Latent: 0.000520, Consistency: 0.000450, MultiX: 0.007441, MultiZ: 0.000973
Epoch 279/300: Train Loss = 0.011953, Val Loss = 0.003991, LR = 4.69e-06

预训练:   0%|          | 0/73 [00:00<?, ?it/s]
预训练:   3%|▎         | 2/73 [00:00<00:04, 17.65it/s]
预训练:   7%|▋         | 5/73 [00:00<00:02, 23.95it/s]
预训练:  11%|█         | 8/73 [00:00<00:02, 23.28it/s]
预训练:  15%|█▌        | 11/73 [00:00<00:02, 23.94it/s]
预训练:  19%|█▉        | 14/73 [00:00<00:02, 24.28it/s]
预训练:  23%|██▎       | 17/73 [00:00<00:02, 24.40it/s]
预训练:  27%|██▋       | 20/73 [00:00<00:02, 25.63it/s]
预训练:  32%|███▏      | 23/73 [00:00<00:02, 24.49it/s]
预训练:  36%|███▌      | 26/73 [00:01<00:01, 24.60it/s]
预训练:  40%|███▉      | 29/73 [00:01<00:01, 24.84it/s]
预训练:  44%|████▍     | 32/73 [00:01<00:01, 24.87it/s]
预训练:  48%|████▊     | 35/73 [00:01<00:01, 24.97it/s]
预训练:  52%|█████▏    | 38/73 [00:01<00:01, 24.88it/s]
预训练:  56%|█████▌    | 41/73 [00:01<00:01, 25.12it/s]
预训练:  60%|██████    | 44/73 [00:01<00:01, 25.27it/s]
预训练:  64%|██████▍   | 47/73 [00:01<00:01, 25.10it/s]
预训练:  68%|██████▊   | 50/73 [00:02<00:00, 25.57it/s]
预训练:  73%|███████▎  | 53/73 [00:02<00:00, 25.19it/s]
预训练:  77%|███████▋  | 56/73 [00:02<00:00, 25.31it/s]
预训练:  81%|████████  | 59/73 [00:02<00:00, 25.43it/s]
预训练:  85%|████████▍ | 62/73 [00:02<00:00, 25.56it/s]
预训练:  89%|████████▉ | 65/73 [00:02<00:00, 25.99it/s]
预训练:  93%|█████████▎| 68/73 [00:02<00:00, 25.90it/s]
预训练:  97%|█████████▋| 71/73 [00:02<00:00, 25.85it/s]
预训练: 100%|██████████| 73/73 [00:02<00:00, 25.14it/s]
  [损失分解] Pred: 0.003532, Latent: 0.000518, Consistency: 0.000448, MultiX: 0.007428, MultiZ: 0.000971
Epoch 280/300: Train Loss = 0.011929, Val Loss = 0.003989, LR = 4.69e-06

预训练:   0%|          | 0/73 [00:00<?, ?it/s]
预训练:   3%|▎         | 2/73 [00:00<00:04, 16.75it/s]
预训练:   7%|▋         | 5/73 [00:00<00:03, 20.81it/s]
预训练:  11%|█         | 8/73 [00:00<00:02, 23.86it/s]
预训练:  15%|█▌        | 11/73 [00:00<00:02, 23.61it/s]
预训练:  19%|█▉        | 14/73 [00:00<00:02, 24.20it/s]
预训练:  23%|██▎       | 17/73 [00:00<00:02, 24.51it/s]
预训练:  27%|██▋       | 20/73 [00:00<00:02, 24.95it/s]
预训练:  32%|███▏      | 23/73 [00:00<00:01, 25.16it/s]
预训练:  36%|███▌      | 26/73 [00:01<00:01, 24.90it/s]
预训练:  40%|███▉      | 29/73 [00:01<00:01, 25.01it/s]
预训练:  44%|████▍     | 32/73 [00:01<00:01, 25.13it/s]
预训练:  48%|████▊     | 35/73 [00:01<00:01, 25.24it/s]
预训练:  52%|█████▏    | 38/73 [00:01<00:01, 25.44it/s]
预训练:  56%|█████▌    | 41/73 [00:01<00:01, 25.56it/s]
预训练:  60%|██████    | 44/73 [00:01<00:01, 26.19it/s]
预训练:  64%|██████▍   | 47/73 [00:01<00:01, 25.34it/s]
预训练:  68%|██████▊   | 50/73 [00:02<00:00, 25.41it/s]
预训练:  73%|███████▎  | 53/73 [00:02<00:00, 25.35it/s]
预训练:  77%|███████▋  | 56/73 [00:02<00:00, 25.27it/s]
预训练:  81%|████████  | 59/73 [00:02<00:00, 25.05it/s]
预训练:  85%|████████▍ | 62/73 [00:02<00:00, 25.25it/s]
预训练:  89%|████████▉ | 65/73 [00:02<00:00, 25.37it/s]
预训练:  93%|█████████▎| 68/73 [00:02<00:00, 25.78it/s]
预训练:  97%|█████████▋| 71/73 [00:02<00:00, 25.52it/s]
预训练: 100%|██████████| 73/73 [00:02<00:00, 25.12it/s]
  [损失分解] Pred: 0.003523, Latent: 0.000517, Consistency: 0.000447, MultiX: 0.007431, MultiZ: 0.000972
Epoch 281/300: Train Loss = 0.011922, Val Loss = 0.003992, LR = 4.69e-06

预训练:   0%|          | 0/73 [00:00<?, ?it/s]
预训练:   3%|▎         | 2/73 [00:00<00:03, 19.83it/s]
预训练:   7%|▋         | 5/73 [00:00<00:02, 23.37it/s]
预训练:  11%|█         | 8/73 [00:00<00:02, 23.87it/s]
预训练:  15%|█▌        | 11/73 [00:00<00:02, 24.24it/s]
预训练:  19%|█▉        | 14/73 [00:00<00:02, 24.67it/s]
预训练:  23%|██▎       | 17/73 [00:00<00:02, 25.42it/s]
预训练:  27%|██▋       | 20/73 [00:00<00:02, 24.82it/s]
预训练:  32%|███▏      | 23/73 [00:00<00:01, 25.77it/s]
预训练:  36%|███▌      | 26/73 [00:01<00:01, 25.14it/s]
预训练:  40%|███▉      | 29/73 [00:01<00:01, 25.32it/s]
预训练:  44%|████▍     | 32/73 [00:01<00:01, 25.30it/s]
预训练:  48%|████▊     | 35/73 [00:01<00:01, 26.16it/s]
预训练:  52%|█████▏    | 38/73 [00:01<00:01, 25.26it/s]
预训练:  56%|█████▌    | 41/73 [00:01<00:01, 25.50it/s]
预训练:  60%|██████    | 44/73 [00:01<00:01, 25.59it/s]
预训练:  64%|██████▍   | 47/73 [00:01<00:00, 26.19it/s]
预训练:  68%|██████▊   | 50/73 [00:01<00:00, 25.31it/s]
预训练:  73%|███████▎  | 53/73 [00:02<00:00, 25.54it/s]
预训练:  77%|███████▋  | 56/73 [00:02<00:00, 26.19it/s]
预训练:  81%|████████  | 59/73 [00:02<00:00, 25.17it/s]
预训练:  85%|████████▍ | 62/73 [00:02<00:00, 25.14it/s]
预训练:  89%|████████▉ | 65/73 [00:02<00:00, 26.42it/s]
预训练:  93%|█████████▎| 68/73 [00:02<00:00, 25.28it/s]
预训练:  97%|█████████▋| 71/73 [00:02<00:00, 25.00it/s]
预训练: 100%|██████████| 73/73 [00:02<00:00, 25.37it/s]
  [损失分解] Pred: 0.003537, Latent: 0.000519, Consistency: 0.000449, MultiX: 0.007431, MultiZ: 0.000972
  >>> 学习率降低: 4.69e-06 -> 2.34e-06
Epoch 282/300: Train Loss = 0.011939, Val Loss = 0.003997, LR = 2.34e-06

预训练:   0%|          | 0/73 [00:00<?, ?it/s]
预训练:   3%|▎         | 2/73 [00:00<00:03, 18.49it/s]
预训练:   7%|▋         | 5/73 [00:00<00:03, 22.52it/s]
预训练:  11%|█         | 8/73 [00:00<00:02, 23.90it/s]
预训练:  15%|█▌        | 11/73 [00:00<00:02, 25.15it/s]
预训练:  19%|█▉        | 14/73 [00:00<00:02, 25.49it/s]
预训练:  23%|██▎       | 17/73 [00:00<00:02, 25.46it/s]
预训练:  27%|██▋       | 20/73 [00:00<00:02, 24.69it/s]
预训练:  32%|███▏      | 23/73 [00:00<00:01, 25.86it/s]
预训练:  36%|███▌      | 26/73 [00:01<00:01, 25.01it/s]
预训练:  40%|███▉      | 29/73 [00:01<00:01, 25.31it/s]
预训练:  44%|████▍     | 32/73 [00:01<00:01, 25.37it/s]
预训练:  48%|████▊     | 35/73 [00:01<00:01, 25.18it/s]
预训练:  52%|█████▏    | 38/73 [00:01<00:01, 25.33it/s]
预训练:  56%|█████▌    | 41/73 [00:01<00:01, 25.10it/s]
预训练:  60%|██████    | 44/73 [00:01<00:01, 25.52it/s]
预训练:  64%|██████▍   | 47/73 [00:01<00:01, 25.24it/s]
预训练:  68%|██████▊   | 50/73 [00:01<00:00, 25.67it/s]
预训练:  73%|███████▎  | 53/73 [00:02<00:00, 25.18it/s]
预训练:  77%|███████▋  | 56/73 [00:02<00:00, 25.15it/s]
预训练:  81%|████████  | 59/73 [00:02<00:00, 24.93it/s]
预训练:  85%|████████▍ | 62/73 [00:02<00:00, 25.14it/s]
预训练:  89%|████████▉ | 65/73 [00:02<00:00, 24.98it/s]
预训练:  93%|█████████▎| 68/73 [00:02<00:00, 25.21it/s]
预训练:  97%|█████████▋| 71/73 [00:02<00:00, 25.25it/s]
预训练: 100%|██████████| 73/73 [00:02<00:00, 25.17it/s]
  [损失分解] Pred: 0.003533, Latent: 0.000519, Consistency: 0.000449, MultiX: 0.007395, MultiZ: 0.000969
Epoch 283/300: Train Loss = 0.011896, Val Loss = 0.003997, LR = 2.34e-06

预训练:   0%|          | 0/73 [00:00<?, ?it/s]
预训练:   3%|▎         | 2/73 [00:00<00:04, 17.40it/s]
预训练:   7%|▋         | 5/73 [00:00<00:03, 22.14it/s]
预训练:  11%|█         | 8/73 [00:00<00:02, 23.84it/s]
预训练:  15%|█▌        | 11/73 [00:00<00:02, 24.66it/s]
预训练:  19%|█▉        | 14/73 [00:00<00:02, 25.75it/s]
预训练:  23%|██▎       | 17/73 [00:00<00:02, 25.04it/s]
预训练:  27%|██▋       | 20/73 [00:00<00:02, 25.21it/s]
预训练:  32%|███▏      | 23/73 [00:00<00:01, 25.29it/s]
预训练:  36%|███▌      | 26/73 [00:01<00:01, 25.38it/s]
预训练:  40%|███▉      | 29/73 [00:01<00:01, 25.04it/s]
预训练:  44%|████▍     | 32/73 [00:01<00:01, 24.98it/s]
预训练:  48%|████▊     | 35/73 [00:01<00:01, 25.12it/s]
预训练:  52%|█████▏    | 38/73 [00:01<00:01, 25.02it/s]
预训练:  56%|█████▌    | 41/73 [00:01<00:01, 25.21it/s]
预训练:  60%|██████    | 44/73 [00:01<00:01, 25.29it/s]
预训练:  64%|██████▍   | 47/73 [00:01<00:01, 25.40it/s]
预训练:  68%|██████▊   | 50/73 [00:02<00:00, 25.53it/s]
预训练:  73%|███████▎  | 53/73 [00:02<00:00, 25.40it/s]
预训练:  77%|███████▋  | 56/73 [00:02<00:00, 25.65it/s]
预训练:  81%|████████  | 59/73 [00:02<00:00, 24.91it/s]
预训练:  85%|████████▍ | 62/73 [00:02<00:00, 25.10it/s]
预训练:  89%|████████▉ | 65/73 [00:02<00:00, 26.12it/s]
预训练:  93%|█████████▎| 68/73 [00:02<00:00, 25.99it/s]
预训练:  97%|█████████▋| 71/73 [00:02<00:00, 25.84it/s]
预训练: 100%|██████████| 73/73 [00:02<00:00, 25.17it/s]
  [损失分解] Pred: 0.003525, Latent: 0.000518, Consistency: 0.000448, MultiX: 0.007400, MultiZ: 0.000968
Epoch 284/300: Train Loss = 0.011892, Val Loss = 0.003992, LR = 2.34e-06

预训练:   0%|          | 0/73 [00:00<?, ?it/s]
预训练:   3%|▎         | 2/73 [00:00<00:03, 19.36it/s]
预训练:   7%|▋         | 5/73 [00:00<00:02, 24.01it/s]
预训练:  11%|█         | 8/73 [00:00<00:02, 24.85it/s]
预训练:  15%|█▌        | 11/73 [00:00<00:02, 24.62it/s]
预训练:  19%|█▉        | 14/73 [00:00<00:02, 25.50it/s]
预训练:  23%|██▎       | 17/73 [00:00<00:02, 24.51it/s]
预训练:  27%|██▋       | 20/73 [00:00<00:02, 24.63it/s]
预训练:  32%|███▏      | 23/73 [00:00<00:02, 24.88it/s]
预训练:  36%|███▌      | 26/73 [00:01<00:01, 25.28it/s]
预训练:  40%|███▉      | 29/73 [00:01<00:01, 25.43it/s]
预训练:  44%|████▍     | 32/73 [00:01<00:01, 25.54it/s]
预训练:  48%|████▊     | 35/73 [00:01<00:01, 25.56it/s]
预训练:  52%|█████▏    | 38/73 [00:01<00:01, 25.62it/s]
预训练:  56%|█████▌    | 41/73 [00:01<00:01, 25.01it/s]
预训练:  60%|██████    | 44/73 [00:01<00:01, 25.14it/s]
预训练:  64%|██████▍   | 47/73 [00:01<00:01, 25.30it/s]
预训练:  68%|██████▊   | 50/73 [00:01<00:00, 26.19it/s]
预训练:  73%|███████▎  | 53/73 [00:02<00:00, 25.06it/s]
预训练:  77%|███████▋  | 56/73 [00:02<00:00, 25.19it/s]
预训练:  81%|████████  | 59/73 [00:02<00:00, 25.34it/s]
预训练:  85%|████████▍ | 62/73 [00:02<00:00, 26.43it/s]
预训练:  89%|████████▉ | 65/73 [00:02<00:00, 25.02it/s]
预训练:  93%|█████████▎| 68/73 [00:02<00:00, 25.35it/s]
预训练:  97%|█████████▋| 71/73 [00:02<00:00, 25.28it/s]
预训练: 100%|██████████| 73/73 [00:02<00:00, 25.31it/s]
  [损失分解] Pred: 0.003541, Latent: 0.000519, Consistency: 0.000449, MultiX: 0.007415, MultiZ: 0.000969
Epoch 285/300: Train Loss = 0.011924, Val Loss = 0.003991, LR = 2.34e-06

预训练:   0%|          | 0/73 [00:00<?, ?it/s]
预训练:   3%|▎         | 2/73 [00:00<00:04, 15.00it/s]
预训练:   7%|▋         | 5/73 [00:00<00:03, 20.89it/s]
预训练:  11%|█         | 8/73 [00:00<00:02, 22.51it/s]
预训练:  15%|█▌        | 11/73 [00:00<00:02, 23.62it/s]
预训练:  19%|█▉        | 14/73 [00:00<00:02, 24.15it/s]
预训练:  23%|██▎       | 17/73 [00:00<00:02, 24.57it/s]
预训练:  27%|██▋       | 20/73 [00:00<00:02, 24.94it/s]
预训练:  32%|███▏      | 23/73 [00:00<00:01, 25.05it/s]
预训练:  36%|███▌      | 26/73 [00:01<00:01, 25.05it/s]
预训练:  40%|███▉      | 29/73 [00:01<00:01, 25.23it/s]
预训练:  44%|████▍     | 32/73 [00:01<00:01, 25.40it/s]
预训练:  48%|████▊     | 35/73 [00:01<00:01, 25.49it/s]
预训练:  52%|█████▏    | 38/73 [00:01<00:01, 25.67it/s]
预训练:  56%|█████▌    | 41/73 [00:01<00:01, 25.67it/s]
预训练:  60%|██████    | 44/73 [00:01<00:01, 25.39it/s]
预训练:  64%|██████▍   | 47/73 [00:01<00:01, 25.43it/s]
预训练:  68%|██████▊   | 50/73 [00:02<00:00, 25.52it/s]
预训练:  73%|███████▎  | 53/73 [00:02<00:00, 25.73it/s]
预训练:  77%|███████▋  | 56/73 [00:02<00:00, 25.75it/s]
预训练:  81%|████████  | 59/73 [00:02<00:00, 25.40it/s]
预训练:  85%|████████▍ | 62/73 [00:02<00:00, 25.81it/s]
预训练:  89%|████████▉ | 65/73 [00:02<00:00, 25.53it/s]
预训练:  93%|█████████▎| 68/73 [00:02<00:00, 25.45it/s]
预训练:  97%|█████████▋| 71/73 [00:02<00:00, 25.45it/s]
预训练: 100%|██████████| 73/73 [00:02<00:00, 25.15it/s]
  [损失分解] Pred: 0.003550, Latent: 0.000520, Consistency: 0.000450, MultiX: 0.007415, MultiZ: 0.000970
Epoch 286/300: Train Loss = 0.011936, Val Loss = 0.003990, LR = 2.34e-06

预训练:   0%|          | 0/73 [00:00<?, ?it/s]
预训练:   3%|▎         | 2/73 [00:00<00:03, 18.88it/s]
预训练:   7%|▋         | 5/73 [00:00<00:02, 23.12it/s]
预训练:  11%|█         | 8/73 [00:00<00:02, 24.04it/s]
预训练:  15%|█▌        | 11/73 [00:00<00:02, 24.50it/s]
预训练:  19%|█▉        | 14/73 [00:00<00:02, 24.93it/s]
预训练:  23%|██▎       | 17/73 [00:00<00:02, 24.79it/s]
预训练:  27%|██▋       | 20/73 [00:00<00:02, 25.47it/s]
预训练:  32%|███▏      | 23/73 [00:00<00:01, 25.53it/s]
预训练:  36%|███▌      | 26/73 [00:01<00:01, 25.21it/s]
预训练:  40%|███▉      | 29/73 [00:01<00:01, 24.72it/s]
预训练:  44%|████▍     | 32/73 [00:01<00:01, 24.82it/s]
预训练:  48%|████▊     | 35/73 [00:01<00:01, 25.05it/s]
预训练:  52%|█████▏    | 38/73 [00:01<00:01, 25.02it/s]
预训练:  56%|█████▌    | 41/73 [00:01<00:01, 25.59it/s]
预训练:  60%|██████    | 44/73 [00:01<00:01, 25.61it/s]
预训练:  64%|██████▍   | 47/73 [00:01<00:01, 24.42it/s]
预训练:  68%|██████▊   | 50/73 [00:02<00:00, 24.58it/s]
预训练:  73%|███████▎  | 53/73 [00:02<00:00, 24.68it/s]
预训练:  77%|███████▋  | 56/73 [00:02<00:00, 24.91it/s]
预训练:  81%|████████  | 59/73 [00:02<00:00, 24.95it/s]
预训练:  85%|████████▍ | 62/73 [00:02<00:00, 25.08it/s]
预训练:  89%|████████▉ | 65/73 [00:02<00:00, 25.18it/s]
预训练:  93%|█████████▎| 68/73 [00:02<00:00, 25.33it/s]
预训练:  97%|█████████▋| 71/73 [00:02<00:00, 25.45it/s]
预训练: 100%|██████████| 73/73 [00:02<00:00, 25.01it/s]
  [损失分解] Pred: 0.003531, Latent: 0.000518, Consistency: 0.000448, MultiX: 0.007407, MultiZ: 0.000969
Epoch 287/300: Train Loss = 0.011906, Val Loss = 0.003998, LR = 2.34e-06

预训练:   0%|          | 0/73 [00:00<?, ?it/s]
预训练:   3%|▎         | 2/73 [00:00<00:03, 18.65it/s]
预训练:   7%|▋         | 5/73 [00:00<00:03, 22.24it/s]
预训练:  11%|█         | 8/73 [00:00<00:02, 23.66it/s]
预训练:  15%|█▌        | 11/73 [00:00<00:02, 24.08it/s]
预训练:  19%|█▉        | 14/73 [00:00<00:02, 24.49it/s]
预训练:  23%|██▎       | 17/73 [00:00<00:02, 24.26it/s]
预训练:  27%|██▋       | 20/73 [00:00<00:02, 24.39it/s]
预训练:  32%|███▏      | 23/73 [00:00<00:01, 25.03it/s]
预训练:  36%|███▌      | 26/73 [00:01<00:01, 25.26it/s]
预训练:  40%|███▉      | 29/73 [00:01<00:01, 25.39it/s]
预训练:  44%|████▍     | 32/73 [00:01<00:01, 25.46it/s]
预训练:  48%|████▊     | 35/73 [00:01<00:01, 24.32it/s]
预训练:  52%|█████▏    | 38/73 [00:01<00:01, 24.47it/s]
预训练:  56%|█████▌    | 41/73 [00:01<00:01, 24.75it/s]
预训练:  60%|██████    | 44/73 [00:01<00:01, 24.85it/s]
预训练:  64%|██████▍   | 47/73 [00:01<00:01, 25.24it/s]
预训练:  68%|██████▊   | 50/73 [00:02<00:00, 24.74it/s]
预训练:  73%|███████▎  | 53/73 [00:02<00:00, 24.72it/s]
预训练:  77%|███████▋  | 56/73 [00:02<00:00, 25.37it/s]
预训练:  81%|████████  | 59/73 [00:02<00:00, 24.30it/s]
预训练:  85%|████████▍ | 62/73 [00:02<00:00, 24.57it/s]
预训练:  89%|████████▉ | 65/73 [00:02<00:00, 24.77it/s]
预训练:  93%|█████████▎| 68/73 [00:02<00:00, 25.07it/s]
预训练:  97%|█████████▋| 71/73 [00:02<00:00, 25.14it/s]
预训练: 100%|██████████| 73/73 [00:02<00:00, 24.87it/s]
  [损失分解] Pred: 0.003543, Latent: 0.000519, Consistency: 0.000449, MultiX: 0.007413, MultiZ: 0.000969
Epoch 288/300: Train Loss = 0.011924, Val Loss = 0.003994, LR = 2.34e-06

预训练:   0%|          | 0/73 [00:00<?, ?it/s]
预训练:   3%|▎         | 2/73 [00:00<00:03, 19.40it/s]
预训练:   7%|▋         | 5/73 [00:00<00:02, 22.81it/s]
预训练:  11%|█         | 8/73 [00:00<00:02, 23.60it/s]
预训练:  15%|█▌        | 11/73 [00:00<00:02, 24.23it/s]
预训练:  19%|█▉        | 14/73 [00:00<00:02, 25.61it/s]
预训练:  23%|██▎       | 17/73 [00:00<00:02, 24.25it/s]
预训练:  27%|██▋       | 20/73 [00:00<00:02, 24.58it/s]
预训练:  32%|███▏      | 23/73 [00:00<00:02, 24.71it/s]
预训练:  36%|███▌      | 26/73 [00:01<00:01, 24.88it/s]
预训练:  40%|███▉      | 29/73 [00:01<00:01, 25.06it/s]
预训练:  44%|████▍     | 32/73 [00:01<00:01, 24.98it/s]
预训练:  48%|████▊     | 35/73 [00:01<00:01, 25.09it/s]
预训练:  52%|█████▏    | 38/73 [00:01<00:01, 25.23it/s]
预训练:  56%|█████▌    | 41/73 [00:01<00:01, 24.79it/s]
预训练:  60%|██████    | 44/73 [00:01<00:01, 24.91it/s]
预训练:  64%|██████▍   | 47/73 [00:01<00:01, 25.89it/s]
预训练:  68%|██████▊   | 50/73 [00:02<00:00, 24.76it/s]
预训练:  73%|███████▎  | 53/73 [00:02<00:00, 25.04it/s]
预训练:  77%|███████▋  | 56/73 [00:02<00:00, 24.53it/s]
预训练:  81%|████████  | 59/73 [00:02<00:00, 24.73it/s]
预训练:  85%|████████▍ | 62/73 [00:02<00:00, 24.79it/s]
预训练:  89%|████████▉ | 65/73 [00:02<00:00, 25.11it/s]
预训练:  93%|█████████▎| 68/73 [00:02<00:00, 25.27it/s]
预训练:  97%|█████████▋| 71/73 [00:02<00:00, 25.43it/s]
预训练: 100%|██████████| 73/73 [00:02<00:00, 24.92it/s]
  [损失分解] Pred: 0.003540, Latent: 0.000519, Consistency: 0.000449, MultiX: 0.007428, MultiZ: 0.000971
Epoch 289/300: Train Loss = 0.011938, Val Loss = 0.003997, LR = 2.34e-06

预训练:   0%|          | 0/73 [00:00<?, ?it/s]
预训练:   3%|▎         | 2/73 [00:00<00:03, 19.02it/s]
预训练:   7%|▋         | 5/73 [00:00<00:02, 23.13it/s]
预训练:  11%|█         | 8/73 [00:00<00:02, 23.94it/s]
预训练:  15%|█▌        | 11/73 [00:00<00:02, 24.49it/s]
预训练:  19%|█▉        | 14/73 [00:00<00:02, 24.60it/s]
预训练:  23%|██▎       | 17/73 [00:00<00:02, 25.52it/s]
预训练:  27%|██▋       | 20/73 [00:00<00:02, 25.63it/s]
预训练:  32%|███▏      | 23/73 [00:00<00:02, 24.39it/s]
预训练:  36%|███▌      | 26/73 [00:01<00:01, 24.45it/s]
预训练:  40%|███▉      | 29/73 [00:01<00:01, 24.64it/s]
预训练:  44%|████▍     | 32/73 [00:01<00:01, 24.81it/s]
预训练:  48%|████▊     | 35/73 [00:01<00:01, 24.85it/s]
预训练:  52%|█████▏    | 38/73 [00:01<00:01, 25.10it/s]
预训练:  56%|█████▌    | 41/73 [00:01<00:01, 25.23it/s]
预训练:  60%|██████    | 44/73 [00:01<00:01, 24.72it/s]
预训练:  64%|██████▍   | 47/73 [00:01<00:01, 24.82it/s]
预训练:  68%|██████▊   | 50/73 [00:02<00:00, 24.94it/s]
预训练:  73%|███████▎  | 53/73 [00:02<00:00, 24.85it/s]
预训练:  77%|███████▋  | 56/73 [00:02<00:00, 25.20it/s]
预训练:  81%|████████  | 59/73 [00:02<00:00, 25.50it/s]
预训练:  85%|████████▍ | 62/73 [00:02<00:00, 25.56it/s]
预训练:  89%|████████▉ | 65/73 [00:02<00:00, 24.58it/s]
预训练:  93%|█████████▎| 68/73 [00:02<00:00, 24.84it/s]
预训练:  97%|█████████▋| 71/73 [00:02<00:00, 25.10it/s]
预训练: 100%|██████████| 73/73 [00:02<00:00, 24.88it/s]
  [损失分解] Pred: 0.003528, Latent: 0.000518, Consistency: 0.000448, MultiX: 0.007401, MultiZ: 0.000969
Epoch 290/300: Train Loss = 0.011897, Val Loss = 0.003998, LR = 2.34e-06

预训练:   0%|          | 0/73 [00:00<?, ?it/s]
预训练:   3%|▎         | 2/73 [00:00<00:04, 15.58it/s]
预训练:   7%|▋         | 5/73 [00:00<00:03, 20.81it/s]
预训练:  11%|█         | 8/73 [00:00<00:02, 22.99it/s]
预训练:  15%|█▌        | 11/73 [00:00<00:02, 23.53it/s]
预训练:  19%|█▉        | 14/73 [00:00<00:02, 24.34it/s]
预训练:  23%|██▎       | 17/73 [00:00<00:02, 24.78it/s]
预训练:  27%|██▋       | 20/73 [00:00<00:02, 24.85it/s]
预训练:  32%|███▏      | 23/73 [00:00<00:02, 24.91it/s]
预训练:  36%|███▌      | 26/73 [00:01<00:01, 24.96it/s]
预训练:  40%|███▉      | 29/73 [00:01<00:01, 25.07it/s]
预训练:  44%|████▍     | 32/73 [00:01<00:01, 25.10it/s]
预训练:  48%|████▊     | 35/73 [00:01<00:01, 25.02it/s]
预训练:  52%|█████▏    | 38/73 [00:01<00:01, 24.96it/s]
预训练:  56%|█████▌    | 41/73 [00:01<00:01, 24.90it/s]
预训练:  60%|██████    | 44/73 [00:01<00:01, 24.83it/s]
预训练:  64%|██████▍   | 47/73 [00:01<00:01, 24.98it/s]
预训练:  68%|██████▊   | 50/73 [00:02<00:00, 25.47it/s]
预训练:  73%|███████▎  | 53/73 [00:02<00:00, 24.62it/s]
预训练:  77%|███████▋  | 56/73 [00:02<00:00, 24.86it/s]
预训练:  81%|████████  | 59/73 [00:02<00:00, 24.73it/s]
预训练:  85%|████████▍ | 62/73 [00:02<00:00, 24.95it/s]
预训练:  89%|████████▉ | 65/73 [00:02<00:00, 25.01it/s]
预训练:  93%|█████████▎| 68/73 [00:02<00:00, 25.06it/s]
预训练:  97%|█████████▋| 71/73 [00:02<00:00, 25.92it/s]
预训练: 100%|██████████| 73/73 [00:02<00:00, 24.76it/s]
  [损失分解] Pred: 0.003552, Latent: 0.000519, Consistency: 0.000450, MultiX: 0.007414, MultiZ: 0.000970
Epoch 291/300: Train Loss = 0.011935, Val Loss = 0.004000, LR = 2.34e-06

预训练:   0%|          | 0/73 [00:00<?, ?it/s]
预训练:   3%|▎         | 2/73 [00:00<00:03, 19.19it/s]
预训练:   7%|▋         | 5/73 [00:00<00:02, 22.73it/s]
预训练:  11%|█         | 8/73 [00:00<00:02, 23.78it/s]
预训练:  15%|█▌        | 11/73 [00:00<00:02, 24.30it/s]
预训练:  19%|█▉        | 14/73 [00:00<00:02, 24.58it/s]
预训练:  23%|██▎       | 17/73 [00:00<00:02, 25.22it/s]
预训练:  27%|██▋       | 20/73 [00:00<00:02, 25.34it/s]
预训练:  32%|███▏      | 23/73 [00:00<00:01, 25.45it/s]
预训练:  36%|███▌      | 26/73 [00:01<00:01, 25.51it/s]
预训练:  40%|███▉      | 29/73 [00:01<00:01, 24.60it/s]
预训练:  44%|████▍     | 32/73 [00:01<00:01, 24.67it/s]
预训练:  48%|████▊     | 35/73 [00:01<00:01, 25.08it/s]
预训练:  52%|█████▏    | 38/73 [00:01<00:01, 24.92it/s]
预训练:  56%|█████▌    | 41/73 [00:01<00:01, 25.46it/s]
预训练:  60%|██████    | 44/73 [00:01<00:01, 25.55it/s]
预训练:  64%|██████▍   | 47/73 [00:01<00:01, 25.64it/s]
预训练:  68%|██████▊   | 50/73 [00:02<00:00, 24.42it/s]
预训练:  73%|███████▎  | 53/73 [00:02<00:00, 24.66it/s]
预训练:  77%|███████▋  | 56/73 [00:02<00:00, 24.58it/s]
预训练:  81%|████████  | 59/73 [00:02<00:00, 24.58it/s]
预训练:  85%|████████▍ | 62/73 [00:02<00:00, 24.92it/s]
预训练:  89%|████████▉ | 65/73 [00:02<00:00, 25.10it/s]
预训练:  93%|█████████▎| 68/73 [00:02<00:00, 25.26it/s]
预训练:  97%|█████████▋| 71/73 [00:02<00:00, 24.82it/s]
预训练: 100%|██████████| 73/73 [00:02<00:00, 25.02it/s]
  [损失分解] Pred: 0.003534, Latent: 0.000517, Consistency: 0.000449, MultiX: 0.007423, MultiZ: 0.000971
Epoch 292/300: Train Loss = 0.011925, Val Loss = 0.004003, LR = 2.34e-06

预训练:   0%|          | 0/73 [00:00<?, ?it/s]
预训练:   3%|▎         | 2/73 [00:00<00:04, 17.58it/s]
预训练:   7%|▋         | 5/73 [00:00<00:02, 22.69it/s]
预训练:  11%|█         | 8/73 [00:00<00:02, 23.56it/s]
预训练:  15%|█▌        | 11/73 [00:00<00:02, 24.13it/s]
预训练:  19%|█▉        | 14/73 [00:00<00:02, 24.39it/s]
预训练:  23%|██▎       | 17/73 [00:00<00:02, 24.65it/s]
预训练:  27%|██▋       | 20/73 [00:00<00:02, 24.96it/s]
预训练:  32%|███▏      | 23/73 [00:00<00:02, 24.88it/s]
预训练:  36%|███▌      | 26/73 [00:01<00:01, 25.05it/s]
预训练:  40%|███▉      | 29/73 [00:01<00:01, 25.63it/s]
预训练:  44%|████▍     | 32/73 [00:01<00:01, 24.80it/s]
预训练:  48%|████▊     | 35/73 [00:01<00:01, 24.95it/s]
预训练:  52%|█████▏    | 38/73 [00:01<00:01, 25.03it/s]
预训练:  56%|█████▌    | 41/73 [00:01<00:01, 25.21it/s]
预训练:  60%|██████    | 44/73 [00:01<00:01, 24.60it/s]
预训练:  64%|██████▍   | 47/73 [00:01<00:01, 24.73it/s]
预训练:  68%|██████▊   | 50/73 [00:02<00:00, 24.95it/s]
预训练:  73%|███████▎  | 53/73 [00:02<00:00, 24.66it/s]
预训练:  77%|███████▋  | 56/73 [00:02<00:00, 25.45it/s]
预训练:  81%|████████  | 59/73 [00:02<00:00, 24.28it/s]
预训练:  85%|████████▍ | 62/73 [00:02<00:00, 24.62it/s]
预训练:  89%|████████▉ | 65/73 [00:02<00:00, 24.82it/s]
预训练:  93%|█████████▎| 68/73 [00:02<00:00, 25.10it/s]
预训练:  97%|█████████▋| 71/73 [00:02<00:00, 25.35it/s]
预训练: 100%|██████████| 73/73 [00:02<00:00, 24.86it/s]
  [损失分解] Pred: 0.003536, Latent: 0.000518, Consistency: 0.000448, MultiX: 0.007408, MultiZ: 0.000969
  >>> 学习率降低: 2.34e-06 -> 1.17e-06
Epoch 293/300: Train Loss = 0.011912, Val Loss = 0.003998, LR = 1.17e-06

预训练:   0%|          | 0/73 [00:00<?, ?it/s]
预训练:   3%|▎         | 2/73 [00:00<00:04, 17.16it/s]
预训练:   7%|▋         | 5/73 [00:00<00:03, 21.75it/s]
预训练:  11%|█         | 8/73 [00:00<00:02, 22.97it/s]
预训练:  15%|█▌        | 11/73 [00:00<00:02, 23.77it/s]
预训练:  19%|█▉        | 14/73 [00:00<00:02, 24.05it/s]
预训练:  23%|██▎       | 17/73 [00:00<00:02, 24.37it/s]
预训练:  27%|██▋       | 20/73 [00:00<00:02, 24.49it/s]
预训练:  32%|███▏      | 23/73 [00:00<00:02, 24.79it/s]
预训练:  36%|███▌      | 26/73 [00:01<00:01, 25.77it/s]
预训练:  40%|███▉      | 29/73 [00:01<00:01, 24.98it/s]
预训练:  44%|████▍     | 32/73 [00:01<00:01, 25.06it/s]
预训练:  48%|████▊     | 35/73 [00:01<00:01, 25.05it/s]
预训练:  52%|█████▏    | 38/73 [00:01<00:01, 24.41it/s]
预训练:  56%|█████▌    | 41/73 [00:01<00:01, 24.63it/s]
预训练:  60%|██████    | 44/73 [00:01<00:01, 24.22it/s]
预训练:  64%|██████▍   | 47/73 [00:01<00:01, 25.34it/s]
预训练:  68%|██████▊   | 50/73 [00:02<00:00, 24.42it/s]
预训练:  73%|███████▎  | 53/73 [00:02<00:00, 24.56it/s]
预训练:  77%|███████▋  | 56/73 [00:02<00:00, 25.05it/s]
预训练:  81%|████████  | 59/73 [00:02<00:00, 24.58it/s]
预训练:  85%|████████▍ | 62/73 [00:02<00:00, 24.95it/s]
预训练:  89%|████████▉ | 65/73 [00:02<00:00, 24.95it/s]
预训练:  93%|█████████▎| 68/73 [00:02<00:00, 26.09it/s]
预训练:  97%|█████████▋| 71/73 [00:02<00:00, 24.57it/s]
预训练: 100%|██████████| 73/73 [00:02<00:00, 24.62it/s]
  [损失分解] Pred: 0.003526, Latent: 0.000519, Consistency: 0.000448, MultiX: 0.007407, MultiZ: 0.000970
Epoch 294/300: Train Loss = 0.011902, Val Loss = 0.003997, LR = 1.17e-06

预训练:   0%|          | 0/73 [00:00<?, ?it/s]
预训练:   3%|▎         | 2/73 [00:00<00:04, 17.54it/s]
预训练:   7%|▋         | 5/73 [00:00<00:03, 22.07it/s]
预训练:  11%|█         | 8/73 [00:00<00:02, 23.46it/s]
预训练:  15%|█▌        | 11/73 [00:00<00:02, 24.16it/s]
预训练:  19%|█▉        | 14/73 [00:00<00:02, 25.11it/s]
预训练:  23%|██▎       | 17/73 [00:00<00:02, 24.59it/s]
预训练:  27%|██▋       | 20/73 [00:00<00:02, 24.52it/s]
预训练:  32%|███▏      | 23/73 [00:00<00:02, 24.83it/s]
预训练:  36%|███▌      | 26/73 [00:01<00:01, 25.10it/s]
预训练:  40%|███▉      | 29/73 [00:01<00:01, 25.27it/s]
预训练:  44%|████▍     | 32/73 [00:01<00:01, 24.32it/s]
预训练:  48%|████▊     | 35/73 [00:01<00:01, 24.65it/s]
预训练:  52%|█████▏    | 38/73 [00:01<00:01, 24.44it/s]
预训练:  56%|█████▌    | 41/73 [00:01<00:01, 24.51it/s]
预训练:  60%|██████    | 44/73 [00:01<00:01, 24.77it/s]
预训练:  64%|██████▍   | 47/73 [00:01<00:01, 24.64it/s]
预训练:  68%|██████▊   | 50/73 [00:02<00:00, 25.29it/s]
预训练:  73%|███████▎  | 53/73 [00:02<00:00, 25.38it/s]
预训练:  77%|███████▋  | 56/73 [00:02<00:00, 24.70it/s]
预训练:  81%|████████  | 59/73 [00:02<00:00, 24.73it/s]
预训练:  85%|████████▍ | 62/73 [00:02<00:00, 25.01it/s]
预训练:  89%|████████▉ | 65/73 [00:02<00:00, 24.93it/s]
预训练:  93%|█████████▎| 68/73 [00:02<00:00, 25.10it/s]
预训练:  97%|█████████▋| 71/73 [00:02<00:00, 25.26it/s]
预训练: 100%|██████████| 73/73 [00:02<00:00, 24.85it/s]
  [损失分解] Pred: 0.003542, Latent: 0.000519, Consistency: 0.000449, MultiX: 0.007392, MultiZ: 0.000968
Epoch 295/300: Train Loss = 0.011901, Val Loss = 0.003999, LR = 1.17e-06

预训练:   0%|          | 0/73 [00:00<?, ?it/s]
预训练:   3%|▎         | 2/73 [00:00<00:04, 15.54it/s]
预训练:   7%|▋         | 5/73 [00:00<00:03, 21.16it/s]
预训练:  11%|█         | 8/73 [00:00<00:02, 24.45it/s]
预训练:  15%|█▌        | 11/73 [00:00<00:02, 23.37it/s]
预训练:  19%|█▉        | 14/73 [00:00<00:02, 24.02it/s]
预训练:  23%|██▎       | 17/73 [00:00<00:02, 24.34it/s]
预训练:  27%|██▋       | 20/73 [00:00<00:02, 24.69it/s]
预训练:  32%|███▏      | 23/73 [00:00<00:01, 25.74it/s]
预训练:  36%|███▌      | 26/73 [00:01<00:01, 24.62it/s]
预训练:  40%|███▉      | 29/73 [00:01<00:01, 24.69it/s]
预训练:  44%|████▍     | 32/73 [00:01<00:01, 24.88it/s]
预训练:  48%|████▊     | 35/73 [00:01<00:01, 24.84it/s]
预训练:  52%|█████▏    | 38/73 [00:01<00:01, 25.68it/s]
预训练:  56%|█████▌    | 41/73 [00:01<00:01, 24.69it/s]
预训练:  60%|██████    | 44/73 [00:01<00:01, 24.99it/s]
预训练:  64%|██████▍   | 47/73 [00:01<00:01, 24.94it/s]
预训练:  68%|██████▊   | 50/73 [00:02<00:00, 24.96it/s]
预训练:  73%|███████▎  | 53/73 [00:02<00:00, 24.94it/s]
预训练:  77%|███████▋  | 56/73 [00:02<00:00, 24.94it/s]
预训练:  81%|████████  | 59/73 [00:02<00:00, 25.00it/s]
预训练:  85%|████████▍ | 62/73 [00:02<00:00, 25.30it/s]
预训练:  89%|████████▉ | 65/73 [00:02<00:00, 24.99it/s]
预训练:  93%|█████████▎| 68/73 [00:02<00:00, 24.96it/s]
预训练:  97%|█████████▋| 71/73 [00:02<00:00, 24.98it/s]
预训练: 100%|██████████| 73/73 [00:02<00:00, 24.75it/s]
  [损失分解] Pred: 0.003541, Latent: 0.000519, Consistency: 0.000449, MultiX: 0.007383, MultiZ: 0.000966
Epoch 296/300: Train Loss = 0.011891, Val Loss = 0.003994, LR = 1.17e-06

预训练:   0%|          | 0/73 [00:00<?, ?it/s]
预训练:   3%|▎         | 2/73 [00:00<00:03, 18.81it/s]
预训练:   7%|▋         | 5/73 [00:00<00:03, 22.56it/s]
预训练:  11%|█         | 8/73 [00:00<00:02, 23.79it/s]
预训练:  15%|█▌        | 11/73 [00:00<00:02, 25.71it/s]
预训练:  19%|█▉        | 14/73 [00:00<00:02, 24.21it/s]
预训练:  23%|██▎       | 17/73 [00:00<00:02, 24.83it/s]
预训练:  27%|██▋       | 20/73 [00:00<00:02, 24.75it/s]
预训练:  32%|███▏      | 23/73 [00:00<00:01, 25.42it/s]
预训练:  36%|███▌      | 26/73 [00:01<00:01, 25.51it/s]
预训练:  40%|███▉      | 29/73 [00:01<00:01, 24.53it/s]
预训练:  44%|████▍     | 32/73 [00:01<00:01, 24.70it/s]
预训练:  48%|████▊     | 35/73 [00:01<00:01, 24.68it/s]
预训练:  52%|█████▏    | 38/73 [00:01<00:01, 24.92it/s]
预训练:  56%|█████▌    | 41/73 [00:01<00:01, 25.63it/s]
预训练:  60%|██████    | 44/73 [00:01<00:01, 25.68it/s]
预训练:  64%|██████▍   | 47/73 [00:01<00:01, 24.70it/s]
预训练:  68%|██████▊   | 50/73 [00:02<00:00, 24.61it/s]
预训练:  73%|███████▎  | 53/73 [00:02<00:00, 24.92it/s]
预训练:  77%|███████▋  | 56/73 [00:02<00:00, 24.81it/s]
预训练:  81%|████████  | 59/73 [00:02<00:00, 24.75it/s]
预训练:  85%|████████▍ | 62/73 [00:02<00:00, 24.93it/s]
预训练:  89%|████████▉ | 65/73 [00:02<00:00, 25.11it/s]
预训练:  93%|█████████▎| 68/73 [00:02<00:00, 25.35it/s]
预训练:  97%|█████████▋| 71/73 [00:02<00:00, 25.44it/s]
预训练: 100%|██████████| 73/73 [00:02<00:00, 25.00it/s]
  [损失分解] Pred: 0.003546, Latent: 0.000519, Consistency: 0.000449, MultiX: 0.007409, MultiZ: 0.000969
Epoch 297/300: Train Loss = 0.011924, Val Loss = 0.003994, LR = 1.17e-06

预训练:   0%|          | 0/73 [00:00<?, ?it/s]
预训练:   3%|▎         | 2/73 [00:00<00:03, 19.00it/s]
预训练:   7%|▋         | 5/73 [00:00<00:02, 22.83it/s]
预训练:  11%|█         | 8/73 [00:00<00:02, 24.28it/s]
预训练:  15%|█▌        | 11/73 [00:00<00:02, 24.35it/s]
预训练:  19%|█▉        | 14/73 [00:00<00:02, 24.65it/s]
预训练:  23%|██▎       | 17/73 [00:00<00:02, 24.70it/s]
预训练:  27%|██▋       | 20/73 [00:00<00:02, 24.67it/s]
预训练:  32%|███▏      | 23/73 [00:00<00:02, 25.00it/s]
预训练:  36%|███▌      | 26/73 [00:01<00:01, 24.58it/s]
预训练:  40%|███▉      | 29/73 [00:01<00:01, 25.54it/s]
预训练:  44%|████▍     | 32/73 [00:01<00:01, 24.55it/s]
预训练:  48%|████▊     | 35/73 [00:01<00:01, 24.99it/s]
预训练:  52%|█████▏    | 38/73 [00:01<00:01, 24.64it/s]
预训练:  56%|█████▌    | 41/73 [00:01<00:01, 24.79it/s]
预训练:  60%|██████    | 44/73 [00:01<00:01, 24.96it/s]
预训练:  64%|██████▍   | 47/73 [00:01<00:01, 25.21it/s]
预训练:  68%|██████▊   | 50/73 [00:02<00:00, 24.78it/s]
预训练:  73%|███████▎  | 53/73 [00:02<00:00, 24.80it/s]
预训练:  77%|███████▋  | 56/73 [00:02<00:00, 25.50it/s]
预训练:  81%|████████  | 59/73 [00:02<00:00, 24.48it/s]
预训练:  85%|████████▍ | 62/73 [00:02<00:00, 24.86it/s]
预训练:  89%|████████▉ | 65/73 [00:02<00:00, 25.09it/s]
预训练:  93%|█████████▎| 68/73 [00:02<00:00, 24.84it/s]
预训练:  97%|█████████▋| 71/73 [00:02<00:00, 24.85it/s]
预训练: 100%|██████████| 73/73 [00:02<00:00, 24.84it/s]
  [损失分解] Pred: 0.003555, Latent: 0.000520, Consistency: 0.000450, MultiX: 0.007427, MultiZ: 0.000971
Epoch 298/300: Train Loss = 0.011952, Val Loss = 0.003993, LR = 1.17e-06

预训练:   0%|          | 0/73 [00:00<?, ?it/s]
预训练:   3%|▎         | 2/73 [00:00<00:03, 18.84it/s]
预训练:   7%|▋         | 5/73 [00:00<00:02, 23.05it/s]
预训练:  11%|█         | 8/73 [00:00<00:02, 23.36it/s]
预训练:  15%|█▌        | 11/73 [00:00<00:02, 25.09it/s]
预训练:  19%|█▉        | 14/73 [00:00<00:02, 23.78it/s]
预训练:  23%|██▎       | 17/73 [00:00<00:02, 24.10it/s]
预训练:  27%|██▋       | 20/73 [00:00<00:02, 24.50it/s]
预训练:  32%|███▏      | 23/73 [00:00<00:02, 24.83it/s]
预训练:  36%|███▌      | 26/73 [00:01<00:01, 25.79it/s]
预训练:  40%|███▉      | 29/73 [00:01<00:01, 24.50it/s]
预训练:  44%|████▍     | 32/73 [00:01<00:01, 24.62it/s]
预训练:  48%|████▊     | 35/73 [00:01<00:01, 24.55it/s]
预训练:  52%|█████▏    | 38/73 [00:01<00:01, 24.60it/s]
预训练:  56%|█████▌    | 41/73 [00:01<00:01, 24.95it/s]
预训练:  60%|██████    | 44/73 [00:01<00:01, 25.10it/s]
预训练:  64%|██████▍   | 47/73 [00:01<00:01, 25.39it/s]
预训练:  68%|██████▊   | 50/73 [00:02<00:00, 24.52it/s]
预训练:  73%|███████▎  | 53/73 [00:02<00:00, 24.76it/s]
预训练:  77%|███████▋  | 56/73 [00:02<00:00, 25.02it/s]
预训练:  81%|████████  | 59/73 [00:02<00:00, 25.05it/s]
预训练:  85%|████████▍ | 62/73 [00:02<00:00, 25.14it/s]
预训练:  89%|████████▉ | 65/73 [00:02<00:00, 25.56it/s]
预训练:  93%|█████████▎| 68/73 [00:02<00:00, 25.13it/s]
预训练:  97%|█████████▋| 71/73 [00:02<00:00, 25.78it/s]
预训练: 100%|██████████| 73/73 [00:02<00:00, 24.85it/s]
  [损失分解] Pred: 0.003535, Latent: 0.000518, Consistency: 0.000448, MultiX: 0.007456, MultiZ: 0.000973
Epoch 299/300: Train Loss = 0.011961, Val Loss = 0.003993, LR = 1.17e-06
早停触发（patience=50）
  >>> 回载最佳检查点 pretrain_best.pth (val_loss=0.003980)
预训练完成，最佳验证损失: 0.003980

============================================================
阶段2：最终EDMD优化Koopman矩阵
============================================================
固定编码器，重新计算最优Koopman矩阵...
步骤1：编码所有训练数据...

编码数据:   0%|          | 0/73 [00:00<?, ?it/s]
编码数据:   1%|▏         | 1/73 [00:04<05:58,  4.98s/it]
编码数据:  26%|██▌       | 19/73 [00:05<00:10,  5.21it/s]
编码数据:  49%|████▉     | 36/73 [00:05<00:03, 11.50it/s]
编码数据:  79%|███████▉  | 58/73 [00:05<00:00, 22.29it/s]
编码数据: 100%|██████████| 73/73 [00:05<00:00, 13.64it/s]
  编码完成：74385 个样本
  潜在维度：64
  控制维度：3

步骤2：计算EDMD闭式解...
  Koopman矩阵A: (64, 64)
  控制矩阵B: (64, 3)
  谱半径（SVD前）: 1.0000

步骤3：SVD后处理...
  跳过SVD限制

步骤4：更新模型...
  Koopman矩阵已更新

步骤5：验证EDMD性能...
  训练集预测RMSE: 0.054081

EDMD训练完成！

============================================================
Evaluating model
============================================================
One-step test RMSE: 0.056980

Saving model and results...
  Normalisation parameters saved

Model saved:
  Path: C:\Users\Windows\Desktop\论文4\code-projectv2\results\platform1\Models\patchtst_koopman\model_20260605_231201.pth
  Spectral radius: 1.0000
  Timestamp: 2026-06-05 23:12:01
  Normalisation parameters saved

Model saved:
  Path: C:\Users\Windows\Desktop\论文4\code-projectv2\results\platform1\Models\patchtst_koopman\model_best.pth
  Spectral radius: 1.0000
  Timestamp: 2026-06-05 23:12:01
Trajectory length: 4976 steps (predicting 4960)
  RMSE: 0.250706
  MAE:  0.129159
Plot saved: C:\Users\Windows\Desktop\论文4\code-projectv2\results\platform1\Models\patchtst_koopman\auto_test\test_prediction.png

Results saved: C:\Users\Windows\Desktop\论文4\code-projectv2\results\platform1\Models\patchtst_koopman\results_20260605_231209.json

============================================================
Training complete
============================================================
  Model:      C:\Users\Windows\Desktop\论文4\code-projectv2\results\platform1\Models\patchtst_koopman\model_20260605_231201.pth
  Test plot:  C:\Users\Windows\Desktop\论文4\code-projectv2\results\platform1\Models\patchtst_koopman\auto_test\test_prediction.png
  Rollout RMSE: 0.250706
  Rollout MAE:  0.129159

============================================================
Exit code: 0
Finished: 2026-06-05T23:12:10.291943
