Command: D:\conda\envs\edmddl2\python.exe D:\Project\code-projectv2\scripts\train_patchtst.py --config D:\Project\code-projectv2\configs\platform2.yaml --save_dir D:\Project\code-projectv2\results\platform2\Models\patchtst_koopman
Started: 2026-06-23T22:16:17.725555
============================================================
============================================================
PatchTST-Koopman training
============================================================
Loaded config: D:\Project\code-projectv2\configs\platform2.yaml
CUDA device: NVIDIA GeForce RTX 4060 Laptop GPU
PyTorch CUDA version: 12.6
Using device: cuda
Random seed set to: 42
CUDA performance: deterministic=False, cudnn.benchmark=True, amp=True, tf32=True, matmul_precision=high
Using float32 precision

============================================================
Preparing datasets
============================================================
  State normalised: mean=[0.34522903 0.42333376], std=[3.497775 3.206664]
  Control normalised: mean=[0.01455709 0.09308819], std=[27.882555 28.230585]
Dataset [train]:
  Total points: 24150
  Valid samples: 23758
  Trajectories: 49
  State normalised (using training-set statistics)
  Control normalised (using training-set statistics)
Dataset [val]:
  Total points: 10001
  Valid samples: 9841
  Trajectories: 20
  State normalised (using training-set statistics)
  Control normalised (using training-set statistics)
Dataset [test]:
  Total points: 500
  Valid samples: 492
  Trajectories: 1

============================================================
Building model
============================================================
Total parameters: 3,616

============================================================
阶段0：初始EDMD计算（初始化Koopman矩阵）
============================================================
使用随机初始化的编码器计算初始Koopman矩阵...
步骤1：编码所有训练数据...

编码数据:   0%|          | 0/12 [00:00<?, ?it/s]
编码数据:   8%|▊         | 1/12 [00:06<01:09,  6.33s/it]
编码数据: 100%|██████████| 12/12 [00:06<00:00,  1.89it/s]
  编码完成：23758 个样本
  潜在维度：10
  控制维度：2

步骤2：计算EDMD闭式解...
  Koopman矩阵A: (10, 10)
  控制矩阵B: (10, 2)
  谱半径（SVD前）: 1.0003

步骤3：SVD后处理...
  跳过SVD限制

步骤4：更新模型...
  Koopman矩阵已更新

步骤5：验证EDMD性能...
  训练集预测RMSE: 0.032667
初始Koopman矩阵已设置

============================================================
阶段1：预训练编码器和降维矩阵
============================================================
使用初始化的Koopman矩阵进行端到端训练...
注意：使用状态嵌入式编码器，解码器固定，不使用重建损失

预训练:   0%|          | 0/12 [00:00<?, ?it/s]
预训练:   8%|▊         | 1/12 [00:06<01:10,  6.43s/it]
预训练:  33%|███▎      | 4/12 [00:06<00:10,  1.25s/it]
预训练:  92%|█████████▏| 11/12 [00:06<00:00,  2.86it/s]
预训练: 100%|██████████| 12/12 [00:06<00:00,  1.79it/s]
  [损失分解] Pred: 0.005824, Latent: 0.004134, Consistency: 0.003797
Epoch 1/500: Train Loss = 0.013755, Val Loss = 0.002343, LR = 1.00e-03

预训练:   0%|          | 0/12 [00:00<?, ?it/s]
预训练:  25%|██▌       | 3/12 [00:00<00:00, 27.71it/s]
预训练:  67%|██████▋   | 8/12 [00:00<00:00, 36.43it/s]
预训练: 100%|██████████| 12/12 [00:00<00:00, 38.44it/s]
  [损失分解] Pred: 0.003922, Latent: 0.003114, Consistency: 0.002966
Epoch 2/500: Train Loss = 0.010002, Val Loss = 0.001066, LR = 1.00e-03

预训练:   0%|          | 0/12 [00:00<?, ?it/s]
预训练:  17%|█▋        | 2/12 [00:00<00:00, 17.49it/s]
预训练:  67%|██████▋   | 8/12 [00:00<00:00, 37.72it/s]
预训练: 100%|██████████| 12/12 [00:00<00:00, 40.42it/s]
  [损失分解] Pred: 0.003009, Latent: 0.002540, Consistency: 0.002444
Epoch 3/500: Train Loss = 0.007992, Val Loss = 0.001081, LR = 1.00e-03

预训练:   0%|          | 0/12 [00:00<?, ?it/s]
预训练:  33%|███▎      | 4/12 [00:00<00:00, 33.94it/s]
预训练: 100%|██████████| 12/12 [00:00<00:00, 56.87it/s]
预训练: 100%|██████████| 12/12 [00:00<00:00, 53.27it/s]
  [损失分解] Pred: 0.002607, Latent: 0.002145, Consistency: 0.002108
Epoch 4/500: Train Loss = 0.006860, Val Loss = 0.001134, LR = 1.00e-03

预训练:   0%|          | 0/12 [00:00<?, ?it/s]
预训练:  67%|██████▋   | 8/12 [00:00<00:00, 74.34it/s]
预训练: 100%|██████████| 12/12 [00:00<00:00, 78.85it/s]
  [损失分解] Pred: 0.002283, Latent: 0.001877, Consistency: 0.001840
Epoch 5/500: Train Loss = 0.006001, Val Loss = 0.001032, LR = 1.00e-03

预训练:   0%|          | 0/12 [00:00<?, ?it/s]
预训练:  58%|█████▊    | 7/12 [00:00<00:00, 69.89it/s]
预训练: 100%|██████████| 12/12 [00:00<00:00, 76.09it/s]
  [损失分解] Pred: 0.002054, Latent: 0.001645, Consistency: 0.001634
Epoch 6/500: Train Loss = 0.005334, Val Loss = 0.001054, LR = 1.00e-03

预训练:   0%|          | 0/12 [00:00<?, ?it/s]
预训练:  25%|██▌       | 3/12 [00:00<00:00, 29.07it/s]
预训练: 100%|██████████| 12/12 [00:00<00:00, 63.59it/s]
  [损失分解] Pred: 0.001893, Latent: 0.001472, Consistency: 0.001472
Epoch 7/500: Train Loss = 0.004837, Val Loss = 0.001025, LR = 1.00e-03

预训练:   0%|          | 0/12 [00:00<?, ?it/s]
预训练:  58%|█████▊    | 7/12 [00:00<00:00, 65.58it/s]
预训练: 100%|██████████| 12/12 [00:00<00:00, 75.64it/s]
  [损失分解] Pred: 0.001755, Latent: 0.001320, Consistency: 0.001322
Epoch 8/500: Train Loss = 0.004397, Val Loss = 0.001022, LR = 1.00e-03

预训练:   0%|          | 0/12 [00:00<?, ?it/s]
预训练:  67%|██████▋   | 8/12 [00:00<00:00, 76.15it/s]
预训练: 100%|██████████| 12/12 [00:00<00:00, 82.79it/s]
  [损失分解] Pred: 0.001661, Latent: 0.001206, Consistency: 0.001210
Epoch 9/500: Train Loss = 0.004077, Val Loss = 0.001034, LR = 1.00e-03

预训练:   0%|          | 0/12 [00:00<?, ?it/s]
预训练:  33%|███▎      | 4/12 [00:00<00:00, 38.53it/s]
预训练: 100%|██████████| 12/12 [00:00<00:00, 64.24it/s]
  [损失分解] Pred: 0.001564, Latent: 0.001094, Consistency: 0.001095
Epoch 10/500: Train Loss = 0.003753, Val Loss = 0.001009, LR = 1.00e-03

预训练:   0%|          | 0/12 [00:00<?, ?it/s]
预训练:  58%|█████▊    | 7/12 [00:00<00:00, 64.80it/s]
预训练: 100%|██████████| 12/12 [00:00<00:00, 73.56it/s]
  [损失分解] Pred: 0.001486, Latent: 0.001006, Consistency: 0.001004
Epoch 11/500: Train Loss = 0.003496, Val Loss = 0.001004, LR = 1.00e-03

预训练:   0%|          | 0/12 [00:00<?, ?it/s]
预训练:  17%|█▋        | 2/12 [00:00<00:00, 18.12it/s]
预训练: 100%|██████████| 12/12 [00:00<00:00, 57.16it/s]
  [损失分解] Pred: 0.001416, Latent: 0.000924, Consistency: 0.000920
Epoch 12/500: Train Loss = 0.003261, Val Loss = 0.000999, LR = 1.00e-03

预训练:   0%|          | 0/12 [00:00<?, ?it/s]
预训练:  58%|█████▊    | 7/12 [00:00<00:00, 66.80it/s]
预训练: 100%|██████████| 12/12 [00:00<00:00, 78.99it/s]
  [损失分解] Pred: 0.001359, Latent: 0.000852, Consistency: 0.000848
Epoch 13/500: Train Loss = 0.003060, Val Loss = 0.000994, LR = 1.00e-03

预训练:   0%|          | 0/12 [00:00<?, ?it/s]
预训练:  67%|██████▋   | 8/12 [00:00<00:00, 70.85it/s]
预训练: 100%|██████████| 12/12 [00:00<00:00, 76.39it/s]
  [损失分解] Pred: 0.001323, Latent: 0.000796, Consistency: 0.000782
Epoch 14/500: Train Loss = 0.002901, Val Loss = 0.000993, LR = 1.00e-03

预训练:   0%|          | 0/12 [00:00<?, ?it/s]
预训练:  42%|████▏     | 5/12 [00:00<00:00, 44.03it/s]
预训练: 100%|██████████| 12/12 [00:00<00:00, 68.06it/s]
  [损失分解] Pred: 0.001283, Latent: 0.000744, Consistency: 0.000729
Epoch 15/500: Train Loss = 0.002757, Val Loss = 0.000991, LR = 1.00e-03

预训练:   0%|          | 0/12 [00:00<?, ?it/s]
预训练:  58%|█████▊    | 7/12 [00:00<00:00, 67.08it/s]
预训练: 100%|██████████| 12/12 [00:00<00:00, 78.49it/s]
  [损失分解] Pred: 0.001249, Latent: 0.000695, Consistency: 0.000681
Epoch 16/500: Train Loss = 0.002625, Val Loss = 0.000999, LR = 1.00e-03

预训练:   0%|          | 0/12 [00:00<?, ?it/s]
预训练:  42%|████▏     | 5/12 [00:00<00:00, 43.21it/s]
预训练: 100%|██████████| 12/12 [00:00<00:00, 61.19it/s]
  [损失分解] Pred: 0.001212, Latent: 0.000650, Consistency: 0.000637
Epoch 17/500: Train Loss = 0.002498, Val Loss = 0.000981, LR = 1.00e-03

预训练:   0%|          | 0/12 [00:00<?, ?it/s]
预训练:  58%|█████▊    | 7/12 [00:00<00:00, 63.36it/s]
预训练: 100%|██████████| 12/12 [00:00<00:00, 72.38it/s]
  [损失分解] Pred: 0.001198, Latent: 0.000618, Consistency: 0.000604
Epoch 18/500: Train Loss = 0.002419, Val Loss = 0.000980, LR = 1.00e-03

预训练:   0%|          | 0/12 [00:00<?, ?it/s]
预训练:  33%|███▎      | 4/12 [00:00<00:00, 39.03it/s]
预训练: 100%|██████████| 12/12 [00:00<00:00, 62.88it/s]
  [损失分解] Pred: 0.001165, Latent: 0.000581, Consistency: 0.000567
Epoch 19/500: Train Loss = 0.002314, Val Loss = 0.000986, LR = 1.00e-03

预训练:   0%|          | 0/12 [00:00<?, ?it/s]
预训练:  42%|████▏     | 5/12 [00:00<00:00, 48.47it/s]
预训练: 100%|██████████| 12/12 [00:00<00:00, 68.36it/s]
  [损失分解] Pred: 0.001146, Latent: 0.000556, Consistency: 0.000536
Epoch 20/500: Train Loss = 0.002238, Val Loss = 0.000972, LR = 1.00e-03

预训练:   0%|          | 0/12 [00:00<?, ?it/s]
预训练:  33%|███▎      | 4/12 [00:00<00:00, 38.25it/s]
预训练: 100%|██████████| 12/12 [00:00<00:00, 63.32it/s]
  [损失分解] Pred: 0.001135, Latent: 0.000528, Consistency: 0.000508
Epoch 21/500: Train Loss = 0.002171, Val Loss = 0.000967, LR = 1.00e-03

预训练:   0%|          | 0/12 [00:00<?, ?it/s]
预训练:  50%|█████     | 6/12 [00:00<00:00, 54.62it/s]
预训练: 100%|██████████| 12/12 [00:00<00:00, 71.23it/s]
  [损失分解] Pred: 0.001115, Latent: 0.000507, Consistency: 0.000486
Epoch 22/500: Train Loss = 0.002108, Val Loss = 0.000963, LR = 1.00e-03

预训练:   0%|          | 0/12 [00:00<?, ?it/s]
预训练:  33%|███▎      | 4/12 [00:00<00:00, 36.91it/s]
预训练: 100%|██████████| 12/12 [00:00<00:00, 63.18it/s]
  [损失分解] Pred: 0.001098, Latent: 0.000488, Consistency: 0.000464
Epoch 23/500: Train Loss = 0.002050, Val Loss = 0.000961, LR = 1.00e-03

预训练:   0%|          | 0/12 [00:00<?, ?it/s]
预训练:  75%|███████▌  | 9/12 [00:00<00:00, 85.36it/s]
预训练: 100%|██████████| 12/12 [00:00<00:00, 90.62it/s]
  [损失分解] Pred: 0.001081, Latent: 0.000468, Consistency: 0.000444
Epoch 24/500: Train Loss = 0.001994, Val Loss = 0.000960, LR = 1.00e-03

预训练:   0%|          | 0/12 [00:00<?, ?it/s]
预训练:  33%|███▎      | 4/12 [00:00<00:00, 39.45it/s]
预训练: 100%|██████████| 12/12 [00:00<00:00, 66.49it/s]
  [损失分解] Pred: 0.001075, Latent: 0.000453, Consistency: 0.000428
Epoch 25/500: Train Loss = 0.001955, Val Loss = 0.000956, LR = 1.00e-03

预训练:   0%|          | 0/12 [00:00<?, ?it/s]
预训练:  58%|█████▊    | 7/12 [00:00<00:00, 64.93it/s]
预训练: 100%|██████████| 12/12 [00:00<00:00, 69.27it/s]
  [损失分解] Pred: 0.001063, Latent: 0.000437, Consistency: 0.000413
Epoch 26/500: Train Loss = 0.001914, Val Loss = 0.000952, LR = 1.00e-03

预训练:   0%|          | 0/12 [00:00<?, ?it/s]
预训练:  58%|█████▊    | 7/12 [00:00<00:00, 65.27it/s]
预训练: 100%|██████████| 12/12 [00:00<00:00, 75.52it/s]
  [损失分解] Pred: 0.001052, Latent: 0.000423, Consistency: 0.000398
Epoch 27/500: Train Loss = 0.001873, Val Loss = 0.000957, LR = 1.00e-03

预训练:   0%|          | 0/12 [00:00<?, ?it/s]
预训练:  67%|██████▋   | 8/12 [00:00<00:00, 77.49it/s]
预训练: 100%|██████████| 12/12 [00:00<00:00, 85.19it/s]
  [损失分解] Pred: 0.001046, Latent: 0.000414, Consistency: 0.000386
Epoch 28/500: Train Loss = 0.001847, Val Loss = 0.000948, LR = 1.00e-03

预训练:   0%|          | 0/12 [00:00<?, ?it/s]
预训练:  58%|█████▊    | 7/12 [00:00<00:00, 65.03it/s]
预训练: 100%|██████████| 12/12 [00:00<00:00, 73.26it/s]
  [损失分解] Pred: 0.001040, Latent: 0.000402, Consistency: 0.000374
Epoch 29/500: Train Loss = 0.001816, Val Loss = 0.000961, LR = 1.00e-03

预训练:   0%|          | 0/12 [00:00<?, ?it/s]
预训练:  42%|████▏     | 5/12 [00:00<00:00, 46.33it/s]
预训练: 100%|██████████| 12/12 [00:00<00:00, 68.64it/s]
  [损失分解] Pred: 0.001028, Latent: 0.000391, Consistency: 0.000364
Epoch 30/500: Train Loss = 0.001784, Val Loss = 0.000953, LR = 1.00e-03

预训练:   0%|          | 0/12 [00:00<?, ?it/s]
预训练:  58%|█████▊    | 7/12 [00:00<00:00, 65.37it/s]
预训练: 100%|██████████| 12/12 [00:00<00:00, 73.67it/s]
  [损失分解] Pred: 0.001022, Latent: 0.000383, Consistency: 0.000354
Epoch 31/500: Train Loss = 0.001759, Val Loss = 0.000941, LR = 1.00e-03

预训练:   0%|          | 0/12 [00:00<?, ?it/s]
预训练:  67%|██████▋   | 8/12 [00:00<00:00, 75.74it/s]
预训练: 100%|██████████| 12/12 [00:00<00:00, 78.67it/s]
  [损失分解] Pred: 0.001009, Latent: 0.000371, Consistency: 0.000344
Epoch 32/500: Train Loss = 0.001724, Val Loss = 0.000944, LR = 1.00e-03

预训练:   0%|          | 0/12 [00:00<?, ?it/s]
预训练:  58%|█████▊    | 7/12 [00:00<00:00, 58.14it/s]
预训练: 100%|██████████| 12/12 [00:00<00:00, 68.05it/s]
  [损失分解] Pred: 0.001010, Latent: 0.000365, Consistency: 0.000338
Epoch 33/500: Train Loss = 0.001713, Val Loss = 0.000938, LR = 1.00e-03

预训练:   0%|          | 0/12 [00:00<?, ?it/s]
预训练:  42%|████▏     | 5/12 [00:00<00:00, 47.98it/s]
预训练: 100%|██████████| 12/12 [00:00<00:00, 70.37it/s]
  [损失分解] Pred: 0.001000, Latent: 0.000359, Consistency: 0.000330
Epoch 34/500: Train Loss = 0.001689, Val Loss = 0.000936, LR = 1.00e-03

预训练:   0%|          | 0/12 [00:00<?, ?it/s]
预训练:  67%|██████▋   | 8/12 [00:00<00:00, 76.82it/s]
预训练: 100%|██████████| 12/12 [00:00<00:00, 81.70it/s]
  [损失分解] Pred: 0.001000, Latent: 0.000354, Consistency: 0.000325
Epoch 35/500: Train Loss = 0.001679, Val Loss = 0.000932, LR = 1.00e-03

预训练:   0%|          | 0/12 [00:00<?, ?it/s]
预训练:  58%|█████▊    | 7/12 [00:00<00:00, 69.24it/s]
预训练: 100%|██████████| 12/12 [00:00<00:00, 82.78it/s]
  [损失分解] Pred: 0.000994, Latent: 0.000345, Consistency: 0.000317
Epoch 36/500: Train Loss = 0.001656, Val Loss = 0.000933, LR = 1.00e-03

预训练:   0%|          | 0/12 [00:00<?, ?it/s]
预训练:  75%|███████▌  | 9/12 [00:00<00:00, 86.81it/s]
预训练: 100%|██████████| 12/12 [00:00<00:00, 87.74it/s]
  [损失分解] Pred: 0.000988, Latent: 0.000340, Consistency: 0.000313
Epoch 37/500: Train Loss = 0.001641, Val Loss = 0.000929, LR = 1.00e-03

预训练:   0%|          | 0/12 [00:00<?, ?it/s]
预训练:  42%|████▏     | 5/12 [00:00<00:00, 44.49it/s]
预训练: 100%|██████████| 12/12 [00:00<00:00, 64.76it/s]
  [损失分解] Pred: 0.000986, Latent: 0.000336, Consistency: 0.000308
Epoch 38/500: Train Loss = 0.001630, Val Loss = 0.000937, LR = 1.00e-03

预训练:   0%|          | 0/12 [00:00<?, ?it/s]
预训练:  42%|████▏     | 5/12 [00:00<00:00, 48.92it/s]
预训练: 100%|██████████| 12/12 [00:00<00:00, 70.90it/s]
  [损失分解] Pred: 0.000985, Latent: 0.000333, Consistency: 0.000303
Epoch 39/500: Train Loss = 0.001621, Val Loss = 0.000935, LR = 1.00e-03

预训练:   0%|          | 0/12 [00:00<?, ?it/s]
预训练:  67%|██████▋   | 8/12 [00:00<00:00, 74.08it/s]
预训练: 100%|██████████| 12/12 [00:00<00:00, 81.33it/s]
  [损失分解] Pred: 0.000974, Latent: 0.000326, Consistency: 0.000297
Epoch 40/500: Train Loss = 0.001597, Val Loss = 0.000930, LR = 1.00e-03

预训练:   0%|          | 0/12 [00:00<?, ?it/s]
预训练:  67%|██████▋   | 8/12 [00:00<00:00, 74.53it/s]
预训练: 100%|██████████| 12/12 [00:00<00:00, 78.56it/s]
  [损失分解] Pred: 0.000970, Latent: 0.000322, Consistency: 0.000292
Epoch 41/500: Train Loss = 0.001584, Val Loss = 0.000924, LR = 1.00e-03

预训练:   0%|          | 0/12 [00:00<?, ?it/s]
预训练:  67%|██████▋   | 8/12 [00:00<00:00, 77.03it/s]
预训练: 100%|██████████| 12/12 [00:00<00:00, 84.66it/s]
  [损失分解] Pred: 0.000973, Latent: 0.000318, Consistency: 0.000290
Epoch 42/500: Train Loss = 0.001581, Val Loss = 0.000923, LR = 1.00e-03

预训练:   0%|          | 0/12 [00:00<?, ?it/s]
预训练:  42%|████▏     | 5/12 [00:00<00:00, 49.26it/s]
预训练: 100%|██████████| 12/12 [00:00<00:00, 72.88it/s]
  [损失分解] Pred: 0.000967, Latent: 0.000313, Consistency: 0.000285
Epoch 43/500: Train Loss = 0.001565, Val Loss = 0.000931, LR = 1.00e-03

预训练:   0%|          | 0/12 [00:00<?, ?it/s]
预训练:  67%|██████▋   | 8/12 [00:00<00:00, 75.10it/s]
预训练: 100%|██████████| 12/12 [00:00<00:00, 83.56it/s]
  [损失分解] Pred: 0.000962, Latent: 0.000311, Consistency: 0.000283
Epoch 44/500: Train Loss = 0.001555, Val Loss = 0.000919, LR = 1.00e-03

预训练:   0%|          | 0/12 [00:00<?, ?it/s]
预训练:  75%|███████▌  | 9/12 [00:00<00:00, 82.94it/s]
预训练: 100%|██████████| 12/12 [00:00<00:00, 90.49it/s]
  [损失分解] Pred: 0.000957, Latent: 0.000307, Consistency: 0.000279
Epoch 45/500: Train Loss = 0.001543, Val Loss = 0.000947, LR = 1.00e-03

预训练:   0%|          | 0/12 [00:00<?, ?it/s]
预训练:  42%|████▏     | 5/12 [00:00<00:00, 49.17it/s]
预训练: 100%|██████████| 12/12 [00:00<00:00, 68.86it/s]
  [损失分解] Pred: 0.000963, Latent: 0.000304, Consistency: 0.000277
Epoch 46/500: Train Loss = 0.001544, Val Loss = 0.000922, LR = 1.00e-03

预训练:   0%|          | 0/12 [00:00<?, ?it/s]
预训练:  25%|██▌       | 3/12 [00:00<00:00, 28.50it/s]
预训练: 100%|██████████| 12/12 [00:00<00:00, 59.34it/s]
  [损失分解] Pred: 0.000957, Latent: 0.000301, Consistency: 0.000274
Epoch 47/500: Train Loss = 0.001532, Val Loss = 0.000917, LR = 1.00e-03

预训练:   0%|          | 0/12 [00:00<?, ?it/s]
预训练:  67%|██████▋   | 8/12 [00:00<00:00, 75.03it/s]
预训练: 100%|██████████| 12/12 [00:00<00:00, 82.98it/s]
  [损失分解] Pred: 0.000955, Latent: 0.000299, Consistency: 0.000270
Epoch 48/500: Train Loss = 0.001524, Val Loss = 0.000928, LR = 1.00e-03

预训练:   0%|          | 0/12 [00:00<?, ?it/s]
预训练:  67%|██████▋   | 8/12 [00:00<00:00, 78.39it/s]
预训练: 100%|██████████| 12/12 [00:00<00:00, 84.71it/s]
  [损失分解] Pred: 0.000949, Latent: 0.000296, Consistency: 0.000267
Epoch 49/500: Train Loss = 0.001511, Val Loss = 0.000911, LR = 1.00e-03

预训练:   0%|          | 0/12 [00:00<?, ?it/s]
预训练:  67%|██████▋   | 8/12 [00:00<00:00, 74.59it/s]
预训练: 100%|██████████| 12/12 [00:00<00:00, 80.90it/s]
  [损失分解] Pred: 0.000955, Latent: 0.000295, Consistency: 0.000266
Epoch 50/500: Train Loss = 0.001516, Val Loss = 0.000930, LR = 1.00e-03

预训练:   0%|          | 0/12 [00:00<?, ?it/s]
预训练:  50%|█████     | 6/12 [00:00<00:00, 56.37it/s]
预训练: 100%|██████████| 12/12 [00:00<00:00, 73.15it/s]
  [损失分解] Pred: 0.000952, Latent: 0.000293, Consistency: 0.000265
Epoch 51/500: Train Loss = 0.001510, Val Loss = 0.000920, LR = 1.00e-03

预训练:   0%|          | 0/12 [00:00<?, ?it/s]
预训练:  75%|███████▌  | 9/12 [00:00<00:00, 81.94it/s]
预训练: 100%|██████████| 12/12 [00:00<00:00, 84.44it/s]
  [损失分解] Pred: 0.000947, Latent: 0.000289, Consistency: 0.000261
Epoch 52/500: Train Loss = 0.001497, Val Loss = 0.000905, LR = 1.00e-03

预训练:   0%|          | 0/12 [00:00<?, ?it/s]
预训练:  58%|█████▊    | 7/12 [00:00<00:00, 67.48it/s]
预训练: 100%|██████████| 12/12 [00:00<00:00, 69.62it/s]
  [损失分解] Pred: 0.000946, Latent: 0.000288, Consistency: 0.000260
Epoch 53/500: Train Loss = 0.001494, Val Loss = 0.000907, LR = 1.00e-03

预训练:   0%|          | 0/12 [00:00<?, ?it/s]
预训练:  25%|██▌       | 3/12 [00:00<00:00, 28.93it/s]
预训练: 100%|██████████| 12/12 [00:00<00:00, 62.17it/s]
预训练: 100%|██████████| 12/12 [00:00<00:00, 57.24it/s]
  [损失分解] Pred: 0.000942, Latent: 0.000285, Consistency: 0.000257
Epoch 54/500: Train Loss = 0.001484, Val Loss = 0.000902, LR = 1.00e-03

预训练:   0%|          | 0/12 [00:00<?, ?it/s]
预训练:  58%|█████▊    | 7/12 [00:00<00:00, 67.72it/s]
预训练: 100%|██████████| 12/12 [00:00<00:00, 77.77it/s]
  [损失分解] Pred: 0.000935, Latent: 0.000282, Consistency: 0.000254
Epoch 55/500: Train Loss = 0.001470, Val Loss = 0.000901, LR = 1.00e-03

预训练:   0%|          | 0/12 [00:00<?, ?it/s]
预训练:  67%|██████▋   | 8/12 [00:00<00:00, 76.47it/s]
预训练: 100%|██████████| 12/12 [00:00<00:00, 82.36it/s]
  [损失分解] Pred: 0.000934, Latent: 0.000279, Consistency: 0.000252
Epoch 56/500: Train Loss = 0.001465, Val Loss = 0.000902, LR = 1.00e-03

预训练:   0%|          | 0/12 [00:00<?, ?it/s]
预训练:  17%|█▋        | 2/12 [00:00<00:00, 19.42it/s]
预训练: 100%|██████████| 12/12 [00:00<00:00, 60.49it/s]
  [损失分解] Pred: 0.000931, Latent: 0.000278, Consistency: 0.000251
Epoch 57/500: Train Loss = 0.001460, Val Loss = 0.000905, LR = 1.00e-03

预训练:   0%|          | 0/12 [00:00<?, ?it/s]
预训练:  50%|█████     | 6/12 [00:00<00:00, 49.68it/s]
预训练: 100%|██████████| 12/12 [00:00<00:00, 63.62it/s]
  [损失分解] Pred: 0.000922, Latent: 0.000274, Consistency: 0.000247
Epoch 58/500: Train Loss = 0.001444, Val Loss = 0.000902, LR = 1.00e-03

预训练:   0%|          | 0/12 [00:00<?, ?it/s]
预训练:  58%|█████▊    | 7/12 [00:00<00:00, 62.67it/s]
预训练: 100%|██████████| 12/12 [00:00<00:00, 66.57it/s]
  [损失分解] Pred: 0.000921, Latent: 0.000272, Consistency: 0.000246
Epoch 59/500: Train Loss = 0.001439, Val Loss = 0.000892, LR = 1.00e-03

预训练:   0%|          | 0/12 [00:00<?, ?it/s]
预训练:  58%|█████▊    | 7/12 [00:00<00:00, 65.17it/s]
预训练: 100%|██████████| 12/12 [00:00<00:00, 73.89it/s]
  [损失分解] Pred: 0.000919, Latent: 0.000270, Consistency: 0.000245
Epoch 60/500: Train Loss = 0.001434, Val Loss = 0.000885, LR = 1.00e-03

预训练:   0%|          | 0/12 [00:00<?, ?it/s]
预训练:  17%|█▋        | 2/12 [00:00<00:00, 19.86it/s]
预训练:  92%|█████████▏| 11/12 [00:00<00:00, 59.49it/s]
预训练: 100%|██████████| 12/12 [00:00<00:00, 56.26it/s]
  [损失分解] Pred: 0.000921, Latent: 0.000270, Consistency: 0.000244
Epoch 61/500: Train Loss = 0.001435, Val Loss = 0.000883, LR = 1.00e-03

预训练:   0%|          | 0/12 [00:00<?, ?it/s]
预训练:  42%|████▏     | 5/12 [00:00<00:00, 48.60it/s]
预训练: 100%|██████████| 12/12 [00:00<00:00, 63.40it/s]
  [损失分解] Pred: 0.000918, Latent: 0.000270, Consistency: 0.000243
Epoch 62/500: Train Loss = 0.001430, Val Loss = 0.000886, LR = 1.00e-03

预训练:   0%|          | 0/12 [00:00<?, ?it/s]
预训练:  58%|█████▊    | 7/12 [00:00<00:00, 62.99it/s]
预训练: 100%|██████████| 12/12 [00:00<00:00, 66.86it/s]
  [损失分解] Pred: 0.000918, Latent: 0.000268, Consistency: 0.000242
Epoch 63/500: Train Loss = 0.001428, Val Loss = 0.000880, LR = 1.00e-03

预训练:   0%|          | 0/12 [00:00<?, ?it/s]
预训练:  42%|████▏     | 5/12 [00:00<00:00, 46.88it/s]
预训练:  92%|█████████▏| 11/12 [00:00<00:00, 53.67it/s]
预训练: 100%|██████████| 12/12 [00:00<00:00, 52.85it/s]
  [损失分解] Pred: 0.000917, Latent: 0.000267, Consistency: 0.000241
Epoch 64/500: Train Loss = 0.001424, Val Loss = 0.000878, LR = 1.00e-03

预训练:   0%|          | 0/12 [00:00<?, ?it/s]
预训练:  50%|█████     | 6/12 [00:00<00:00, 55.37it/s]
预训练: 100%|██████████| 12/12 [00:00<00:00, 64.50it/s]
  [损失分解] Pred: 0.000912, Latent: 0.000265, Consistency: 0.000238
Epoch 65/500: Train Loss = 0.001415, Val Loss = 0.000890, LR = 1.00e-03

预训练:   0%|          | 0/12 [00:00<?, ?it/s]
预训练:  50%|█████     | 6/12 [00:00<00:00, 53.25it/s]
预训练: 100%|██████████| 12/12 [00:00<00:00, 66.21it/s]
  [损失分解] Pred: 0.000910, Latent: 0.000263, Consistency: 0.000237
Epoch 66/500: Train Loss = 0.001410, Val Loss = 0.000884, LR = 1.00e-03

预训练:   0%|          | 0/12 [00:00<?, ?it/s]
预训练:  50%|█████     | 6/12 [00:00<00:00, 59.03it/s]
预训练: 100%|██████████| 12/12 [00:00<00:00, 63.51it/s]
  [损失分解] Pred: 0.000909, Latent: 0.000262, Consistency: 0.000236
Epoch 67/500: Train Loss = 0.001408, Val Loss = 0.000868, LR = 1.00e-03

预训练:   0%|          | 0/12 [00:00<?, ?it/s]
预训练:  50%|█████     | 6/12 [00:00<00:00, 51.59it/s]
预训练: 100%|██████████| 12/12 [00:00<00:00, 60.22it/s]
  [损失分解] Pred: 0.000905, Latent: 0.000261, Consistency: 0.000234
Epoch 68/500: Train Loss = 0.001400, Val Loss = 0.000866, LR = 1.00e-03

预训练:   0%|          | 0/12 [00:00<?, ?it/s]
预训练:  33%|███▎      | 4/12 [00:00<00:00, 37.26it/s]
预训练: 100%|██████████| 12/12 [00:00<00:00, 59.70it/s]
预训练: 100%|██████████| 12/12 [00:00<00:00, 56.31it/s]
  [损失分解] Pred: 0.000898, Latent: 0.000258, Consistency: 0.000233
Epoch 69/500: Train Loss = 0.001389, Val Loss = 0.000857, LR = 1.00e-03

预训练:   0%|          | 0/12 [00:00<?, ?it/s]
预训练:  17%|█▋        | 2/12 [00:00<00:00, 19.73it/s]
预训练:  83%|████████▎ | 10/12 [00:00<00:00, 51.40it/s]
预训练: 100%|██████████| 12/12 [00:00<00:00, 48.09it/s]
  [损失分解] Pred: 0.000895, Latent: 0.000256, Consistency: 0.000231
Epoch 70/500: Train Loss = 0.001382, Val Loss = 0.000856, LR = 1.00e-03

预训练:   0%|          | 0/12 [00:00<?, ?it/s]
预训练:  42%|████▏     | 5/12 [00:00<00:00, 44.82it/s]
预训练: 100%|██████████| 12/12 [00:00<00:00, 57.90it/s]
预训练: 100%|██████████| 12/12 [00:00<00:00, 55.53it/s]
  [损失分解] Pred: 0.000896, Latent: 0.000255, Consistency: 0.000230
Epoch 71/500: Train Loss = 0.001381, Val Loss = 0.000863, LR = 1.00e-03

预训练:   0%|          | 0/12 [00:00<?, ?it/s]
预训练:  33%|███▎      | 4/12 [00:00<00:00, 39.39it/s]
预训练:  92%|█████████▏| 11/12 [00:00<00:00, 54.56it/s]
预训练: 100%|██████████| 12/12 [00:00<00:00, 54.07it/s]
  [损失分解] Pred: 0.000886, Latent: 0.000252, Consistency: 0.000227
Epoch 72/500: Train Loss = 0.001366, Val Loss = 0.000855, LR = 1.00e-03

预训练:   0%|          | 0/12 [00:00<?, ?it/s]
预训练:  25%|██▌       | 3/12 [00:00<00:00, 29.88it/s]
预训练: 100%|██████████| 12/12 [00:00<00:00, 64.71it/s]
预训练: 100%|██████████| 12/12 [00:00<00:00, 59.50it/s]
  [损失分解] Pred: 0.000884, Latent: 0.000251, Consistency: 0.000226
Epoch 73/500: Train Loss = 0.001361, Val Loss = 0.000859, LR = 1.00e-03

预训练:   0%|          | 0/12 [00:00<?, ?it/s]
预训练:  42%|████▏     | 5/12 [00:00<00:00, 48.11it/s]
预训练: 100%|██████████| 12/12 [00:00<00:00, 62.85it/s]
  [损失分解] Pred: 0.000884, Latent: 0.000250, Consistency: 0.000226
Epoch 74/500: Train Loss = 0.001360, Val Loss = 0.000847, LR = 1.00e-03

预训练:   0%|          | 0/12 [00:00<?, ?it/s]
预训练:  42%|████▏     | 5/12 [00:00<00:00, 46.19it/s]
预训练: 100%|██████████| 12/12 [00:00<00:00, 60.42it/s]
  [损失分解] Pred: 0.000880, Latent: 0.000249, Consistency: 0.000224
Epoch 75/500: Train Loss = 0.001353, Val Loss = 0.000845, LR = 1.00e-03

预训练:   0%|          | 0/12 [00:00<?, ?it/s]
预训练:  50%|█████     | 6/12 [00:00<00:00, 55.11it/s]
预训练: 100%|██████████| 12/12 [00:00<00:00, 70.02it/s]
  [损失分解] Pred: 0.000877, Latent: 0.000248, Consistency: 0.000223
Epoch 76/500: Train Loss = 0.001348, Val Loss = 0.000845, LR = 1.00e-03

预训练:   0%|          | 0/12 [00:00<?, ?it/s]
预训练:  58%|█████▊    | 7/12 [00:00<00:00, 64.61it/s]
预训练: 100%|██████████| 12/12 [00:00<00:00, 71.41it/s]
  [损失分解] Pred: 0.000882, Latent: 0.000248, Consistency: 0.000223
Epoch 77/500: Train Loss = 0.001353, Val Loss = 0.000842, LR = 1.00e-03

预训练:   0%|          | 0/12 [00:00<?, ?it/s]
预训练:  42%|████▏     | 5/12 [00:00<00:00, 44.79it/s]
预训练: 100%|██████████| 12/12 [00:00<00:00, 63.80it/s]
  [损失分解] Pred: 0.000874, Latent: 0.000245, Consistency: 0.000222
Epoch 78/500: Train Loss = 0.001341, Val Loss = 0.000843, LR = 1.00e-03

预训练:   0%|          | 0/12 [00:00<?, ?it/s]
预训练:  17%|█▋        | 2/12 [00:00<00:00, 17.40it/s]
预训练:  92%|█████████▏| 11/12 [00:00<00:00, 56.06it/s]
预训练: 100%|██████████| 12/12 [00:00<00:00, 52.10it/s]
  [损失分解] Pred: 0.000873, Latent: 0.000246, Consistency: 0.000221
Epoch 79/500: Train Loss = 0.001340, Val Loss = 0.000848, LR = 1.00e-03

预训练:   0%|          | 0/12 [00:00<?, ?it/s]
预训练:  50%|█████     | 6/12 [00:00<00:00, 54.33it/s]
预训练: 100%|██████████| 12/12 [00:00<00:00, 70.04it/s]
  [损失分解] Pred: 0.000871, Latent: 0.000244, Consistency: 0.000220
Epoch 80/500: Train Loss = 0.001335, Val Loss = 0.000829, LR = 1.00e-03

预训练:   0%|          | 0/12 [00:00<?, ?it/s]
预训练:  33%|███▎      | 4/12 [00:00<00:00, 35.77it/s]
预训练: 100%|██████████| 12/12 [00:00<00:00, 55.43it/s]
预训练: 100%|██████████| 12/12 [00:00<00:00, 52.54it/s]
  [损失分解] Pred: 0.000864, Latent: 0.000242, Consistency: 0.000218
Epoch 81/500: Train Loss = 0.001325, Val Loss = 0.000830, LR = 1.00e-03

预训练:   0%|          | 0/12 [00:00<?, ?it/s]
预训练:  42%|████▏     | 5/12 [00:00<00:00, 47.73it/s]
预训练: 100%|██████████| 12/12 [00:00<00:00, 59.47it/s]
预训练: 100%|██████████| 12/12 [00:00<00:00, 57.69it/s]
  [损失分解] Pred: 0.000857, Latent: 0.000240, Consistency: 0.000216
Epoch 82/500: Train Loss = 0.001312, Val Loss = 0.000826, LR = 1.00e-03

预训练:   0%|          | 0/12 [00:00<?, ?it/s]
预训练:  17%|█▋        | 2/12 [00:00<00:00, 19.52it/s]
预训练:  75%|███████▌  | 9/12 [00:00<00:00, 46.89it/s]
预训练: 100%|██████████| 12/12 [00:00<00:00, 49.07it/s]
  [损失分解] Pred: 0.000858, Latent: 0.000240, Consistency: 0.000216
Epoch 83/500: Train Loss = 0.001314, Val Loss = 0.000867, LR = 1.00e-03

预训练:   0%|          | 0/12 [00:00<?, ?it/s]
预训练:  42%|████▏     | 5/12 [00:00<00:00, 44.33it/s]
预训练: 100%|██████████| 12/12 [00:00<00:00, 63.61it/s]
  [损失分解] Pred: 0.000864, Latent: 0.000241, Consistency: 0.000217
Epoch 84/500: Train Loss = 0.001322, Val Loss = 0.000815, LR = 1.00e-03

预训练:   0%|          | 0/12 [00:00<?, ?it/s]
预训练:  42%|████▏     | 5/12 [00:00<00:00, 46.66it/s]
预训练: 100%|██████████| 12/12 [00:00<00:00, 57.15it/s]
预训练: 100%|██████████| 12/12 [00:00<00:00, 55.33it/s]
  [损失分解] Pred: 0.000862, Latent: 0.000240, Consistency: 0.000216
Epoch 85/500: Train Loss = 0.001318, Val Loss = 0.000821, LR = 1.00e-03

预训练:   0%|          | 0/12 [00:00<?, ?it/s]
预训练:  42%|████▏     | 5/12 [00:00<00:00, 44.89it/s]
预训练: 100%|██████████| 12/12 [00:00<00:00, 67.50it/s]
  [损失分解] Pred: 0.000849, Latent: 0.000237, Consistency: 0.000213
Epoch 86/500: Train Loss = 0.001298, Val Loss = 0.000814, LR = 1.00e-03

预训练:   0%|          | 0/12 [00:00<?, ?it/s]
预训练:  50%|█████     | 6/12 [00:00<00:00, 56.04it/s]
预训练: 100%|██████████| 12/12 [00:00<00:00, 63.22it/s]
  [损失分解] Pred: 0.000838, Latent: 0.000234, Consistency: 0.000210
Epoch 87/500: Train Loss = 0.001283, Val Loss = 0.000810, LR = 1.00e-03

预训练:   0%|          | 0/12 [00:00<?, ?it/s]
预训练:  50%|█████     | 6/12 [00:00<00:00, 55.44it/s]
预训练: 100%|██████████| 12/12 [00:00<00:00, 70.01it/s]
  [损失分解] Pred: 0.000841, Latent: 0.000235, Consistency: 0.000211
Epoch 88/500: Train Loss = 0.001286, Val Loss = 0.000800, LR = 1.00e-03

预训练:   0%|          | 0/12 [00:00<?, ?it/s]
预训练:  33%|███▎      | 4/12 [00:00<00:00, 38.52it/s]
预训练: 100%|██████████| 12/12 [00:00<00:00, 59.38it/s]
预训练: 100%|██████████| 12/12 [00:00<00:00, 56.33it/s]
  [损失分解] Pred: 0.000839, Latent: 0.000233, Consistency: 0.000210
Epoch 89/500: Train Loss = 0.001281, Val Loss = 0.000796, LR = 1.00e-03

预训练:   0%|          | 0/12 [00:00<?, ?it/s]
预训练:  33%|███▎      | 4/12 [00:00<00:00, 38.34it/s]
预训练: 100%|██████████| 12/12 [00:00<00:00, 61.45it/s]
  [损失分解] Pred: 0.000826, Latent: 0.000230, Consistency: 0.000207
Epoch 90/500: Train Loss = 0.001262, Val Loss = 0.000797, LR = 1.00e-03

预训练:   0%|          | 0/12 [00:00<?, ?it/s]
预训练:  50%|█████     | 6/12 [00:00<00:00, 55.92it/s]
预训练: 100%|██████████| 12/12 [00:00<00:00, 66.90it/s]
  [损失分解] Pred: 0.000826, Latent: 0.000229, Consistency: 0.000207
Epoch 91/500: Train Loss = 0.001262, Val Loss = 0.000786, LR = 1.00e-03

预训练:   0%|          | 0/12 [00:00<?, ?it/s]
预训练:   8%|▊         | 1/12 [00:00<00:01,  9.77it/s]
预训练:  75%|███████▌  | 9/12 [00:00<00:00, 49.78it/s]
预训练: 100%|██████████| 12/12 [00:00<00:00, 45.51it/s]
  [损失分解] Pred: 0.000829, Latent: 0.000230, Consistency: 0.000207
Epoch 92/500: Train Loss = 0.001266, Val Loss = 0.000797, LR = 1.00e-03

预训练:   0%|          | 0/12 [00:00<?, ?it/s]
预训练:  42%|████▏     | 5/12 [00:00<00:00, 43.27it/s]
预训练: 100%|██████████| 12/12 [00:00<00:00, 60.07it/s]
  [损失分解] Pred: 0.000823, Latent: 0.000230, Consistency: 0.000206
Epoch 93/500: Train Loss = 0.001259, Val Loss = 0.000776, LR = 1.00e-03

预训练:   0%|          | 0/12 [00:00<?, ?it/s]
预训练:  42%|████▏     | 5/12 [00:00<00:00, 49.50it/s]
预训练: 100%|██████████| 12/12 [00:00<00:00, 61.53it/s]
  [损失分解] Pred: 0.000813, Latent: 0.000227, Consistency: 0.000204
Epoch 94/500: Train Loss = 0.001243, Val Loss = 0.000787, LR = 1.00e-03

预训练:   0%|          | 0/12 [00:00<?, ?it/s]
预训练:  42%|████▏     | 5/12 [00:00<00:00, 47.11it/s]
预训练: 100%|██████████| 12/12 [00:00<00:00, 58.06it/s]
预训练: 100%|██████████| 12/12 [00:00<00:00, 56.42it/s]
  [损失分解] Pred: 0.000802, Latent: 0.000225, Consistency: 0.000201
Epoch 95/500: Train Loss = 0.001228, Val Loss = 0.000785, LR = 1.00e-03

预训练:   0%|          | 0/12 [00:00<?, ?it/s]
预训练:  42%|████▏     | 5/12 [00:00<00:00, 48.24it/s]
预训练: 100%|██████████| 12/12 [00:00<00:00, 62.04it/s]
  [损失分解] Pred: 0.000805, Latent: 0.000225, Consistency: 0.000202
Epoch 96/500: Train Loss = 0.001232, Val Loss = 0.000763, LR = 1.00e-03

预训练:   0%|          | 0/12 [00:00<?, ?it/s]
预训练:  42%|████▏     | 5/12 [00:00<00:00, 44.91it/s]
预训练: 100%|██████████| 12/12 [00:00<00:00, 58.24it/s]
预训练: 100%|██████████| 12/12 [00:00<00:00, 56.15it/s]
  [损失分解] Pred: 0.000800, Latent: 0.000224, Consistency: 0.000200
Epoch 97/500: Train Loss = 0.001225, Val Loss = 0.000766, LR = 1.00e-03

预训练:   0%|          | 0/12 [00:00<?, ?it/s]
预训练:  42%|████▏     | 5/12 [00:00<00:00, 49.98it/s]
预训练: 100%|██████████| 12/12 [00:00<00:00, 60.34it/s]
  [损失分解] Pred: 0.000799, Latent: 0.000225, Consistency: 0.000200
Epoch 98/500: Train Loss = 0.001224, Val Loss = 0.000750, LR = 1.00e-03

预训练:   0%|          | 0/12 [00:00<?, ?it/s]
预训练:  33%|███▎      | 4/12 [00:00<00:00, 36.37it/s]
预训练:  92%|█████████▏| 11/12 [00:00<00:00, 53.68it/s]
预训练: 100%|██████████| 12/12 [00:00<00:00, 51.42it/s]
  [损失分解] Pred: 0.000797, Latent: 0.000224, Consistency: 0.000199
Epoch 99/500: Train Loss = 0.001220, Val Loss = 0.000741, LR = 1.00e-03

预训练:   0%|          | 0/12 [00:00<?, ?it/s]
预训练:  42%|████▏     | 5/12 [00:00<00:00, 46.28it/s]
预训练: 100%|██████████| 12/12 [00:00<00:00, 65.55it/s]
  [损失分解] Pred: 0.000790, Latent: 0.000221, Consistency: 0.000198
Epoch 100/500: Train Loss = 0.001209, Val Loss = 0.000764, LR = 1.00e-03

预训练:   0%|          | 0/12 [00:00<?, ?it/s]
预训练:  42%|████▏     | 5/12 [00:00<00:00, 44.73it/s]
预训练: 100%|██████████| 12/12 [00:00<00:00, 60.02it/s]
  [损失分解] Pred: 0.000787, Latent: 0.000221, Consistency: 0.000197
Epoch 101/500: Train Loss = 0.001205, Val Loss = 0.000750, LR = 1.00e-03

预训练:   0%|          | 0/12 [00:00<?, ?it/s]
预训练:  67%|██████▋   | 8/12 [00:00<00:00, 72.84it/s]
预训练: 100%|██████████| 12/12 [00:00<00:00, 79.60it/s]
  [损失分解] Pred: 0.000776, Latent: 0.000218, Consistency: 0.000194
Epoch 102/500: Train Loss = 0.001188, Val Loss = 0.000729, LR = 1.00e-03

预训练:   0%|          | 0/12 [00:00<?, ?it/s]
预训练:  42%|████▏     | 5/12 [00:00<00:00, 46.41it/s]
预训练: 100%|██████████| 12/12 [00:00<00:00, 60.47it/s]
  [损失分解] Pred: 0.000764, Latent: 0.000215, Consistency: 0.000193
Epoch 103/500: Train Loss = 0.001172, Val Loss = 0.000731, LR = 1.00e-03

预训练:   0%|          | 0/12 [00:00<?, ?it/s]
预训练:  33%|███▎      | 4/12 [00:00<00:00, 37.22it/s]
预训练: 100%|██████████| 12/12 [00:00<00:00, 59.86it/s]
  [损失分解] Pred: 0.000763, Latent: 0.000215, Consistency: 0.000192
Epoch 104/500: Train Loss = 0.001171, Val Loss = 0.000731, LR = 1.00e-03

预训练:   0%|          | 0/12 [00:00<?, ?it/s]
预训练:  58%|█████▊    | 7/12 [00:00<00:00, 64.79it/s]
预训练: 100%|██████████| 12/12 [00:00<00:00, 77.84it/s]
  [损失分解] Pred: 0.000757, Latent: 0.000215, Consistency: 0.000191
Epoch 105/500: Train Loss = 0.001163, Val Loss = 0.000705, LR = 1.00e-03

预训练:   0%|          | 0/12 [00:00<?, ?it/s]
预训练:  25%|██▌       | 3/12 [00:00<00:00, 27.24it/s]
预训练:  92%|█████████▏| 11/12 [00:00<00:00, 53.44it/s]
预训练: 100%|██████████| 12/12 [00:00<00:00, 50.64it/s]
  [损失分解] Pred: 0.000759, Latent: 0.000215, Consistency: 0.000191
Epoch 106/500: Train Loss = 0.001166, Val Loss = 0.000724, LR = 1.00e-03

预训练:   0%|          | 0/12 [00:00<?, ?it/s]
预训练:  33%|███▎      | 4/12 [00:00<00:00, 39.73it/s]
预训练: 100%|██████████| 12/12 [00:00<00:00, 62.50it/s]
预训练: 100%|██████████| 12/12 [00:00<00:00, 59.11it/s]
  [损失分解] Pred: 0.000763, Latent: 0.000216, Consistency: 0.000192
Epoch 107/500: Train Loss = 0.001171, Val Loss = 0.000731, LR = 1.00e-03

预训练:   0%|          | 0/12 [00:00<?, ?it/s]
预训练:  42%|████▏     | 5/12 [00:00<00:00, 45.24it/s]
预训练: 100%|██████████| 12/12 [00:00<00:00, 65.91it/s]
  [损失分解] Pred: 0.000742, Latent: 0.000212, Consistency: 0.000188
Epoch 108/500: Train Loss = 0.001142, Val Loss = 0.000707, LR = 1.00e-03

预训练:   0%|          | 0/12 [00:00<?, ?it/s]
预训练:  50%|█████     | 6/12 [00:00<00:00, 54.95it/s]
预训练: 100%|██████████| 12/12 [00:00<00:00, 66.59it/s]
  [损失分解] Pred: 0.000731, Latent: 0.000210, Consistency: 0.000185
Epoch 109/500: Train Loss = 0.001126, Val Loss = 0.000678, LR = 1.00e-03

预训练:   0%|          | 0/12 [00:00<?, ?it/s]
预训练:  25%|██▌       | 3/12 [00:00<00:00, 29.12it/s]
预训练:  92%|█████████▏| 11/12 [00:00<00:00, 56.74it/s]
预训练: 100%|██████████| 12/12 [00:00<00:00, 52.51it/s]
  [损失分解] Pred: 0.000726, Latent: 0.000209, Consistency: 0.000185
Epoch 110/500: Train Loss = 0.001120, Val Loss = 0.000675, LR = 1.00e-03

预训练:   0%|          | 0/12 [00:00<?, ?it/s]
预训练:  50%|█████     | 6/12 [00:00<00:00, 55.02it/s]
预训练: 100%|██████████| 12/12 [00:00<00:00, 72.77it/s]
  [损失分解] Pred: 0.000722, Latent: 0.000208, Consistency: 0.000184
Epoch 111/500: Train Loss = 0.001114, Val Loss = 0.000675, LR = 1.00e-03

预训练:   0%|          | 0/12 [00:00<?, ?it/s]
预训练:  58%|█████▊    | 7/12 [00:00<00:00, 69.94it/s]
预训练: 100%|██████████| 12/12 [00:00<00:00, 78.03it/s]
  [损失分解] Pred: 0.000712, Latent: 0.000205, Consistency: 0.000181
Epoch 112/500: Train Loss = 0.001098, Val Loss = 0.000671, LR = 1.00e-03

预训练:   0%|          | 0/12 [00:00<?, ?it/s]
预训练:  58%|█████▊    | 7/12 [00:00<00:00, 67.35it/s]
预训练: 100%|██████████| 12/12 [00:00<00:00, 75.79it/s]
  [损失分解] Pred: 0.000714, Latent: 0.000206, Consistency: 0.000182
Epoch 113/500: Train Loss = 0.001101, Val Loss = 0.000673, LR = 1.00e-03

预训练:   0%|          | 0/12 [00:00<?, ?it/s]
预训练:  50%|█████     | 6/12 [00:00<00:00, 53.54it/s]
预训练: 100%|██████████| 12/12 [00:00<00:00, 66.95it/s]
  [损失分解] Pred: 0.000707, Latent: 0.000206, Consistency: 0.000180
Epoch 114/500: Train Loss = 0.001092, Val Loss = 0.000660, LR = 1.00e-03

预训练:   0%|          | 0/12 [00:00<?, ?it/s]
预训练:  42%|████▏     | 5/12 [00:00<00:00, 48.61it/s]
预训练: 100%|██████████| 12/12 [00:00<00:00, 61.85it/s]
  [损失分解] Pred: 0.000702, Latent: 0.000205, Consistency: 0.000179
Epoch 115/500: Train Loss = 0.001086, Val Loss = 0.000682, LR = 1.00e-03

预训练:   0%|          | 0/12 [00:00<?, ?it/s]
预训练:  42%|████▏     | 5/12 [00:00<00:00, 45.69it/s]
预训练: 100%|██████████| 12/12 [00:00<00:00, 64.21it/s]
  [损失分解] Pred: 0.000693, Latent: 0.000203, Consistency: 0.000177
Epoch 116/500: Train Loss = 0.001073, Val Loss = 0.000645, LR = 1.00e-03

预训练:   0%|          | 0/12 [00:00<?, ?it/s]
预训练:  58%|█████▊    | 7/12 [00:00<00:00, 68.99it/s]
预训练: 100%|██████████| 12/12 [00:00<00:00, 72.55it/s]
  [损失分解] Pred: 0.000696, Latent: 0.000206, Consistency: 0.000178
Epoch 117/500: Train Loss = 0.001079, Val Loss = 0.000644, LR = 1.00e-03

预训练:   0%|          | 0/12 [00:00<?, ?it/s]
预训练:  25%|██▌       | 3/12 [00:00<00:00, 25.93it/s]
预训练: 100%|██████████| 12/12 [00:00<00:00, 60.57it/s]
预训练: 100%|██████████| 12/12 [00:00<00:00, 55.06it/s]
  [损失分解] Pred: 0.000690, Latent: 0.000203, Consistency: 0.000176
Epoch 118/500: Train Loss = 0.001069, Val Loss = 0.000654, LR = 1.00e-03

预训练:   0%|          | 0/12 [00:00<?, ?it/s]
预训练:  33%|███▎      | 4/12 [00:00<00:00, 35.81it/s]
预训练: 100%|██████████| 12/12 [00:00<00:00, 61.69it/s]
  [损失分解] Pred: 0.000681, Latent: 0.000201, Consistency: 0.000174
Epoch 119/500: Train Loss = 0.001057, Val Loss = 0.000677, LR = 1.00e-03

预训练:   0%|          | 0/12 [00:00<?, ?it/s]
预训练:  50%|█████     | 6/12 [00:00<00:00, 55.56it/s]
预训练: 100%|██████████| 12/12 [00:00<00:00, 68.51it/s]
  [损失分解] Pred: 0.000683, Latent: 0.000203, Consistency: 0.000175
Epoch 120/500: Train Loss = 0.001061, Val Loss = 0.000676, LR = 1.00e-03

预训练:   0%|          | 0/12 [00:00<?, ?it/s]
预训练:  58%|█████▊    | 7/12 [00:00<00:00, 68.91it/s]
预训练: 100%|██████████| 12/12 [00:00<00:00, 70.54it/s]
  [损失分解] Pred: 0.000689, Latent: 0.000202, Consistency: 0.000176
Epoch 121/500: Train Loss = 0.001067, Val Loss = 0.000662, LR = 1.00e-03

预训练:   0%|          | 0/12 [00:00<?, ?it/s]
预训练:  50%|█████     | 6/12 [00:00<00:00, 53.40it/s]
预训练: 100%|██████████| 12/12 [00:00<00:00, 65.84it/s]
  [损失分解] Pred: 0.000663, Latent: 0.000196, Consistency: 0.000170
Epoch 122/500: Train Loss = 0.001030, Val Loss = 0.000635, LR = 1.00e-03

预训练:   0%|          | 0/12 [00:00<?, ?it/s]
预训练:  50%|█████     | 6/12 [00:00<00:00, 50.87it/s]
预训练: 100%|██████████| 12/12 [00:00<00:00, 63.98it/s]
  [损失分解] Pred: 0.000661, Latent: 0.000196, Consistency: 0.000170
Epoch 123/500: Train Loss = 0.001027, Val Loss = 0.000629, LR = 1.00e-03

预训练:   0%|          | 0/12 [00:00<?, ?it/s]
预训练:  50%|█████     | 6/12 [00:00<00:00, 55.07it/s]
预训练: 100%|██████████| 12/12 [00:00<00:00, 68.23it/s]
  [损失分解] Pred: 0.000663, Latent: 0.000198, Consistency: 0.000170
Epoch 124/500: Train Loss = 0.001031, Val Loss = 0.000634, LR = 1.00e-03

预训练:   0%|          | 0/12 [00:00<?, ?it/s]
预训练:  50%|█████     | 6/12 [00:00<00:00, 55.40it/s]
预训练: 100%|██████████| 12/12 [00:00<00:00, 68.13it/s]
  [损失分解] Pred: 0.000655, Latent: 0.000195, Consistency: 0.000168
Epoch 125/500: Train Loss = 0.001018, Val Loss = 0.000676, LR = 1.00e-03

预训练:   0%|          | 0/12 [00:00<?, ?it/s]
预训练:  42%|████▏     | 5/12 [00:00<00:00, 46.75it/s]
预训练: 100%|██████████| 12/12 [00:00<00:00, 67.02it/s]
  [损失分解] Pred: 0.000660, Latent: 0.000199, Consistency: 0.000169
Epoch 126/500: Train Loss = 0.001028, Val Loss = 0.000666, LR = 1.00e-03

预训练:   0%|          | 0/12 [00:00<?, ?it/s]
预训练:  42%|████▏     | 5/12 [00:00<00:00, 48.79it/s]
预训练: 100%|██████████| 12/12 [00:00<00:00, 72.75it/s]
  [损失分解] Pred: 0.000657, Latent: 0.000196, Consistency: 0.000168
Epoch 127/500: Train Loss = 0.001022, Val Loss = 0.000603, LR = 1.00e-03

预训练:   0%|          | 0/12 [00:00<?, ?it/s]
预训练:  25%|██▌       | 3/12 [00:00<00:00, 27.30it/s]
预训练: 100%|██████████| 12/12 [00:00<00:00, 59.94it/s]
  [损失分解] Pred: 0.000634, Latent: 0.000190, Consistency: 0.000163
Epoch 128/500: Train Loss = 0.000988, Val Loss = 0.000592, LR = 1.00e-03

预训练:   0%|          | 0/12 [00:00<?, ?it/s]
预训练:  25%|██▌       | 3/12 [00:00<00:00, 27.26it/s]
预训练:  92%|█████████▏| 11/12 [00:00<00:00, 53.25it/s]
预训练: 100%|██████████| 12/12 [00:00<00:00, 49.77it/s]
  [损失分解] Pred: 0.000626, Latent: 0.000189, Consistency: 0.000162
Epoch 129/500: Train Loss = 0.000977, Val Loss = 0.000579, LR = 1.00e-03

预训练:   0%|          | 0/12 [00:00<?, ?it/s]
预训练:  50%|█████     | 6/12 [00:00<00:00, 53.65it/s]
预训练: 100%|██████████| 12/12 [00:00<00:00, 64.78it/s]
  [损失分解] Pred: 0.000646, Latent: 0.000194, Consistency: 0.000166
Epoch 130/500: Train Loss = 0.001006, Val Loss = 0.000580, LR = 1.00e-03

预训练:   0%|          | 0/12 [00:00<?, ?it/s]
预训练:  25%|██▌       | 3/12 [00:00<00:00, 28.11it/s]
预训练:  92%|█████████▏| 11/12 [00:00<00:00, 54.63it/s]
预训练: 100%|██████████| 12/12 [00:00<00:00, 52.95it/s]
  [损失分解] Pred: 0.000636, Latent: 0.000192, Consistency: 0.000163
Epoch 131/500: Train Loss = 0.000991, Val Loss = 0.000570, LR = 1.00e-03

预训练:   0%|          | 0/12 [00:00<?, ?it/s]
预训练:   8%|▊         | 1/12 [00:00<00:01,  8.84it/s]
预训练:  75%|███████▌  | 9/12 [00:00<00:00, 46.83it/s]
预训练: 100%|██████████| 12/12 [00:00<00:00, 48.13it/s]
  [损失分解] Pred: 0.000611, Latent: 0.000185, Consistency: 0.000158
Epoch 132/500: Train Loss = 0.000954, Val Loss = 0.000568, LR = 1.00e-03

预训练:   0%|          | 0/12 [00:00<?, ?it/s]
预训练:  50%|█████     | 6/12 [00:00<00:00, 56.74it/s]
预训练: 100%|██████████| 12/12 [00:00<00:00, 69.61it/s]
  [损失分解] Pred: 0.000604, Latent: 0.000185, Consistency: 0.000157
Epoch 133/500: Train Loss = 0.000946, Val Loss = 0.000564, LR = 1.00e-03

预训练:   0%|          | 0/12 [00:00<?, ?it/s]
预训练:  17%|█▋        | 2/12 [00:00<00:00, 18.88it/s]
预训练:  75%|███████▌  | 9/12 [00:00<00:00, 46.96it/s]
预训练: 100%|██████████| 12/12 [00:00<00:00, 49.59it/s]
  [损失分解] Pred: 0.000604, Latent: 0.000185, Consistency: 0.000156
Epoch 134/500: Train Loss = 0.000945, Val Loss = 0.000588, LR = 1.00e-03

预训练:   0%|          | 0/12 [00:00<?, ?it/s]
预训练:  42%|████▏     | 5/12 [00:00<00:00, 49.23it/s]
预训练: 100%|██████████| 12/12 [00:00<00:00, 67.98it/s]
  [损失分解] Pred: 0.000625, Latent: 0.000190, Consistency: 0.000161
Epoch 135/500: Train Loss = 0.000976, Val Loss = 0.000596, LR = 1.00e-03

预训练:   0%|          | 0/12 [00:00<?, ?it/s]
预训练:  42%|████▏     | 5/12 [00:00<00:00, 38.58it/s]
预训练: 100%|██████████| 12/12 [00:00<00:00, 57.47it/s]
  [损失分解] Pred: 0.000606, Latent: 0.000186, Consistency: 0.000157
Epoch 136/500: Train Loss = 0.000949, Val Loss = 0.000614, LR = 1.00e-03

预训练:   0%|          | 0/12 [00:00<?, ?it/s]
预训练:  58%|█████▊    | 7/12 [00:00<00:00, 65.80it/s]
预训练: 100%|██████████| 12/12 [00:00<00:00, 71.88it/s]
  [损失分解] Pred: 0.000598, Latent: 0.000183, Consistency: 0.000155
Epoch 137/500: Train Loss = 0.000936, Val Loss = 0.000585, LR = 1.00e-03

预训练:   0%|          | 0/12 [00:00<?, ?it/s]
预训练:  50%|█████     | 6/12 [00:00<00:00, 57.36it/s]
预训练: 100%|██████████| 12/12 [00:00<00:00, 68.52it/s]
  [损失分解] Pred: 0.000585, Latent: 0.000181, Consistency: 0.000152
Epoch 138/500: Train Loss = 0.000919, Val Loss = 0.000535, LR = 1.00e-03

预训练:   0%|          | 0/12 [00:00<?, ?it/s]
预训练:  42%|████▏     | 5/12 [00:00<00:00, 49.09it/s]
预训练: 100%|██████████| 12/12 [00:00<00:00, 59.48it/s]
  [损失分解] Pred: 0.000575, Latent: 0.000178, Consistency: 0.000150
Epoch 139/500: Train Loss = 0.000902, Val Loss = 0.000572, LR = 1.00e-03

预训练:   0%|          | 0/12 [00:00<?, ?it/s]
预训练:  67%|██████▋   | 8/12 [00:00<00:00, 77.69it/s]
预训练: 100%|██████████| 12/12 [00:00<00:00, 81.97it/s]
  [损失分解] Pred: 0.000582, Latent: 0.000182, Consistency: 0.000151
Epoch 140/500: Train Loss = 0.000915, Val Loss = 0.000538, LR = 1.00e-03

预训练:   0%|          | 0/12 [00:00<?, ?it/s]
预训练:  25%|██▌       | 3/12 [00:00<00:00, 27.36it/s]
预训练:  92%|█████████▏| 11/12 [00:00<00:00, 57.13it/s]
预训练: 100%|██████████| 12/12 [00:00<00:00, 53.95it/s]
  [损失分解] Pred: 0.000587, Latent: 0.000184, Consistency: 0.000153
Epoch 141/500: Train Loss = 0.000924, Val Loss = 0.000524, LR = 1.00e-03

预训练:   0%|          | 0/12 [00:00<?, ?it/s]
预训练:  50%|█████     | 6/12 [00:00<00:00, 59.10it/s]
预训练: 100%|██████████| 12/12 [00:00<00:00, 69.85it/s]
  [损失分解] Pred: 0.000564, Latent: 0.000177, Consistency: 0.000147
Epoch 142/500: Train Loss = 0.000889, Val Loss = 0.000524, LR = 1.00e-03

预训练:   0%|          | 0/12 [00:00<?, ?it/s]
预训练:  50%|█████     | 6/12 [00:00<00:00, 52.41it/s]
预训练: 100%|██████████| 12/12 [00:00<00:00, 64.48it/s]
  [损失分解] Pred: 0.000558, Latent: 0.000177, Consistency: 0.000147
Epoch 143/500: Train Loss = 0.000882, Val Loss = 0.000534, LR = 1.00e-03

预训练:   0%|          | 0/12 [00:00<?, ?it/s]
预训练:  42%|████▏     | 5/12 [00:00<00:00, 49.80it/s]
预训练: 100%|██████████| 12/12 [00:00<00:00, 63.63it/s]
  [损失分解] Pred: 0.000552, Latent: 0.000175, Consistency: 0.000145
Epoch 144/500: Train Loss = 0.000872, Val Loss = 0.000508, LR = 1.00e-03

预训练:   0%|          | 0/12 [00:00<?, ?it/s]
预训练:  58%|█████▊    | 7/12 [00:00<00:00, 62.76it/s]
预训练: 100%|██████████| 12/12 [00:00<00:00, 68.58it/s]
  [损失分解] Pred: 0.000547, Latent: 0.000174, Consistency: 0.000144
Epoch 145/500: Train Loss = 0.000865, Val Loss = 0.000507, LR = 1.00e-03

预训练:   0%|          | 0/12 [00:00<?, ?it/s]
预训练:   8%|▊         | 1/12 [00:00<00:01,  8.52it/s]
预训练:  83%|████████▎ | 10/12 [00:00<00:00, 50.82it/s]
预训练: 100%|██████████| 12/12 [00:00<00:00, 48.20it/s]
  [损失分解] Pred: 0.000540, Latent: 0.000173, Consistency: 0.000142
Epoch 146/500: Train Loss = 0.000856, Val Loss = 0.000515, LR = 1.00e-03

预训练:   0%|          | 0/12 [00:00<?, ?it/s]
预训练:  50%|█████     | 6/12 [00:00<00:00, 53.44it/s]
预训练: 100%|██████████| 12/12 [00:00<00:00, 69.16it/s]
  [损失分解] Pred: 0.000537, Latent: 0.000172, Consistency: 0.000141
Epoch 147/500: Train Loss = 0.000850, Val Loss = 0.000491, LR = 1.00e-03

预训练:   0%|          | 0/12 [00:00<?, ?it/s]
预训练:  42%|████▏     | 5/12 [00:00<00:00, 46.71it/s]
预训练: 100%|██████████| 12/12 [00:00<00:00, 61.32it/s]
  [损失分解] Pred: 0.000533, Latent: 0.000170, Consistency: 0.000141
Epoch 148/500: Train Loss = 0.000844, Val Loss = 0.000492, LR = 1.00e-03

预训练:   0%|          | 0/12 [00:00<?, ?it/s]
预训练:  50%|█████     | 6/12 [00:00<00:00, 53.07it/s]
预训练: 100%|██████████| 12/12 [00:00<00:00, 64.84it/s]
  [损失分解] Pred: 0.000536, Latent: 0.000174, Consistency: 0.000142
Epoch 149/500: Train Loss = 0.000851, Val Loss = 0.000487, LR = 1.00e-03

预训练:   0%|          | 0/12 [00:00<?, ?it/s]
预训练:  33%|███▎      | 4/12 [00:00<00:00, 35.67it/s]
预训练: 100%|██████████| 12/12 [00:00<00:00, 57.48it/s]
预训练: 100%|██████████| 12/12 [00:00<00:00, 54.17it/s]
  [损失分解] Pred: 0.000537, Latent: 0.000173, Consistency: 0.000142
Epoch 150/500: Train Loss = 0.000852, Val Loss = 0.000491, LR = 1.00e-03

预训练:   0%|          | 0/12 [00:00<?, ?it/s]
预训练:  50%|█████     | 6/12 [00:00<00:00, 54.50it/s]
预训练: 100%|██████████| 12/12 [00:00<00:00, 65.92it/s]
  [损失分解] Pred: 0.000526, Latent: 0.000170, Consistency: 0.000139
Epoch 151/500: Train Loss = 0.000836, Val Loss = 0.000482, LR = 1.00e-03

预训练:   0%|          | 0/12 [00:00<?, ?it/s]
预训练:  42%|████▏     | 5/12 [00:00<00:00, 48.79it/s]
预训练: 100%|██████████| 12/12 [00:00<00:00, 66.64it/s]
  [损失分解] Pred: 0.000527, Latent: 0.000171, Consistency: 0.000139
Epoch 152/500: Train Loss = 0.000838, Val Loss = 0.000488, LR = 1.00e-03

预训练:   0%|          | 0/12 [00:00<?, ?it/s]
预训练:  58%|█████▊    | 7/12 [00:00<00:00, 63.90it/s]
预训练: 100%|██████████| 12/12 [00:00<00:00, 71.89it/s]
  [损失分解] Pred: 0.000523, Latent: 0.000170, Consistency: 0.000139
Epoch 153/500: Train Loss = 0.000832, Val Loss = 0.000471, LR = 1.00e-03

预训练:   0%|          | 0/12 [00:00<?, ?it/s]
预训练:  50%|█████     | 6/12 [00:00<00:00, 55.64it/s]
预训练: 100%|██████████| 12/12 [00:00<00:00, 66.62it/s]
  [损失分解] Pred: 0.000519, Latent: 0.000168, Consistency: 0.000137
Epoch 154/500: Train Loss = 0.000824, Val Loss = 0.000488, LR = 1.00e-03

预训练:   0%|          | 0/12 [00:00<?, ?it/s]
预训练:   8%|▊         | 1/12 [00:00<00:01,  9.68it/s]
预训练:  92%|█████████▏| 11/12 [00:00<00:00, 60.43it/s]
预训练: 100%|██████████| 12/12 [00:00<00:00, 55.38it/s]
  [损失分解] Pred: 0.000525, Latent: 0.000171, Consistency: 0.000139
Epoch 155/500: Train Loss = 0.000834, Val Loss = 0.000460, LR = 1.00e-03

预训练:   0%|          | 0/12 [00:00<?, ?it/s]
预训练:  33%|███▎      | 4/12 [00:00<00:00, 36.46it/s]
预训练: 100%|██████████| 12/12 [00:00<00:00, 58.15it/s]
  [损失分解] Pred: 0.000508, Latent: 0.000167, Consistency: 0.000135
Epoch 156/500: Train Loss = 0.000810, Val Loss = 0.000459, LR = 1.00e-03

预训练:   0%|          | 0/12 [00:00<?, ?it/s]
预训练:  50%|█████     | 6/12 [00:00<00:00, 57.22it/s]
预训练: 100%|██████████| 12/12 [00:00<00:00, 68.18it/s]
  [损失分解] Pred: 0.000500, Latent: 0.000165, Consistency: 0.000134
Epoch 157/500: Train Loss = 0.000799, Val Loss = 0.000467, LR = 1.00e-03

预训练:   0%|          | 0/12 [00:00<?, ?it/s]
预训练:  50%|█████     | 6/12 [00:00<00:00, 53.31it/s]
预训练: 100%|██████████| 12/12 [00:00<00:00, 68.24it/s]
  [损失分解] Pred: 0.000493, Latent: 0.000164, Consistency: 0.000132
Epoch 158/500: Train Loss = 0.000789, Val Loss = 0.000463, LR = 1.00e-03

预训练:   0%|          | 0/12 [00:00<?, ?it/s]
预训练:  33%|███▎      | 4/12 [00:00<00:00, 36.90it/s]
预训练: 100%|██████████| 12/12 [00:00<00:00, 62.59it/s]
  [损失分解] Pred: 0.000491, Latent: 0.000163, Consistency: 0.000132
Epoch 159/500: Train Loss = 0.000786, Val Loss = 0.000479, LR = 1.00e-03

预训练:   0%|          | 0/12 [00:00<?, ?it/s]
预训练:  58%|█████▊    | 7/12 [00:00<00:00, 64.23it/s]
预训练: 100%|██████████| 12/12 [00:00<00:00, 74.11it/s]
  [损失分解] Pred: 0.000488, Latent: 0.000162, Consistency: 0.000131
Epoch 160/500: Train Loss = 0.000782, Val Loss = 0.000437, LR = 1.00e-03

预训练:   0%|          | 0/12 [00:00<?, ?it/s]
预训练:  50%|█████     | 6/12 [00:00<00:00, 57.73it/s]
预训练: 100%|██████████| 12/12 [00:00<00:00, 68.49it/s]
  [损失分解] Pred: 0.000488, Latent: 0.000162, Consistency: 0.000131
Epoch 161/500: Train Loss = 0.000781, Val Loss = 0.000474, LR = 1.00e-03

预训练:   0%|          | 0/12 [00:00<?, ?it/s]
预训练:  42%|████▏     | 5/12 [00:00<00:00, 49.58it/s]
预训练: 100%|██████████| 12/12 [00:00<00:00, 62.00it/s]
  [损失分解] Pred: 0.000486, Latent: 0.000162, Consistency: 0.000131
Epoch 162/500: Train Loss = 0.000778, Val Loss = 0.000446, LR = 1.00e-03

预训练:   0%|          | 0/12 [00:00<?, ?it/s]
预训练:  42%|████▏     | 5/12 [00:00<00:00, 47.49it/s]
预训练: 100%|██████████| 12/12 [00:00<00:00, 63.13it/s]
  [损失分解] Pred: 0.000496, Latent: 0.000166, Consistency: 0.000133
Epoch 163/500: Train Loss = 0.000795, Val Loss = 0.000445, LR = 1.00e-03

预训练:   0%|          | 0/12 [00:00<?, ?it/s]
预训练:  25%|██▌       | 3/12 [00:00<00:00, 27.72it/s]
预训练: 100%|██████████| 12/12 [00:00<00:00, 58.70it/s]
  [损失分解] Pred: 0.000471, Latent: 0.000158, Consistency: 0.000128
Epoch 164/500: Train Loss = 0.000757, Val Loss = 0.000427, LR = 1.00e-03

预训练:   0%|          | 0/12 [00:00<?, ?it/s]
预训练:  42%|████▏     | 5/12 [00:00<00:00, 45.83it/s]
预训练: 100%|██████████| 12/12 [00:00<00:00, 61.53it/s]
  [损失分解] Pred: 0.000485, Latent: 0.000163, Consistency: 0.000131
Epoch 165/500: Train Loss = 0.000778, Val Loss = 0.000510, LR = 1.00e-03

预训练:   0%|          | 0/12 [00:00<?, ?it/s]
预训练:  58%|█████▊    | 7/12 [00:00<00:00, 61.56it/s]
预训练: 100%|██████████| 12/12 [00:00<00:00, 66.37it/s]
  [损失分解] Pred: 0.000479, Latent: 0.000161, Consistency: 0.000129
Epoch 166/500: Train Loss = 0.000769, Val Loss = 0.000421, LR = 1.00e-03

预训练:   0%|          | 0/12 [00:00<?, ?it/s]
预训练:  42%|████▏     | 5/12 [00:00<00:00, 43.23it/s]
预训练: 100%|██████████| 12/12 [00:00<00:00, 55.98it/s]
  [损失分解] Pred: 0.000470, Latent: 0.000159, Consistency: 0.000128
Epoch 167/500: Train Loss = 0.000757, Val Loss = 0.000418, LR = 1.00e-03

预训练:   0%|          | 0/12 [00:00<?, ?it/s]
预训练:  17%|█▋        | 2/12 [00:00<00:00, 17.70it/s]
预训练:  75%|███████▌  | 9/12 [00:00<00:00, 46.72it/s]
预训练: 100%|██████████| 12/12 [00:00<00:00, 48.15it/s]
  [损失分解] Pred: 0.000466, Latent: 0.000157, Consistency: 0.000126
Epoch 168/500: Train Loss = 0.000750, Val Loss = 0.000418, LR = 1.00e-03

预训练:   0%|          | 0/12 [00:00<?, ?it/s]
预训练:  42%|████▏     | 5/12 [00:00<00:00, 44.15it/s]
预训练: 100%|██████████| 12/12 [00:00<00:00, 59.73it/s]
  [损失分解] Pred: 0.000459, Latent: 0.000156, Consistency: 0.000125
Epoch 169/500: Train Loss = 0.000740, Val Loss = 0.000410, LR = 1.00e-03

预训练:   0%|          | 0/12 [00:00<?, ?it/s]
预训练:  42%|████▏     | 5/12 [00:00<00:00, 45.83it/s]
预训练: 100%|██████████| 12/12 [00:00<00:00, 57.25it/s]
预训练: 100%|██████████| 12/12 [00:00<00:00, 55.52it/s]
  [损失分解] Pred: 0.000446, Latent: 0.000152, Consistency: 0.000122
Epoch 170/500: Train Loss = 0.000720, Val Loss = 0.000401, LR = 1.00e-03

预训练:   0%|          | 0/12 [00:00<?, ?it/s]
预训练:  50%|█████     | 6/12 [00:00<00:00, 54.02it/s]
预训练: 100%|██████████| 12/12 [00:00<00:00, 68.27it/s]
  [损失分解] Pred: 0.000449, Latent: 0.000154, Consistency: 0.000123
Epoch 171/500: Train Loss = 0.000726, Val Loss = 0.000399, LR = 1.00e-03

预训练:   0%|          | 0/12 [00:00<?, ?it/s]
预训练:  42%|████▏     | 5/12 [00:00<00:00, 43.56it/s]
预训练: 100%|██████████| 12/12 [00:00<00:00, 58.09it/s]
  [损失分解] Pred: 0.000437, Latent: 0.000151, Consistency: 0.000121
Epoch 172/500: Train Loss = 0.000708, Val Loss = 0.000394, LR = 1.00e-03

预训练:   0%|          | 0/12 [00:00<?, ?it/s]
预训练:  42%|████▏     | 5/12 [00:00<00:00, 48.44it/s]
预训练: 100%|██████████| 12/12 [00:00<00:00, 59.20it/s]
预训练: 100%|██████████| 12/12 [00:00<00:00, 57.60it/s]
  [损失分解] Pred: 0.000438, Latent: 0.000150, Consistency: 0.000121
Epoch 173/500: Train Loss = 0.000708, Val Loss = 0.000409, LR = 1.00e-03

预训练:   0%|          | 0/12 [00:00<?, ?it/s]
预训练:  42%|████▏     | 5/12 [00:00<00:00, 46.35it/s]
预训练: 100%|██████████| 12/12 [00:00<00:00, 60.06it/s]
  [损失分解] Pred: 0.000435, Latent: 0.000149, Consistency: 0.000120
Epoch 174/500: Train Loss = 0.000705, Val Loss = 0.000386, LR = 1.00e-03

预训练:   0%|          | 0/12 [00:00<?, ?it/s]
预训练:  42%|████▏     | 5/12 [00:00<00:00, 44.61it/s]
预训练: 100%|██████████| 12/12 [00:00<00:00, 60.13it/s]
  [损失分解] Pred: 0.000437, Latent: 0.000150, Consistency: 0.000121
Epoch 175/500: Train Loss = 0.000707, Val Loss = 0.000399, LR = 1.00e-03

预训练:   0%|          | 0/12 [00:00<?, ?it/s]
预训练:  42%|████▏     | 5/12 [00:00<00:00, 48.70it/s]
预训练: 100%|██████████| 12/12 [00:00<00:00, 62.34it/s]
  [损失分解] Pred: 0.000431, Latent: 0.000148, Consistency: 0.000120
Epoch 176/500: Train Loss = 0.000700, Val Loss = 0.000401, LR = 1.00e-03

预训练:   0%|          | 0/12 [00:00<?, ?it/s]
预训练:  25%|██▌       | 3/12 [00:00<00:00, 29.71it/s]
预训练: 100%|██████████| 12/12 [00:00<00:00, 62.28it/s]
  [损失分解] Pred: 0.000438, Latent: 0.000150, Consistency: 0.000121
Epoch 177/500: Train Loss = 0.000708, Val Loss = 0.000392, LR = 1.00e-03

预训练:   0%|          | 0/12 [00:00<?, ?it/s]
预训练:  42%|████▏     | 5/12 [00:00<00:00, 45.72it/s]
预训练: 100%|██████████| 12/12 [00:00<00:00, 62.40it/s]
  [损失分解] Pred: 0.000421, Latent: 0.000146, Consistency: 0.000117
Epoch 178/500: Train Loss = 0.000685, Val Loss = 0.000394, LR = 1.00e-03

预训练:   0%|          | 0/12 [00:00<?, ?it/s]
预训练:  50%|█████     | 6/12 [00:00<00:00, 58.79it/s]
预训练: 100%|██████████| 12/12 [00:00<00:00, 67.16it/s]
  [损失分解] Pred: 0.000416, Latent: 0.000144, Consistency: 0.000116
Epoch 179/500: Train Loss = 0.000675, Val Loss = 0.000381, LR = 1.00e-03

预训练:   0%|          | 0/12 [00:00<?, ?it/s]
预训练:  58%|█████▊    | 7/12 [00:00<00:00, 65.57it/s]
预训练: 100%|██████████| 12/12 [00:00<00:00, 76.99it/s]
  [损失分解] Pred: 0.000416, Latent: 0.000145, Consistency: 0.000116
Epoch 180/500: Train Loss = 0.000677, Val Loss = 0.000376, LR = 1.00e-03

预训练:   0%|          | 0/12 [00:00<?, ?it/s]
预训练:  25%|██▌       | 3/12 [00:00<00:00, 25.72it/s]
预训练:  92%|█████████▏| 11/12 [00:00<00:00, 53.70it/s]
预训练: 100%|██████████| 12/12 [00:00<00:00, 51.33it/s]
  [损失分解] Pred: 0.000416, Latent: 0.000144, Consistency: 0.000116
Epoch 181/500: Train Loss = 0.000676, Val Loss = 0.000373, LR = 1.00e-03

预训练:   0%|          | 0/12 [00:00<?, ?it/s]
预训练:  58%|█████▊    | 7/12 [00:00<00:00, 67.28it/s]
预训练: 100%|██████████| 12/12 [00:00<00:00, 74.48it/s]
  [损失分解] Pred: 0.000424, Latent: 0.000146, Consistency: 0.000118
Epoch 182/500: Train Loss = 0.000689, Val Loss = 0.000374, LR = 1.00e-03

预训练:   0%|          | 0/12 [00:00<?, ?it/s]
预训练:  33%|███▎      | 4/12 [00:00<00:00, 37.02it/s]
预训练: 100%|██████████| 12/12 [00:00<00:00, 60.10it/s]
预训练: 100%|██████████| 12/12 [00:00<00:00, 56.28it/s]
  [损失分解] Pred: 0.000416, Latent: 0.000144, Consistency: 0.000116
Epoch 183/500: Train Loss = 0.000676, Val Loss = 0.000365, LR = 1.00e-03

预训练:   0%|          | 0/12 [00:00<?, ?it/s]
预训练:  50%|█████     | 6/12 [00:00<00:00, 55.08it/s]
预训练: 100%|██████████| 12/12 [00:00<00:00, 60.03it/s]
  [损失分解] Pred: 0.000437, Latent: 0.000150, Consistency: 0.000121
Epoch 184/500: Train Loss = 0.000708, Val Loss = 0.000377, LR = 1.00e-03

预训练:   0%|          | 0/12 [00:00<?, ?it/s]
预训练:  42%|████▏     | 5/12 [00:00<00:00, 36.65it/s]
预训练: 100%|██████████| 12/12 [00:00<00:00, 57.07it/s]
  [损失分解] Pred: 0.000411, Latent: 0.000142, Consistency: 0.000114
Epoch 185/500: Train Loss = 0.000667, Val Loss = 0.000377, LR = 1.00e-03

预训练:   0%|          | 0/12 [00:00<?, ?it/s]
预训练:  33%|███▎      | 4/12 [00:00<00:00, 38.32it/s]
预训练: 100%|██████████| 12/12 [00:00<00:00, 58.75it/s]
  [损失分解] Pred: 0.000401, Latent: 0.000139, Consistency: 0.000113
Epoch 186/500: Train Loss = 0.000654, Val Loss = 0.000361, LR = 1.00e-03

预训练:   0%|          | 0/12 [00:00<?, ?it/s]
预训练:  33%|███▎      | 4/12 [00:00<00:00, 35.99it/s]
预训练: 100%|██████████| 12/12 [00:00<00:00, 60.07it/s]
预训练: 100%|██████████| 12/12 [00:00<00:00, 56.31it/s]
  [损失分解] Pred: 0.000405, Latent: 0.000140, Consistency: 0.000114
Epoch 187/500: Train Loss = 0.000659, Val Loss = 0.000398, LR = 1.00e-03

预训练:   0%|          | 0/12 [00:00<?, ?it/s]
预训练:  33%|███▎      | 4/12 [00:00<00:00, 38.49it/s]
预训练: 100%|██████████| 12/12 [00:00<00:00, 61.27it/s]
  [损失分解] Pred: 0.000406, Latent: 0.000140, Consistency: 0.000114
Epoch 188/500: Train Loss = 0.000660, Val Loss = 0.000359, LR = 1.00e-03

预训练:   0%|          | 0/12 [00:00<?, ?it/s]
预训练:  42%|████▏     | 5/12 [00:00<00:00, 45.17it/s]
预训练: 100%|██████████| 12/12 [00:00<00:00, 59.09it/s]
  [损失分解] Pred: 0.000410, Latent: 0.000141, Consistency: 0.000115
Epoch 189/500: Train Loss = 0.000665, Val Loss = 0.000373, LR = 1.00e-03

预训练:   0%|          | 0/12 [00:00<?, ?it/s]
预训练:  58%|█████▊    | 7/12 [00:00<00:00, 62.11it/s]
预训练: 100%|██████████| 12/12 [00:00<00:00, 72.75it/s]
  [损失分解] Pred: 0.000399, Latent: 0.000138, Consistency: 0.000112
Epoch 190/500: Train Loss = 0.000649, Val Loss = 0.000354, LR = 1.00e-03

预训练:   0%|          | 0/12 [00:00<?, ?it/s]
预训练:  25%|██▌       | 3/12 [00:00<00:00, 29.73it/s]
预训练: 100%|██████████| 12/12 [00:00<00:00, 60.90it/s]
  [损失分解] Pred: 0.000399, Latent: 0.000138, Consistency: 0.000113
Epoch 191/500: Train Loss = 0.000649, Val Loss = 0.000418, LR = 1.00e-03

预训练:   0%|          | 0/12 [00:00<?, ?it/s]
预训练:  33%|███▎      | 4/12 [00:00<00:00, 35.05it/s]
预训练: 100%|██████████| 12/12 [00:00<00:00, 56.22it/s]
预训练: 100%|██████████| 12/12 [00:00<00:00, 53.02it/s]
  [损失分解] Pred: 0.000403, Latent: 0.000139, Consistency: 0.000113
Epoch 192/500: Train Loss = 0.000655, Val Loss = 0.000390, LR = 1.00e-03

预训练:   0%|          | 0/12 [00:00<?, ?it/s]
预训练:  42%|████▏     | 5/12 [00:00<00:00, 46.34it/s]
预训练: 100%|██████████| 12/12 [00:00<00:00, 63.21it/s]
  [损失分解] Pred: 0.000402, Latent: 0.000139, Consistency: 0.000113
Epoch 193/500: Train Loss = 0.000654, Val Loss = 0.000357, LR = 1.00e-03

预训练:   0%|          | 0/12 [00:00<?, ?it/s]
预训练:  50%|█████     | 6/12 [00:00<00:00, 59.47it/s]
预训练: 100%|██████████| 12/12 [00:00<00:00, 71.46it/s]
  [损失分解] Pred: 0.000384, Latent: 0.000133, Consistency: 0.000108
Epoch 194/500: Train Loss = 0.000626, Val Loss = 0.000348, LR = 1.00e-03

预训练:   0%|          | 0/12 [00:00<?, ?it/s]
预训练:  25%|██▌       | 3/12 [00:00<00:00, 28.29it/s]
预训练:  83%|████████▎ | 10/12 [00:00<00:00, 51.63it/s]
预训练: 100%|██████████| 12/12 [00:00<00:00, 49.41it/s]
  [损失分解] Pred: 0.000395, Latent: 0.000136, Consistency: 0.000111
Epoch 195/500: Train Loss = 0.000642, Val Loss = 0.000367, LR = 1.00e-03

预训练:   0%|          | 0/12 [00:00<?, ?it/s]
预训练:  50%|█████     | 6/12 [00:00<00:00, 52.06it/s]
预训练: 100%|██████████| 12/12 [00:00<00:00, 66.43it/s]
  [损失分解] Pred: 0.000398, Latent: 0.000137, Consistency: 0.000112
Epoch 196/500: Train Loss = 0.000647, Val Loss = 0.000386, LR = 1.00e-03

预训练:   0%|          | 0/12 [00:00<?, ?it/s]
预训练:  67%|██████▋   | 8/12 [00:00<00:00, 71.86it/s]
预训练: 100%|██████████| 12/12 [00:00<00:00, 78.47it/s]
  [损失分解] Pred: 0.000392, Latent: 0.000135, Consistency: 0.000110
Epoch 197/500: Train Loss = 0.000637, Val Loss = 0.000351, LR = 1.00e-03

预训练:   0%|          | 0/12 [00:00<?, ?it/s]
预训练:  50%|█████     | 6/12 [00:00<00:00, 56.04it/s]
预训练: 100%|██████████| 12/12 [00:00<00:00, 63.52it/s]
  [损失分解] Pred: 0.000386, Latent: 0.000133, Consistency: 0.000109
Epoch 198/500: Train Loss = 0.000629, Val Loss = 0.000340, LR = 1.00e-03

预训练:   0%|          | 0/12 [00:00<?, ?it/s]
预训练:  42%|████▏     | 5/12 [00:00<00:00, 47.78it/s]
预训练: 100%|██████████| 12/12 [00:00<00:00, 62.61it/s]
  [损失分解] Pred: 0.000387, Latent: 0.000133, Consistency: 0.000109
Epoch 199/500: Train Loss = 0.000629, Val Loss = 0.000352, LR = 1.00e-03

预训练:   0%|          | 0/12 [00:00<?, ?it/s]
预训练:  58%|█████▊    | 7/12 [00:00<00:00, 67.36it/s]
预训练: 100%|██████████| 12/12 [00:00<00:00, 75.58it/s]
  [损失分解] Pred: 0.000397, Latent: 0.000135, Consistency: 0.000112
Epoch 200/500: Train Loss = 0.000644, Val Loss = 0.000350, LR = 1.00e-03

预训练:   0%|          | 0/12 [00:00<?, ?it/s]
预训练:  50%|█████     | 6/12 [00:00<00:00, 52.57it/s]
预训练: 100%|██████████| 12/12 [00:00<00:00, 62.79it/s]
  [损失分解] Pred: 0.000382, Latent: 0.000131, Consistency: 0.000108
Epoch 201/500: Train Loss = 0.000621, Val Loss = 0.000336, LR = 1.00e-03

预训练:   0%|          | 0/12 [00:00<?, ?it/s]
预训练:  50%|█████     | 6/12 [00:00<00:00, 57.43it/s]
预训练: 100%|██████████| 12/12 [00:00<00:00, 66.71it/s]
  [损失分解] Pred: 0.000390, Latent: 0.000133, Consistency: 0.000110
Epoch 202/500: Train Loss = 0.000633, Val Loss = 0.000353, LR = 1.00e-03

预训练:   0%|          | 0/12 [00:00<?, ?it/s]
预训练:  25%|██▌       | 3/12 [00:00<00:00, 29.46it/s]
预训练:  83%|████████▎ | 10/12 [00:00<00:00, 51.39it/s]
预训练: 100%|██████████| 12/12 [00:00<00:00, 49.61it/s]
  [损失分解] Pred: 0.000397, Latent: 0.000135, Consistency: 0.000111
Epoch 203/500: Train Loss = 0.000643, Val Loss = 0.000360, LR = 1.00e-03

预训练:   0%|          | 0/12 [00:00<?, ?it/s]
预训练:   8%|▊         | 1/12 [00:00<00:01,  8.25it/s]
预训练:  58%|█████▊    | 7/12 [00:00<00:00, 33.15it/s]
预训练: 100%|██████████| 12/12 [00:00<00:00, 36.68it/s]
  [损失分解] Pred: 0.000379, Latent: 0.000130, Consistency: 0.000108
Epoch 204/500: Train Loss = 0.000618, Val Loss = 0.000335, LR = 1.00e-03

预训练:   0%|          | 0/12 [00:00<?, ?it/s]
预训练:  25%|██▌       | 3/12 [00:00<00:00, 25.92it/s]
预训练:  75%|███████▌  | 9/12 [00:00<00:00, 43.93it/s]
预训练: 100%|██████████| 12/12 [00:00<00:00, 44.14it/s]
  [损失分解] Pred: 0.000374, Latent: 0.000128, Consistency: 0.000106
Epoch 205/500: Train Loss = 0.000608, Val Loss = 0.000338, LR = 1.00e-03

预训练:   0%|          | 0/12 [00:00<?, ?it/s]
预训练:  25%|██▌       | 3/12 [00:00<00:00, 27.40it/s]
预训练:  75%|███████▌  | 9/12 [00:00<00:00, 45.04it/s]
预训练: 100%|██████████| 12/12 [00:00<00:00, 44.91it/s]
  [损失分解] Pred: 0.000376, Latent: 0.000129, Consistency: 0.000107
Epoch 206/500: Train Loss = 0.000612, Val Loss = 0.000359, LR = 1.00e-03

预训练:   0%|          | 0/12 [00:00<?, ?it/s]
预训练:  25%|██▌       | 3/12 [00:00<00:00, 26.60it/s]
预训练:  83%|████████▎ | 10/12 [00:00<00:00, 47.04it/s]
预训练: 100%|██████████| 12/12 [00:00<00:00, 47.22it/s]
  [损失分解] Pred: 0.000382, Latent: 0.000130, Consistency: 0.000108
Epoch 207/500: Train Loss = 0.000620, Val Loss = 0.000331, LR = 1.00e-03

预训练:   0%|          | 0/12 [00:00<?, ?it/s]
预训练:  25%|██▌       | 3/12 [00:00<00:00, 29.75it/s]
预训练:  83%|████████▎ | 10/12 [00:00<00:00, 50.86it/s]
预训练: 100%|██████████| 12/12 [00:00<00:00, 51.79it/s]
  [损失分解] Pred: 0.000381, Latent: 0.000130, Consistency: 0.000107
Epoch 208/500: Train Loss = 0.000618, Val Loss = 0.000388, LR = 1.00e-03

预训练:   0%|          | 0/12 [00:00<?, ?it/s]
预训练:  50%|█████     | 6/12 [00:00<00:00, 55.42it/s]
预训练: 100%|██████████| 12/12 [00:00<00:00, 66.42it/s]
  [损失分解] Pred: 0.000397, Latent: 0.000133, Consistency: 0.000111
Epoch 209/500: Train Loss = 0.000641, Val Loss = 0.000399, LR = 1.00e-03

预训练:   0%|          | 0/12 [00:00<?, ?it/s]
预训练:  58%|█████▊    | 7/12 [00:00<00:00, 63.71it/s]
预训练: 100%|██████████| 12/12 [00:00<00:00, 71.92it/s]
  [损失分解] Pred: 0.000391, Latent: 0.000131, Consistency: 0.000110
Epoch 210/500: Train Loss = 0.000631, Val Loss = 0.000343, LR = 1.00e-03

预训练:   0%|          | 0/12 [00:00<?, ?it/s]
预训练:  42%|████▏     | 5/12 [00:00<00:00, 45.56it/s]
预训练: 100%|██████████| 12/12 [00:00<00:00, 55.96it/s]
预训练: 100%|██████████| 12/12 [00:00<00:00, 54.41it/s]
  [损失分解] Pred: 0.000376, Latent: 0.000128, Consistency: 0.000106
Epoch 211/500: Train Loss = 0.000610, Val Loss = 0.000341, LR = 1.00e-03

预训练:   0%|          | 0/12 [00:00<?, ?it/s]
预训练:  42%|████▏     | 5/12 [00:00<00:00, 45.27it/s]
预训练: 100%|██████████| 12/12 [00:00<00:00, 57.65it/s]
预训练: 100%|██████████| 12/12 [00:00<00:00, 55.75it/s]
  [损失分解] Pred: 0.000377, Latent: 0.000128, Consistency: 0.000106
Epoch 212/500: Train Loss = 0.000611, Val Loss = 0.000338, LR = 1.00e-03

预训练:   0%|          | 0/12 [00:00<?, ?it/s]
预训练:   8%|▊         | 1/12 [00:00<00:01,  9.76it/s]
预训练:  83%|████████▎ | 10/12 [00:00<00:00, 56.06it/s]
预训练: 100%|██████████| 12/12 [00:00<00:00, 54.39it/s]
  [损失分解] Pred: 0.000377, Latent: 0.000128, Consistency: 0.000107
Epoch 213/500: Train Loss = 0.000612, Val Loss = 0.000334, LR = 1.00e-03

预训练:   0%|          | 0/12 [00:00<?, ?it/s]
预训练:  42%|████▏     | 5/12 [00:00<00:00, 46.62it/s]
预训练: 100%|██████████| 12/12 [00:00<00:00, 62.08it/s]
  [损失分解] Pred: 0.000365, Latent: 0.000124, Consistency: 0.000104
Epoch 214/500: Train Loss = 0.000593, Val Loss = 0.000328, LR = 1.00e-03

预训练:   0%|          | 0/12 [00:00<?, ?it/s]
预训练:  50%|█████     | 6/12 [00:00<00:00, 56.69it/s]
预训练: 100%|██████████| 12/12 [00:00<00:00, 72.26it/s]
  [损失分解] Pred: 0.000366, Latent: 0.000124, Consistency: 0.000104
Epoch 215/500: Train Loss = 0.000593, Val Loss = 0.000325, LR = 1.00e-03

预训练:   0%|          | 0/12 [00:00<?, ?it/s]
预训练:  75%|███████▌  | 9/12 [00:00<00:00, 83.54it/s]
预训练: 100%|██████████| 12/12 [00:00<00:00, 87.19it/s]
  [损失分解] Pred: 0.000369, Latent: 0.000125, Consistency: 0.000104
Epoch 216/500: Train Loss = 0.000599, Val Loss = 0.000316, LR = 1.00e-03

预训练:   0%|          | 0/12 [00:00<?, ?it/s]
预训练:   8%|▊         | 1/12 [00:00<00:01,  9.90it/s]
预训练:  58%|█████▊    | 7/12 [00:00<00:00, 38.05it/s]
预训练: 100%|██████████| 12/12 [00:00<00:00, 45.28it/s]
  [损失分解] Pred: 0.000363, Latent: 0.000123, Consistency: 0.000103
Epoch 217/500: Train Loss = 0.000590, Val Loss = 0.000327, LR = 1.00e-03

预训练:   0%|          | 0/12 [00:00<?, ?it/s]
预训练:  58%|█████▊    | 7/12 [00:00<00:00, 61.05it/s]
预训练: 100%|██████████| 12/12 [00:00<00:00, 70.75it/s]
  [损失分解] Pred: 0.000366, Latent: 0.000123, Consistency: 0.000103
Epoch 218/500: Train Loss = 0.000593, Val Loss = 0.000343, LR = 1.00e-03

预训练:   0%|          | 0/12 [00:00<?, ?it/s]
预训练:  67%|██████▋   | 8/12 [00:00<00:00, 75.07it/s]
预训练: 100%|██████████| 12/12 [00:00<00:00, 78.86it/s]
  [损失分解] Pred: 0.000364, Latent: 0.000122, Consistency: 0.000103
Epoch 219/500: Train Loss = 0.000590, Val Loss = 0.000328, LR = 1.00e-03

预训练:   0%|          | 0/12 [00:00<?, ?it/s]
预训练:  50%|█████     | 6/12 [00:00<00:00, 53.08it/s]
预训练: 100%|██████████| 12/12 [00:00<00:00, 65.76it/s]
  [损失分解] Pred: 0.000364, Latent: 0.000123, Consistency: 0.000103
Epoch 220/500: Train Loss = 0.000591, Val Loss = 0.000323, LR = 1.00e-03

预训练:   0%|          | 0/12 [00:00<?, ?it/s]
预训练:  42%|████▏     | 5/12 [00:00<00:00, 45.03it/s]
预训练: 100%|██████████| 12/12 [00:00<00:00, 59.93it/s]
  [损失分解] Pred: 0.000357, Latent: 0.000121, Consistency: 0.000101
Epoch 221/500: Train Loss = 0.000579, Val Loss = 0.000325, LR = 1.00e-03

预训练:   0%|          | 0/12 [00:00<?, ?it/s]
预训练:  33%|███▎      | 4/12 [00:00<00:00, 38.67it/s]
预训练:  92%|█████████▏| 11/12 [00:00<00:00, 56.25it/s]
预训练: 100%|██████████| 12/12 [00:00<00:00, 54.97it/s]
  [损失分解] Pred: 0.000365, Latent: 0.000123, Consistency: 0.000103
Epoch 222/500: Train Loss = 0.000590, Val Loss = 0.000362, LR = 1.00e-03

预训练:   0%|          | 0/12 [00:00<?, ?it/s]
预训练:  33%|███▎      | 4/12 [00:00<00:00, 37.07it/s]
预训练: 100%|██████████| 12/12 [00:00<00:00, 58.20it/s]
  [损失分解] Pred: 0.000373, Latent: 0.000125, Consistency: 0.000104
Epoch 223/500: Train Loss = 0.000602, Val Loss = 0.000327, LR = 1.00e-03

预训练:   0%|          | 0/12 [00:00<?, ?it/s]
预训练:  50%|█████     | 6/12 [00:00<00:00, 57.94it/s]
预训练: 100%|██████████| 12/12 [00:00<00:00, 73.82it/s]
  [损失分解] Pred: 0.000361, Latent: 0.000121, Consistency: 0.000102
Epoch 224/500: Train Loss = 0.000584, Val Loss = 0.000317, LR = 1.00e-03

预训练:   0%|          | 0/12 [00:00<?, ?it/s]
预训练:  42%|████▏     | 5/12 [00:00<00:00, 48.08it/s]
预训练: 100%|██████████| 12/12 [00:00<00:00, 61.08it/s]
  [损失分解] Pred: 0.000358, Latent: 0.000120, Consistency: 0.000101
Epoch 225/500: Train Loss = 0.000580, Val Loss = 0.000313, LR = 1.00e-03

预训练:   0%|          | 0/12 [00:00<?, ?it/s]
预训练:  17%|█▋        | 2/12 [00:00<00:00, 19.34it/s]
预训练:  83%|████████▎ | 10/12 [00:00<00:00, 53.42it/s]
预训练: 100%|██████████| 12/12 [00:00<00:00, 50.00it/s]
  [损失分解] Pred: 0.000349, Latent: 0.000118, Consistency: 0.000099
Epoch 226/500: Train Loss = 0.000567, Val Loss = 0.000322, LR = 1.00e-03

预训练:   0%|          | 0/12 [00:00<?, ?it/s]
预训练:  50%|█████     | 6/12 [00:00<00:00, 54.79it/s]
预训练: 100%|██████████| 12/12 [00:00<00:00, 71.65it/s]
  [损失分解] Pred: 0.000354, Latent: 0.000119, Consistency: 0.000100
Epoch 227/500: Train Loss = 0.000573, Val Loss = 0.000316, LR = 1.00e-03

预训练:   0%|          | 0/12 [00:00<?, ?it/s]
预训练:  42%|████▏     | 5/12 [00:00<00:00, 48.43it/s]
预训练: 100%|██████████| 12/12 [00:00<00:00, 66.27it/s]
  [损失分解] Pred: 0.000360, Latent: 0.000121, Consistency: 0.000102
Epoch 228/500: Train Loss = 0.000583, Val Loss = 0.000327, LR = 1.00e-03

预训练:   0%|          | 0/12 [00:00<?, ?it/s]
预训练:  42%|████▏     | 5/12 [00:00<00:00, 45.11it/s]
预训练: 100%|██████████| 12/12 [00:00<00:00, 65.60it/s]
  [损失分解] Pred: 0.000357, Latent: 0.000119, Consistency: 0.000101
Epoch 229/500: Train Loss = 0.000576, Val Loss = 0.000321, LR = 1.00e-03

预训练:   0%|          | 0/12 [00:00<?, ?it/s]
预训练:  17%|█▋        | 2/12 [00:00<00:00, 18.76it/s]
预训练: 100%|██████████| 12/12 [00:00<00:00, 65.02it/s]
预训练: 100%|██████████| 12/12 [00:00<00:00, 57.88it/s]
  [损失分解] Pred: 0.000351, Latent: 0.000118, Consistency: 0.000099
Epoch 230/500: Train Loss = 0.000568, Val Loss = 0.000326, LR = 1.00e-03

预训练:   0%|          | 0/12 [00:00<?, ?it/s]
预训练:  42%|████▏     | 5/12 [00:00<00:00, 45.04it/s]
预训练: 100%|██████████| 12/12 [00:00<00:00, 58.51it/s]
  [损失分解] Pred: 0.000354, Latent: 0.000118, Consistency: 0.000100
Epoch 231/500: Train Loss = 0.000572, Val Loss = 0.000324, LR = 1.00e-03

预训练:   0%|          | 0/12 [00:00<?, ?it/s]
预训练:  42%|████▏     | 5/12 [00:00<00:00, 44.05it/s]
预训练: 100%|██████████| 12/12 [00:00<00:00, 55.59it/s]
预训练: 100%|██████████| 12/12 [00:00<00:00, 53.58it/s]
  [损失分解] Pred: 0.000355, Latent: 0.000118, Consistency: 0.000100
Epoch 232/500: Train Loss = 0.000574, Val Loss = 0.000310, LR = 1.00e-03

预训练:   0%|          | 0/12 [00:00<?, ?it/s]
预训练:  25%|██▌       | 3/12 [00:00<00:00, 28.87it/s]
预训练:  92%|█████████▏| 11/12 [00:00<00:00, 58.13it/s]
预训练: 100%|██████████| 12/12 [00:00<00:00, 55.52it/s]
  [损失分解] Pred: 0.000349, Latent: 0.000117, Consistency: 0.000099
Epoch 233/500: Train Loss = 0.000564, Val Loss = 0.000316, LR = 1.00e-03

预训练:   0%|          | 0/12 [00:00<?, ?it/s]
预训练:  33%|███▎      | 4/12 [00:00<00:00, 37.80it/s]
预训练: 100%|██████████| 12/12 [00:00<00:00, 60.91it/s]
预训练: 100%|██████████| 12/12 [00:00<00:00, 57.40it/s]
  [损失分解] Pred: 0.000350, Latent: 0.000117, Consistency: 0.000099
Epoch 234/500: Train Loss = 0.000566, Val Loss = 0.000313, LR = 1.00e-03

预训练:   0%|          | 0/12 [00:00<?, ?it/s]
预训练:  42%|████▏     | 5/12 [00:00<00:00, 42.58it/s]
预训练: 100%|██████████| 12/12 [00:00<00:00, 58.03it/s]
  [损失分解] Pred: 0.000355, Latent: 0.000118, Consistency: 0.000100
Epoch 235/500: Train Loss = 0.000573, Val Loss = 0.000319, LR = 1.00e-03

预训练:   0%|          | 0/12 [00:00<?, ?it/s]
预训练:  42%|████▏     | 5/12 [00:00<00:00, 45.59it/s]
预训练: 100%|██████████| 12/12 [00:00<00:00, 63.41it/s]
  [损失分解] Pred: 0.000353, Latent: 0.000118, Consistency: 0.000099
Epoch 236/500: Train Loss = 0.000570, Val Loss = 0.000314, LR = 1.00e-03

预训练:   0%|          | 0/12 [00:00<?, ?it/s]
预训练:  42%|████▏     | 5/12 [00:00<00:00, 46.89it/s]
预训练: 100%|██████████| 12/12 [00:00<00:00, 58.74it/s]
  [损失分解] Pred: 0.000354, Latent: 0.000117, Consistency: 0.000099
Epoch 237/500: Train Loss = 0.000570, Val Loss = 0.000325, LR = 1.00e-03

预训练:   0%|          | 0/12 [00:00<?, ?it/s]
预训练:  33%|███▎      | 4/12 [00:00<00:00, 39.27it/s]
预训练: 100%|██████████| 12/12 [00:00<00:00, 60.96it/s]
  [损失分解] Pred: 0.000349, Latent: 0.000116, Consistency: 0.000098
Epoch 238/500: Train Loss = 0.000564, Val Loss = 0.000315, LR = 1.00e-03

预训练:   0%|          | 0/12 [00:00<?, ?it/s]
预训练:  58%|█████▊    | 7/12 [00:00<00:00, 60.23it/s]
预训练: 100%|██████████| 12/12 [00:00<00:00, 65.69it/s]
  [损失分解] Pred: 0.000348, Latent: 0.000116, Consistency: 0.000099
Epoch 239/500: Train Loss = 0.000563, Val Loss = 0.000320, LR = 1.00e-03

预训练:   0%|          | 0/12 [00:00<?, ?it/s]
预训练:  17%|█▋        | 2/12 [00:00<00:00, 17.63it/s]
预训练:  67%|██████▋   | 8/12 [00:00<00:00, 39.22it/s]
预训练: 100%|██████████| 12/12 [00:00<00:00, 44.35it/s]
  [损失分解] Pred: 0.000351, Latent: 0.000117, Consistency: 0.000099
Epoch 240/500: Train Loss = 0.000566, Val Loss = 0.000326, LR = 1.00e-03

预训练:   0%|          | 0/12 [00:00<?, ?it/s]
预训练:  33%|███▎      | 4/12 [00:00<00:00, 38.40it/s]
预训练: 100%|██████████| 12/12 [00:00<00:00, 58.81it/s]
预训练: 100%|██████████| 12/12 [00:00<00:00, 55.58it/s]
  [损失分解] Pred: 0.000358, Latent: 0.000118, Consistency: 0.000100
Epoch 241/500: Train Loss = 0.000576, Val Loss = 0.000361, LR = 1.00e-03

预训练:   0%|          | 0/12 [00:00<?, ?it/s]
预训练:  58%|█████▊    | 7/12 [00:00<00:00, 66.89it/s]
预训练: 100%|██████████| 12/12 [00:00<00:00, 73.75it/s]
  [损失分解] Pred: 0.000362, Latent: 0.000119, Consistency: 0.000102
Epoch 242/500: Train Loss = 0.000583, Val Loss = 0.000307, LR = 1.00e-03

预训练:   0%|          | 0/12 [00:00<?, ?it/s]
预训练:  58%|█████▊    | 7/12 [00:00<00:00, 60.89it/s]
预训练: 100%|██████████| 12/12 [00:00<00:00, 68.69it/s]
  [损失分解] Pred: 0.000343, Latent: 0.000114, Consistency: 0.000096
Epoch 243/500: Train Loss = 0.000553, Val Loss = 0.000303, LR = 1.00e-03

预训练:   0%|          | 0/12 [00:00<?, ?it/s]
预训练:  25%|██▌       | 3/12 [00:00<00:00, 27.60it/s]
预训练:  83%|████████▎ | 10/12 [00:00<00:00, 51.34it/s]
预训练: 100%|██████████| 12/12 [00:00<00:00, 48.89it/s]
  [损失分解] Pred: 0.000344, Latent: 0.000114, Consistency: 0.000097
Epoch 244/500: Train Loss = 0.000555, Val Loss = 0.000319, LR = 1.00e-03

预训练:   0%|          | 0/12 [00:00<?, ?it/s]
预训练:  50%|█████     | 6/12 [00:00<00:00, 56.63it/s]
预训练: 100%|██████████| 12/12 [00:00<00:00, 63.27it/s]
  [损失分解] Pred: 0.000352, Latent: 0.000116, Consistency: 0.000098
Epoch 245/500: Train Loss = 0.000567, Val Loss = 0.000328, LR = 1.00e-03

预训练:   0%|          | 0/12 [00:00<?, ?it/s]
预训练:  33%|███▎      | 4/12 [00:00<00:00, 36.94it/s]
预训练: 100%|██████████| 12/12 [00:00<00:00, 59.52it/s]
  [损失分解] Pred: 0.000357, Latent: 0.000117, Consistency: 0.000100
Epoch 246/500: Train Loss = 0.000573, Val Loss = 0.000316, LR = 1.00e-03

预训练:   0%|          | 0/12 [00:00<?, ?it/s]
预训练:  50%|█████     | 6/12 [00:00<00:00, 58.59it/s]
预训练: 100%|██████████| 12/12 [00:00<00:00, 71.61it/s]
  [损失分解] Pred: 0.000344, Latent: 0.000114, Consistency: 0.000097
Epoch 247/500: Train Loss = 0.000555, Val Loss = 0.000302, LR = 1.00e-03

预训练:   0%|          | 0/12 [00:00<?, ?it/s]
预训练:  58%|█████▊    | 7/12 [00:00<00:00, 67.42it/s]
预训练: 100%|██████████| 12/12 [00:00<00:00, 80.82it/s]
  [损失分解] Pred: 0.000339, Latent: 0.000112, Consistency: 0.000095
Epoch 248/500: Train Loss = 0.000546, Val Loss = 0.000311, LR = 1.00e-03

预训练:   0%|          | 0/12 [00:00<?, ?it/s]
预训练:  58%|█████▊    | 7/12 [00:00<00:00, 69.81it/s]
预训练: 100%|██████████| 12/12 [00:00<00:00, 82.00it/s]
  [损失分解] Pred: 0.000340, Latent: 0.000112, Consistency: 0.000096
Epoch 249/500: Train Loss = 0.000547, Val Loss = 0.000310, LR = 1.00e-03

预训练:   0%|          | 0/12 [00:00<?, ?it/s]
预训练:  67%|██████▋   | 8/12 [00:00<00:00, 75.78it/s]
预训练: 100%|██████████| 12/12 [00:00<00:00, 86.45it/s]
  [损失分解] Pred: 0.000348, Latent: 0.000114, Consistency: 0.000097
Epoch 250/500: Train Loss = 0.000560, Val Loss = 0.000316, LR = 1.00e-03

预训练:   0%|          | 0/12 [00:00<?, ?it/s]
预训练:  67%|██████▋   | 8/12 [00:00<00:00, 79.44it/s]
预训练: 100%|██████████| 12/12 [00:00<00:00, 87.84it/s]
  [损失分解] Pred: 0.000351, Latent: 0.000115, Consistency: 0.000098
Epoch 251/500: Train Loss = 0.000564, Val Loss = 0.000309, LR = 1.00e-03

预训练:   0%|          | 0/12 [00:00<?, ?it/s]
预训练:  67%|██████▋   | 8/12 [00:00<00:00, 76.72it/s]
预训练: 100%|██████████| 12/12 [00:00<00:00, 86.43it/s]
  [损失分解] Pred: 0.000340, Latent: 0.000112, Consistency: 0.000095
Epoch 252/500: Train Loss = 0.000547, Val Loss = 0.000350, LR = 1.00e-03

预训练:   0%|          | 0/12 [00:00<?, ?it/s]
预训练:  25%|██▌       | 3/12 [00:00<00:00, 29.68it/s]
预训练:  83%|████████▎ | 10/12 [00:00<00:00, 50.52it/s]
预训练: 100%|██████████| 12/12 [00:00<00:00, 50.64it/s]
  [损失分解] Pred: 0.000352, Latent: 0.000115, Consistency: 0.000098
Epoch 253/500: Train Loss = 0.000565, Val Loss = 0.000304, LR = 1.00e-03

预训练:   0%|          | 0/12 [00:00<?, ?it/s]
预训练:  42%|████▏     | 5/12 [00:00<00:00, 42.61it/s]
预训练: 100%|██████████| 12/12 [00:00<00:00, 62.05it/s]
  [损失分解] Pred: 0.000346, Latent: 0.000113, Consistency: 0.000096
Epoch 254/500: Train Loss = 0.000555, Val Loss = 0.000299, LR = 1.00e-03

预训练:   0%|          | 0/12 [00:00<?, ?it/s]
预训练:  42%|████▏     | 5/12 [00:00<00:00, 44.98it/s]
预训练: 100%|██████████| 12/12 [00:00<00:00, 64.78it/s]
  [损失分解] Pred: 0.000345, Latent: 0.000113, Consistency: 0.000096
Epoch 255/500: Train Loss = 0.000554, Val Loss = 0.000361, LR = 1.00e-03

预训练:   0%|          | 0/12 [00:00<?, ?it/s]
预训练:  42%|████▏     | 5/12 [00:00<00:00, 47.86it/s]
预训练: 100%|██████████| 12/12 [00:00<00:00, 59.15it/s]
预训练: 100%|██████████| 12/12 [00:00<00:00, 57.45it/s]
  [损失分解] Pred: 0.000343, Latent: 0.000112, Consistency: 0.000096
Epoch 256/500: Train Loss = 0.000551, Val Loss = 0.000302, LR = 1.00e-03

预训练:   0%|          | 0/12 [00:00<?, ?it/s]
预训练:  50%|█████     | 6/12 [00:00<00:00, 54.29it/s]
预训练: 100%|██████████| 12/12 [00:00<00:00, 54.65it/s]
预训练: 100%|██████████| 12/12 [00:00<00:00, 54.59it/s]
  [损失分解] Pred: 0.000332, Latent: 0.000110, Consistency: 0.000094
Epoch 257/500: Train Loss = 0.000535, Val Loss = 0.000303, LR = 1.00e-03

预训练:   0%|          | 0/12 [00:00<?, ?it/s]
预训练:  33%|███▎      | 4/12 [00:00<00:00, 36.24it/s]
预训练: 100%|██████████| 12/12 [00:00<00:00, 58.10it/s]
  [损失分解] Pred: 0.000334, Latent: 0.000110, Consistency: 0.000094
Epoch 258/500: Train Loss = 0.000538, Val Loss = 0.000296, LR = 1.00e-03

预训练:   0%|          | 0/12 [00:00<?, ?it/s]
预训练:  25%|██▌       | 3/12 [00:00<00:00, 25.22it/s]
预训练:  67%|██████▋   | 8/12 [00:00<00:00, 37.91it/s]
预训练: 100%|██████████| 12/12 [00:00<00:00, 40.20it/s]
  [损失分解] Pred: 0.000332, Latent: 0.000109, Consistency: 0.000093
Epoch 259/500: Train Loss = 0.000534, Val Loss = 0.000295, LR = 1.00e-03

预训练:   0%|          | 0/12 [00:00<?, ?it/s]
预训练:  17%|█▋        | 2/12 [00:00<00:00, 16.93it/s]
预训练:  58%|█████▊    | 7/12 [00:00<00:00, 31.64it/s]
预训练: 100%|██████████| 12/12 [00:00<00:00, 38.88it/s]
预训练: 100%|██████████| 12/12 [00:00<00:00, 35.30it/s]
  [损失分解] Pred: 0.000328, Latent: 0.000108, Consistency: 0.000092
Epoch 260/500: Train Loss = 0.000527, Val Loss = 0.000292, LR = 1.00e-03

预训练:   0%|          | 0/12 [00:00<?, ?it/s]
预训练:  50%|█████     | 6/12 [00:00<00:00, 57.05it/s]
预训练: 100%|██████████| 12/12 [00:00<00:00, 69.79it/s]
  [损失分解] Pred: 0.000330, Latent: 0.000108, Consistency: 0.000093
Epoch 261/500: Train Loss = 0.000531, Val Loss = 0.000340, LR = 1.00e-03

预训练:   0%|          | 0/12 [00:00<?, ?it/s]
预训练:  25%|██▌       | 3/12 [00:00<00:00, 28.48it/s]
预训练: 100%|██████████| 12/12 [00:00<00:00, 61.58it/s]
  [损失分解] Pred: 0.000338, Latent: 0.000111, Consistency: 0.000094
Epoch 262/500: Train Loss = 0.000543, Val Loss = 0.000301, LR = 1.00e-03

预训练:   0%|          | 0/12 [00:00<?, ?it/s]
预训练:  58%|█████▊    | 7/12 [00:00<00:00, 66.72it/s]
预训练: 100%|██████████| 12/12 [00:00<00:00, 76.45it/s]
  [损失分解] Pred: 0.000339, Latent: 0.000110, Consistency: 0.000094
Epoch 263/500: Train Loss = 0.000543, Val Loss = 0.000295, LR = 1.00e-03

预训练:   0%|          | 0/12 [00:00<?, ?it/s]
预训练:  58%|█████▊    | 7/12 [00:00<00:00, 65.46it/s]
预训练: 100%|██████████| 12/12 [00:00<00:00, 77.41it/s]
  [损失分解] Pred: 0.000334, Latent: 0.000109, Consistency: 0.000093
Epoch 264/500: Train Loss = 0.000535, Val Loss = 0.000297, LR = 1.00e-03

预训练:   0%|          | 0/12 [00:00<?, ?it/s]
预训练:  58%|█████▊    | 7/12 [00:00<00:00, 67.13it/s]
预训练: 100%|██████████| 12/12 [00:00<00:00, 79.68it/s]
  [损失分解] Pred: 0.000341, Latent: 0.000111, Consistency: 0.000095
Epoch 265/500: Train Loss = 0.000547, Val Loss = 0.000311, LR = 1.00e-03

预训练:   0%|          | 0/12 [00:00<?, ?it/s]
预训练:  33%|███▎      | 4/12 [00:00<00:00, 37.95it/s]
预训练: 100%|██████████| 12/12 [00:00<00:00, 60.19it/s]
  [损失分解] Pred: 0.000334, Latent: 0.000108, Consistency: 0.000093
Epoch 266/500: Train Loss = 0.000536, Val Loss = 0.000309, LR = 1.00e-03

预训练:   0%|          | 0/12 [00:00<?, ?it/s]
预训练:  58%|█████▊    | 7/12 [00:00<00:00, 66.93it/s]
预训练: 100%|██████████| 12/12 [00:00<00:00, 79.72it/s]
  [损失分解] Pred: 0.000332, Latent: 0.000108, Consistency: 0.000093
Epoch 267/500: Train Loss = 0.000533, Val Loss = 0.000291, LR = 1.00e-03

预训练:   0%|          | 0/12 [00:00<?, ?it/s]
预训练:  58%|█████▊    | 7/12 [00:00<00:00, 63.95it/s]
预训练: 100%|██████████| 12/12 [00:00<00:00, 74.16it/s]
  [损失分解] Pred: 0.000329, Latent: 0.000107, Consistency: 0.000092
Epoch 268/500: Train Loss = 0.000528, Val Loss = 0.000314, LR = 1.00e-03

预训练:   0%|          | 0/12 [00:00<?, ?it/s]
预训练:  58%|█████▊    | 7/12 [00:00<00:00, 65.76it/s]
预训练: 100%|██████████| 12/12 [00:00<00:00, 72.86it/s]
  [损失分解] Pred: 0.000343, Latent: 0.000110, Consistency: 0.000095
Epoch 269/500: Train Loss = 0.000549, Val Loss = 0.000334, LR = 1.00e-03

预训练:   0%|          | 0/12 [00:00<?, ?it/s]
预训练:  58%|█████▊    | 7/12 [00:00<00:00, 64.87it/s]
预训练: 100%|██████████| 12/12 [00:00<00:00, 78.12it/s]
  [损失分解] Pred: 0.000344, Latent: 0.000111, Consistency: 0.000095
Epoch 270/500: Train Loss = 0.000550, Val Loss = 0.000306, LR = 1.00e-03

预训练:   0%|          | 0/12 [00:00<?, ?it/s]
预训练:  58%|█████▊    | 7/12 [00:00<00:00, 67.39it/s]
预训练: 100%|██████████| 12/12 [00:00<00:00, 82.12it/s]
  [损失分解] Pred: 0.000338, Latent: 0.000109, Consistency: 0.000094
Epoch 271/500: Train Loss = 0.000542, Val Loss = 0.000296, LR = 1.00e-03

预训练:   0%|          | 0/12 [00:00<?, ?it/s]
预训练:  67%|██████▋   | 8/12 [00:00<00:00, 78.24it/s]
预训练: 100%|██████████| 12/12 [00:00<00:00, 88.03it/s]
  [损失分解] Pred: 0.000329, Latent: 0.000107, Consistency: 0.000092
Epoch 272/500: Train Loss = 0.000527, Val Loss = 0.000293, LR = 1.00e-03

预训练:   0%|          | 0/12 [00:00<?, ?it/s]
预训练:  75%|███████▌  | 9/12 [00:00<00:00, 82.68it/s]
预训练: 100%|██████████| 12/12 [00:00<00:00, 89.83it/s]
  [损失分解] Pred: 0.000326, Latent: 0.000106, Consistency: 0.000091
Epoch 273/500: Train Loss = 0.000523, Val Loss = 0.000314, LR = 1.00e-03

预训练:   0%|          | 0/12 [00:00<?, ?it/s]
预训练:  58%|█████▊    | 7/12 [00:00<00:00, 69.72it/s]
预训练: 100%|██████████| 12/12 [00:00<00:00, 84.21it/s]
  [损失分解] Pred: 0.000339, Latent: 0.000109, Consistency: 0.000094
Epoch 274/500: Train Loss = 0.000542, Val Loss = 0.000303, LR = 1.00e-03

预训练:   0%|          | 0/12 [00:00<?, ?it/s]
预训练:  33%|███▎      | 4/12 [00:00<00:00, 37.24it/s]
预训练: 100%|██████████| 12/12 [00:00<00:00, 63.44it/s]
  [损失分解] Pred: 0.000359, Latent: 0.000115, Consistency: 0.000098
Epoch 275/500: Train Loss = 0.000572, Val Loss = 0.000288, LR = 1.00e-03

预训练:   0%|          | 0/12 [00:00<?, ?it/s]
预训练:  58%|█████▊    | 7/12 [00:00<00:00, 63.81it/s]
预训练: 100%|██████████| 12/12 [00:00<00:00, 71.44it/s]
  [损失分解] Pred: 0.000341, Latent: 0.000109, Consistency: 0.000094
Epoch 276/500: Train Loss = 0.000543, Val Loss = 0.000296, LR = 1.00e-03

预训练:   0%|          | 0/12 [00:00<?, ?it/s]
预训练:  58%|█████▊    | 7/12 [00:00<00:00, 64.70it/s]
预训练: 100%|██████████| 12/12 [00:00<00:00, 65.51it/s]
  [损失分解] Pred: 0.000333, Latent: 0.000108, Consistency: 0.000092
Epoch 277/500: Train Loss = 0.000533, Val Loss = 0.000298, LR = 1.00e-03

预训练:   0%|          | 0/12 [00:00<?, ?it/s]
预训练:  50%|█████     | 6/12 [00:00<00:00, 58.54it/s]
预训练: 100%|██████████| 12/12 [00:00<00:00, 74.36it/s]
  [损失分解] Pred: 0.000337, Latent: 0.000108, Consistency: 0.000093
Epoch 278/500: Train Loss = 0.000537, Val Loss = 0.000297, LR = 1.00e-03

预训练:   0%|          | 0/12 [00:00<?, ?it/s]
预训练:  67%|██████▋   | 8/12 [00:00<00:00, 76.17it/s]
预训练: 100%|██████████| 12/12 [00:00<00:00, 84.48it/s]
  [损失分解] Pred: 0.000325, Latent: 0.000105, Consistency: 0.000090
Epoch 279/500: Train Loss = 0.000520, Val Loss = 0.000303, LR = 1.00e-03

预训练:   0%|          | 0/12 [00:00<?, ?it/s]
预训练:  50%|█████     | 6/12 [00:00<00:00, 59.36it/s]
预训练: 100%|██████████| 12/12 [00:00<00:00, 78.84it/s]
  [损失分解] Pred: 0.000339, Latent: 0.000108, Consistency: 0.000093
Epoch 280/500: Train Loss = 0.000540, Val Loss = 0.000298, LR = 1.00e-03

预训练:   0%|          | 0/12 [00:00<?, ?it/s]
预训练:  67%|██████▋   | 8/12 [00:00<00:00, 74.61it/s]
预训练: 100%|██████████| 12/12 [00:00<00:00, 81.37it/s]
  [损失分解] Pred: 0.000326, Latent: 0.000105, Consistency: 0.000090
Epoch 281/500: Train Loss = 0.000521, Val Loss = 0.000297, LR = 1.00e-03

预训练:   0%|          | 0/12 [00:00<?, ?it/s]
预训练:  75%|███████▌  | 9/12 [00:00<00:00, 87.87it/s]
预训练: 100%|██████████| 12/12 [00:00<00:00, 93.22it/s]
  [损失分解] Pred: 0.000332, Latent: 0.000107, Consistency: 0.000092
Epoch 282/500: Train Loss = 0.000531, Val Loss = 0.000330, LR = 1.00e-03

预训练:   0%|          | 0/12 [00:00<?, ?it/s]
预训练:  67%|██████▋   | 8/12 [00:00<00:00, 77.23it/s]
预训练: 100%|██████████| 12/12 [00:00<00:00, 87.35it/s]
  [损失分解] Pred: 0.000338, Latent: 0.000108, Consistency: 0.000093
Epoch 283/500: Train Loss = 0.000539, Val Loss = 0.000311, LR = 1.00e-03

预训练:   0%|          | 0/12 [00:00<?, ?it/s]
预训练:  58%|█████▊    | 7/12 [00:00<00:00, 67.41it/s]
预训练: 100%|██████████| 12/12 [00:00<00:00, 80.47it/s]
  [损失分解] Pred: 0.000327, Latent: 0.000105, Consistency: 0.000090
Epoch 284/500: Train Loss = 0.000522, Val Loss = 0.000289, LR = 1.00e-03

预训练:   0%|          | 0/12 [00:00<?, ?it/s]
预训练:  67%|██████▋   | 8/12 [00:00<00:00, 77.62it/s]
预训练: 100%|██████████| 12/12 [00:00<00:00, 87.09it/s]
  [损失分解] Pred: 0.000327, Latent: 0.000105, Consistency: 0.000090
Epoch 285/500: Train Loss = 0.000522, Val Loss = 0.000287, LR = 1.00e-03

预训练:   0%|          | 0/12 [00:00<?, ?it/s]
预训练:  75%|███████▌  | 9/12 [00:00<00:00, 81.96it/s]
预训练: 100%|██████████| 12/12 [00:00<00:00, 88.08it/s]
  [损失分解] Pred: 0.000322, Latent: 0.000104, Consistency: 0.000089
Epoch 286/500: Train Loss = 0.000514, Val Loss = 0.000299, LR = 1.00e-03

预训练:   0%|          | 0/12 [00:00<?, ?it/s]
预训练:  67%|██████▋   | 8/12 [00:00<00:00, 75.24it/s]
预训练: 100%|██████████| 12/12 [00:00<00:00, 83.18it/s]
  [损失分解] Pred: 0.000320, Latent: 0.000103, Consistency: 0.000089
Epoch 287/500: Train Loss = 0.000512, Val Loss = 0.000285, LR = 1.00e-03

预训练:   0%|          | 0/12 [00:00<?, ?it/s]
预训练:  50%|█████     | 6/12 [00:00<00:00, 59.35it/s]
预训练: 100%|██████████| 12/12 [00:00<00:00, 73.37it/s]
  [损失分解] Pred: 0.000320, Latent: 0.000103, Consistency: 0.000089
Epoch 288/500: Train Loss = 0.000511, Val Loss = 0.000286, LR = 1.00e-03

预训练:   0%|          | 0/12 [00:00<?, ?it/s]
预训练:  25%|██▌       | 3/12 [00:00<00:00, 27.99it/s]
预训练: 100%|██████████| 12/12 [00:00<00:00, 60.03it/s]
  [损失分解] Pred: 0.000328, Latent: 0.000105, Consistency: 0.000091
Epoch 289/500: Train Loss = 0.000524, Val Loss = 0.000298, LR = 1.00e-03

预训练:   0%|          | 0/12 [00:00<?, ?it/s]
预训练:  50%|█████     | 6/12 [00:00<00:00, 56.51it/s]
预训练: 100%|██████████| 12/12 [00:00<00:00, 69.55it/s]
  [损失分解] Pred: 0.000320, Latent: 0.000103, Consistency: 0.000089
Epoch 290/500: Train Loss = 0.000512, Val Loss = 0.000285, LR = 1.00e-03

预训练:   0%|          | 0/12 [00:00<?, ?it/s]
预训练:  50%|█████     | 6/12 [00:00<00:00, 56.13it/s]
预训练: 100%|██████████| 12/12 [00:00<00:00, 73.27it/s]
  [损失分解] Pred: 0.000322, Latent: 0.000104, Consistency: 0.000089
Epoch 291/500: Train Loss = 0.000515, Val Loss = 0.000321, LR = 1.00e-03

预训练:   0%|          | 0/12 [00:00<?, ?it/s]
预训练:  50%|█████     | 6/12 [00:00<00:00, 57.16it/s]
预训练: 100%|██████████| 12/12 [00:00<00:00, 71.46it/s]
  [损失分解] Pred: 0.000325, Latent: 0.000105, Consistency: 0.000090
Epoch 292/500: Train Loss = 0.000519, Val Loss = 0.000285, LR = 1.00e-03

预训练:   0%|          | 0/12 [00:00<?, ?it/s]
预训练:  42%|████▏     | 5/12 [00:00<00:00, 46.60it/s]
预训练: 100%|██████████| 12/12 [00:00<00:00, 66.72it/s]
  [损失分解] Pred: 0.000341, Latent: 0.000108, Consistency: 0.000093
Epoch 293/500: Train Loss = 0.000543, Val Loss = 0.000316, LR = 1.00e-03

预训练:   0%|          | 0/12 [00:00<?, ?it/s]
预训练:  50%|█████     | 6/12 [00:00<00:00, 56.72it/s]
预训练: 100%|██████████| 12/12 [00:00<00:00, 71.40it/s]
  [损失分解] Pred: 0.000335, Latent: 0.000107, Consistency: 0.000092
Epoch 294/500: Train Loss = 0.000535, Val Loss = 0.000304, LR = 1.00e-03

预训练:   0%|          | 0/12 [00:00<?, ?it/s]
预训练:  50%|█████     | 6/12 [00:00<00:00, 57.29it/s]
预训练: 100%|██████████| 12/12 [00:00<00:00, 71.28it/s]
  [损失分解] Pred: 0.000343, Latent: 0.000108, Consistency: 0.000094
Epoch 295/500: Train Loss = 0.000545, Val Loss = 0.000310, LR = 1.00e-03

预训练:   0%|          | 0/12 [00:00<?, ?it/s]
预训练:  50%|█████     | 6/12 [00:00<00:00, 55.76it/s]
预训练: 100%|██████████| 12/12 [00:00<00:00, 71.94it/s]
  [损失分解] Pred: 0.000341, Latent: 0.000108, Consistency: 0.000093
Epoch 296/500: Train Loss = 0.000542, Val Loss = 0.000293, LR = 1.00e-03

预训练:   0%|          | 0/12 [00:00<?, ?it/s]
预训练:  50%|█████     | 6/12 [00:00<00:00, 58.36it/s]
预训练: 100%|██████████| 12/12 [00:00<00:00, 73.32it/s]
  [损失分解] Pred: 0.000331, Latent: 0.000105, Consistency: 0.000091
Epoch 297/500: Train Loss = 0.000527, Val Loss = 0.000295, LR = 1.00e-03

预训练:   0%|          | 0/12 [00:00<?, ?it/s]
预训练:  25%|██▌       | 3/12 [00:00<00:00, 28.76it/s]
预训练: 100%|██████████| 12/12 [00:00<00:00, 60.85it/s]
  [损失分解] Pred: 0.000319, Latent: 0.000102, Consistency: 0.000088
  >>> 学习率降低: 1.00e-03 -> 5.00e-04
Epoch 298/500: Train Loss = 0.000508, Val Loss = 0.000304, LR = 5.00e-04

预训练:   0%|          | 0/12 [00:00<?, ?it/s]
预训练:  50%|█████     | 6/12 [00:00<00:00, 57.94it/s]
预训练: 100%|██████████| 12/12 [00:00<00:00, 74.21it/s]
  [损失分解] Pred: 0.000319, Latent: 0.000102, Consistency: 0.000088
Epoch 299/500: Train Loss = 0.000509, Val Loss = 0.000281, LR = 5.00e-04

预训练:   0%|          | 0/12 [00:00<?, ?it/s]
预训练:  50%|█████     | 6/12 [00:00<00:00, 56.17it/s]
预训练: 100%|██████████| 12/12 [00:00<00:00, 70.44it/s]
  [损失分解] Pred: 0.000314, Latent: 0.000101, Consistency: 0.000087
Epoch 300/500: Train Loss = 0.000501, Val Loss = 0.000278, LR = 5.00e-04

预训练:   0%|          | 0/12 [00:00<?, ?it/s]
预训练:  42%|████▏     | 5/12 [00:00<00:00, 48.08it/s]
预训练: 100%|██████████| 12/12 [00:00<00:00, 69.07it/s]
  [损失分解] Pred: 0.000312, Latent: 0.000100, Consistency: 0.000087
Epoch 301/500: Train Loss = 0.000499, Val Loss = 0.000282, LR = 5.00e-04

预训练:   0%|          | 0/12 [00:00<?, ?it/s]
预训练:  25%|██▌       | 3/12 [00:00<00:00, 28.35it/s]
预训练: 100%|██████████| 12/12 [00:00<00:00, 61.03it/s]
  [损失分解] Pred: 0.000312, Latent: 0.000100, Consistency: 0.000086
Epoch 302/500: Train Loss = 0.000499, Val Loss = 0.000279, LR = 5.00e-04

预训练:   0%|          | 0/12 [00:00<?, ?it/s]
预训练:  50%|█████     | 6/12 [00:00<00:00, 56.61it/s]
预训练: 100%|██████████| 12/12 [00:00<00:00, 73.04it/s]
  [损失分解] Pred: 0.000310, Latent: 0.000099, Consistency: 0.000086
Epoch 303/500: Train Loss = 0.000495, Val Loss = 0.000284, LR = 5.00e-04

预训练:   0%|          | 0/12 [00:00<?, ?it/s]
预训练:  42%|████▏     | 5/12 [00:00<00:00, 48.25it/s]
预训练: 100%|██████████| 12/12 [00:00<00:00, 69.02it/s]
  [损失分解] Pred: 0.000312, Latent: 0.000100, Consistency: 0.000086
Epoch 304/500: Train Loss = 0.000499, Val Loss = 0.000279, LR = 5.00e-04

预训练:   0%|          | 0/12 [00:00<?, ?it/s]
预训练:  50%|█████     | 6/12 [00:00<00:00, 56.28it/s]
预训练: 100%|██████████| 12/12 [00:00<00:00, 70.86it/s]
  [损失分解] Pred: 0.000311, Latent: 0.000100, Consistency: 0.000086
Epoch 305/500: Train Loss = 0.000496, Val Loss = 0.000281, LR = 5.00e-04

预训练:   0%|          | 0/12 [00:00<?, ?it/s]
预训练:  42%|████▏     | 5/12 [00:00<00:00, 47.43it/s]
预训练: 100%|██████████| 12/12 [00:00<00:00, 62.35it/s]
  [损失分解] Pred: 0.000314, Latent: 0.000100, Consistency: 0.000087
Epoch 306/500: Train Loss = 0.000501, Val Loss = 0.000279, LR = 5.00e-04

预训练:   0%|          | 0/12 [00:00<?, ?it/s]
预训练:  50%|█████     | 6/12 [00:00<00:00, 53.57it/s]
预训练: 100%|██████████| 12/12 [00:00<00:00, 50.41it/s]
预训练: 100%|██████████| 12/12 [00:00<00:00, 50.86it/s]
  [损失分解] Pred: 0.000314, Latent: 0.000100, Consistency: 0.000087
Epoch 307/500: Train Loss = 0.000501, Val Loss = 0.000278, LR = 5.00e-04

预训练:   0%|          | 0/12 [00:00<?, ?it/s]
预训练:  25%|██▌       | 3/12 [00:00<00:00, 26.91it/s]
预训练:  83%|████████▎ | 10/12 [00:00<00:00, 50.07it/s]
预训练: 100%|██████████| 12/12 [00:00<00:00, 49.00it/s]
  [损失分解] Pred: 0.000309, Latent: 0.000100, Consistency: 0.000086
Epoch 308/500: Train Loss = 0.000495, Val Loss = 0.000277, LR = 5.00e-04

预训练:   0%|          | 0/12 [00:00<?, ?it/s]
预训练:  17%|█▋        | 2/12 [00:00<00:00, 19.05it/s]
预训练:  58%|█████▊    | 7/12 [00:00<00:00, 36.18it/s]
预训练: 100%|██████████| 12/12 [00:00<00:00, 41.55it/s]
  [损失分解] Pred: 0.000309, Latent: 0.000100, Consistency: 0.000086
Epoch 309/500: Train Loss = 0.000495, Val Loss = 0.000280, LR = 5.00e-04

预训练:   0%|          | 0/12 [00:00<?, ?it/s]
预训练:  25%|██▌       | 3/12 [00:00<00:00, 27.85it/s]
预训练:  75%|███████▌  | 9/12 [00:00<00:00, 45.95it/s]
预训练: 100%|██████████| 12/12 [00:00<00:00, 48.92it/s]
  [损失分解] Pred: 0.000312, Latent: 0.000100, Consistency: 0.000086
Epoch 310/500: Train Loss = 0.000498, Val Loss = 0.000278, LR = 5.00e-04

预训练:   0%|          | 0/12 [00:00<?, ?it/s]
预训练:   8%|▊         | 1/12 [00:00<00:01,  9.24it/s]
预训练:  67%|██████▋   | 8/12 [00:00<00:00, 40.99it/s]
预训练: 100%|██████████| 12/12 [00:00<00:00, 44.82it/s]
  [损失分解] Pred: 0.000309, Latent: 0.000099, Consistency: 0.000085
Epoch 311/500: Train Loss = 0.000493, Val Loss = 0.000277, LR = 5.00e-04

预训练:   0%|          | 0/12 [00:00<?, ?it/s]
预训练:  17%|█▋        | 2/12 [00:00<00:00, 17.58it/s]
预训练:  58%|█████▊    | 7/12 [00:00<00:00, 35.25it/s]
预训练: 100%|██████████| 12/12 [00:00<00:00, 41.38it/s]
  [损失分解] Pred: 0.000312, Latent: 0.000100, Consistency: 0.000086
Epoch 312/500: Train Loss = 0.000497, Val Loss = 0.000278, LR = 5.00e-04

预训练:   0%|          | 0/12 [00:00<?, ?it/s]
预训练:  25%|██▌       | 3/12 [00:00<00:00, 24.95it/s]
预训练:  83%|████████▎ | 10/12 [00:00<00:00, 47.11it/s]
预训练: 100%|██████████| 12/12 [00:00<00:00, 44.89it/s]
  [损失分解] Pred: 0.000312, Latent: 0.000100, Consistency: 0.000086
Epoch 313/500: Train Loss = 0.000499, Val Loss = 0.000277, LR = 5.00e-04

预训练:   0%|          | 0/12 [00:00<?, ?it/s]
预训练:  17%|█▋        | 2/12 [00:00<00:00, 18.95it/s]
预训练:  50%|█████     | 6/12 [00:00<00:00, 30.31it/s]
预训练:  92%|█████████▏| 11/12 [00:00<00:00, 36.22it/s]
预训练: 100%|██████████| 12/12 [00:00<00:00, 34.35it/s]
  [损失分解] Pred: 0.000312, Latent: 0.000100, Consistency: 0.000086
Epoch 314/500: Train Loss = 0.000497, Val Loss = 0.000277, LR = 5.00e-04

预训练:   0%|          | 0/12 [00:00<?, ?it/s]
预训练:   8%|▊         | 1/12 [00:00<00:01,  5.52it/s]
预训练:  42%|████▏     | 5/12 [00:00<00:00, 19.53it/s]
预训练:  83%|████████▎ | 10/12 [00:00<00:00, 28.89it/s]
预训练: 100%|██████████| 12/12 [00:00<00:00, 26.14it/s]
  [损失分解] Pred: 0.000312, Latent: 0.000100, Consistency: 0.000086
Epoch 315/500: Train Loss = 0.000498, Val Loss = 0.000282, LR = 5.00e-04

预训练:   0%|          | 0/12 [00:00<?, ?it/s]
预训练:  17%|█▋        | 2/12 [00:00<00:00, 15.97it/s]
预训练:  50%|█████     | 6/12 [00:00<00:00, 27.41it/s]
预训练:  92%|█████████▏| 11/12 [00:00<00:00, 35.04it/s]
预训练: 100%|██████████| 12/12 [00:00<00:00, 32.36it/s]
  [损失分解] Pred: 0.000312, Latent: 0.000099, Consistency: 0.000086
Epoch 316/500: Train Loss = 0.000497, Val Loss = 0.000278, LR = 5.00e-04

预训练:   0%|          | 0/12 [00:00<?, ?it/s]
预训练:  17%|█▋        | 2/12 [00:00<00:00, 15.01it/s]
预训练:  50%|█████     | 6/12 [00:00<00:00, 26.81it/s]
预训练:  92%|█████████▏| 11/12 [00:00<00:00, 32.74it/s]
预训练: 100%|██████████| 12/12 [00:00<00:00, 31.15it/s]
  [损失分解] Pred: 0.000312, Latent: 0.000100, Consistency: 0.000086
Epoch 317/500: Train Loss = 0.000498, Val Loss = 0.000276, LR = 5.00e-04

预训练:   0%|          | 0/12 [00:00<?, ?it/s]
预训练:  17%|█▋        | 2/12 [00:00<00:00, 19.74it/s]
预训练:  83%|████████▎ | 10/12 [00:00<00:00, 50.85it/s]
预训练: 100%|██████████| 12/12 [00:00<00:00, 49.13it/s]
  [损失分解] Pred: 0.000312, Latent: 0.000099, Consistency: 0.000086
Epoch 318/500: Train Loss = 0.000497, Val Loss = 0.000280, LR = 5.00e-04

预训练:   0%|          | 0/12 [00:00<?, ?it/s]
预训练:  42%|████▏     | 5/12 [00:00<00:00, 44.62it/s]
预训练: 100%|██████████| 12/12 [00:00<00:00, 61.56it/s]
  [损失分解] Pred: 0.000309, Latent: 0.000098, Consistency: 0.000085
Epoch 319/500: Train Loss = 0.000492, Val Loss = 0.000278, LR = 5.00e-04

预训练:   0%|          | 0/12 [00:00<?, ?it/s]
预训练:  50%|█████     | 6/12 [00:00<00:00, 56.37it/s]
预训练: 100%|██████████| 12/12 [00:00<00:00, 72.03it/s]
  [损失分解] Pred: 0.000309, Latent: 0.000099, Consistency: 0.000085
Epoch 320/500: Train Loss = 0.000492, Val Loss = 0.000275, LR = 5.00e-04

预训练:   0%|          | 0/12 [00:00<?, ?it/s]
预训练:  50%|█████     | 6/12 [00:00<00:00, 54.94it/s]
预训练: 100%|██████████| 12/12 [00:00<00:00, 68.52it/s]
  [损失分解] Pred: 0.000308, Latent: 0.000099, Consistency: 0.000085
Epoch 321/500: Train Loss = 0.000492, Val Loss = 0.000276, LR = 5.00e-04

预训练:   0%|          | 0/12 [00:00<?, ?it/s]
预训练:  50%|█████     | 6/12 [00:00<00:00, 53.43it/s]
预训练: 100%|██████████| 12/12 [00:00<00:00, 68.81it/s]
  [损失分解] Pred: 0.000314, Latent: 0.000100, Consistency: 0.000087
Epoch 322/500: Train Loss = 0.000500, Val Loss = 0.000279, LR = 5.00e-04

预训练:   0%|          | 0/12 [00:00<?, ?it/s]
预训练:  42%|████▏     | 5/12 [00:00<00:00, 46.79it/s]
预训练: 100%|██████████| 12/12 [00:00<00:00, 66.03it/s]
  [损失分解] Pred: 0.000309, Latent: 0.000098, Consistency: 0.000085
Epoch 323/500: Train Loss = 0.000492, Val Loss = 0.000279, LR = 5.00e-04

预训练:   0%|          | 0/12 [00:00<?, ?it/s]
预训练:  50%|█████     | 6/12 [00:00<00:00, 56.90it/s]
预训练: 100%|██████████| 12/12 [00:00<00:00, 70.38it/s]
  [损失分解] Pred: 0.000309, Latent: 0.000099, Consistency: 0.000085
Epoch 324/500: Train Loss = 0.000493, Val Loss = 0.000276, LR = 5.00e-04

预训练:   0%|          | 0/12 [00:00<?, ?it/s]
预训练:  25%|██▌       | 3/12 [00:00<00:00, 28.22it/s]
预训练: 100%|██████████| 12/12 [00:00<00:00, 58.19it/s]
  [损失分解] Pred: 0.000309, Latent: 0.000098, Consistency: 0.000085
Epoch 325/500: Train Loss = 0.000493, Val Loss = 0.000283, LR = 5.00e-04

预训练:   0%|          | 0/12 [00:00<?, ?it/s]
预训练:  42%|████▏     | 5/12 [00:00<00:00, 49.92it/s]
预训练: 100%|██████████| 12/12 [00:00<00:00, 68.20it/s]
  [损失分解] Pred: 0.000311, Latent: 0.000099, Consistency: 0.000086
Epoch 326/500: Train Loss = 0.000496, Val Loss = 0.000275, LR = 5.00e-04

预训练:   0%|          | 0/12 [00:00<?, ?it/s]
预训练:  50%|█████     | 6/12 [00:00<00:00, 54.46it/s]
预训练: 100%|██████████| 12/12 [00:00<00:00, 68.54it/s]
  [损失分解] Pred: 0.000310, Latent: 0.000099, Consistency: 0.000085
Epoch 327/500: Train Loss = 0.000494, Val Loss = 0.000282, LR = 5.00e-04

预训练:   0%|          | 0/12 [00:00<?, ?it/s]
预训练:  42%|████▏     | 5/12 [00:00<00:00, 49.89it/s]
预训练: 100%|██████████| 12/12 [00:00<00:00, 68.40it/s]
  [损失分解] Pred: 0.000308, Latent: 0.000099, Consistency: 0.000085
Epoch 328/500: Train Loss = 0.000492, Val Loss = 0.000274, LR = 5.00e-04

预训练:   0%|          | 0/12 [00:00<?, ?it/s]
预训练:  25%|██▌       | 3/12 [00:00<00:00, 29.64it/s]
预训练: 100%|██████████| 12/12 [00:00<00:00, 61.06it/s]
  [损失分解] Pred: 0.000309, Latent: 0.000098, Consistency: 0.000085
Epoch 329/500: Train Loss = 0.000492, Val Loss = 0.000275, LR = 5.00e-04

预训练:   0%|          | 0/12 [00:00<?, ?it/s]
预训练:  50%|█████     | 6/12 [00:00<00:00, 58.59it/s]
预训练: 100%|██████████| 12/12 [00:00<00:00, 73.14it/s]
  [损失分解] Pred: 0.000307, Latent: 0.000098, Consistency: 0.000085
Epoch 330/500: Train Loss = 0.000490, Val Loss = 0.000275, LR = 5.00e-04

预训练:   0%|          | 0/12 [00:00<?, ?it/s]
预训练:  50%|█████     | 6/12 [00:00<00:00, 57.79it/s]
预训练: 100%|██████████| 12/12 [00:00<00:00, 72.17it/s]
  [损失分解] Pred: 0.000309, Latent: 0.000098, Consistency: 0.000085
Epoch 331/500: Train Loss = 0.000492, Val Loss = 0.000276, LR = 5.00e-04

预训练:   0%|          | 0/12 [00:00<?, ?it/s]
预训练:  50%|█████     | 6/12 [00:00<00:00, 54.91it/s]
预训练: 100%|██████████| 12/12 [00:00<00:00, 68.35it/s]
  [损失分解] Pred: 0.000310, Latent: 0.000099, Consistency: 0.000085
Epoch 332/500: Train Loss = 0.000494, Val Loss = 0.000275, LR = 5.00e-04

预训练:   0%|          | 0/12 [00:00<?, ?it/s]
预训练:  42%|████▏     | 5/12 [00:00<00:00, 46.28it/s]
预训练: 100%|██████████| 12/12 [00:00<00:00, 64.15it/s]
  [损失分解] Pred: 0.000309, Latent: 0.000098, Consistency: 0.000085
Epoch 333/500: Train Loss = 0.000492, Val Loss = 0.000280, LR = 5.00e-04

预训练:   0%|          | 0/12 [00:00<?, ?it/s]
预训练:  42%|████▏     | 5/12 [00:00<00:00, 48.27it/s]
预训练: 100%|██████████| 12/12 [00:00<00:00, 68.02it/s]
  [损失分解] Pred: 0.000309, Latent: 0.000098, Consistency: 0.000085
Epoch 334/500: Train Loss = 0.000492, Val Loss = 0.000275, LR = 5.00e-04

预训练:   0%|          | 0/12 [00:00<?, ?it/s]
预训练:  50%|█████     | 6/12 [00:00<00:00, 54.50it/s]
预训练: 100%|██████████| 12/12 [00:00<00:00, 69.07it/s]
  [损失分解] Pred: 0.000307, Latent: 0.000098, Consistency: 0.000085
Epoch 335/500: Train Loss = 0.000490, Val Loss = 0.000274, LR = 5.00e-04

预训练:   0%|          | 0/12 [00:00<?, ?it/s]
预训练:  50%|█████     | 6/12 [00:00<00:00, 56.01it/s]
预训练: 100%|██████████| 12/12 [00:00<00:00, 70.81it/s]
  [损失分解] Pred: 0.000309, Latent: 0.000098, Consistency: 0.000085
Epoch 336/500: Train Loss = 0.000492, Val Loss = 0.000277, LR = 5.00e-04

预训练:   0%|          | 0/12 [00:00<?, ?it/s]
预训练:  58%|█████▊    | 7/12 [00:00<00:00, 63.86it/s]
预训练: 100%|██████████| 12/12 [00:00<00:00, 74.16it/s]
  [损失分解] Pred: 0.000307, Latent: 0.000098, Consistency: 0.000085
Epoch 337/500: Train Loss = 0.000489, Val Loss = 0.000274, LR = 5.00e-04

预训练:   0%|          | 0/12 [00:00<?, ?it/s]
预训练:  25%|██▌       | 3/12 [00:00<00:00, 28.02it/s]
预训练: 100%|██████████| 12/12 [00:00<00:00, 58.96it/s]
  [损失分解] Pred: 0.000310, Latent: 0.000098, Consistency: 0.000085
Epoch 338/500: Train Loss = 0.000494, Val Loss = 0.000280, LR = 5.00e-04

预训练:   0%|          | 0/12 [00:00<?, ?it/s]
预训练:  42%|████▏     | 5/12 [00:00<00:00, 48.48it/s]
预训练: 100%|██████████| 12/12 [00:00<00:00, 65.89it/s]
  [损失分解] Pred: 0.000309, Latent: 0.000098, Consistency: 0.000085
Epoch 339/500: Train Loss = 0.000491, Val Loss = 0.000273, LR = 5.00e-04

预训练:   0%|          | 0/12 [00:00<?, ?it/s]
预训练:  42%|████▏     | 5/12 [00:00<00:00, 49.58it/s]
预训练: 100%|██████████| 12/12 [00:00<00:00, 68.40it/s]
  [损失分解] Pred: 0.000308, Latent: 0.000098, Consistency: 0.000085
Epoch 340/500: Train Loss = 0.000490, Val Loss = 0.000281, LR = 5.00e-04

预训练:   0%|          | 0/12 [00:00<?, ?it/s]
预训练:  42%|████▏     | 5/12 [00:00<00:00, 48.95it/s]
预训练: 100%|██████████| 12/12 [00:00<00:00, 67.23it/s]
  [损失分解] Pred: 0.000306, Latent: 0.000097, Consistency: 0.000084
Epoch 341/500: Train Loss = 0.000488, Val Loss = 0.000281, LR = 5.00e-04

预训练:   0%|          | 0/12 [00:00<?, ?it/s]
预训练:  42%|████▏     | 5/12 [00:00<00:00, 48.07it/s]
预训练: 100%|██████████| 12/12 [00:00<00:00, 66.73it/s]
  [损失分解] Pred: 0.000307, Latent: 0.000098, Consistency: 0.000085
Epoch 342/500: Train Loss = 0.000489, Val Loss = 0.000279, LR = 5.00e-04

预训练:   0%|          | 0/12 [00:00<?, ?it/s]
预训练:  50%|█████     | 6/12 [00:00<00:00, 55.74it/s]
预训练: 100%|██████████| 12/12 [00:00<00:00, 70.81it/s]
  [损失分解] Pred: 0.000308, Latent: 0.000098, Consistency: 0.000085
Epoch 343/500: Train Loss = 0.000490, Val Loss = 0.000271, LR = 5.00e-04

预训练:   0%|          | 0/12 [00:00<?, ?it/s]
预训练:  50%|█████     | 6/12 [00:00<00:00, 55.41it/s]
预训练: 100%|██████████| 12/12 [00:00<00:00, 68.30it/s]
  [损失分解] Pred: 0.000308, Latent: 0.000098, Consistency: 0.000085
Epoch 344/500: Train Loss = 0.000490, Val Loss = 0.000276, LR = 5.00e-04

预训练:   0%|          | 0/12 [00:00<?, ?it/s]
预训练:  42%|████▏     | 5/12 [00:00<00:00, 46.95it/s]
预训练: 100%|██████████| 12/12 [00:00<00:00, 67.16it/s]
  [损失分解] Pred: 0.000306, Latent: 0.000097, Consistency: 0.000084
Epoch 345/500: Train Loss = 0.000488, Val Loss = 0.000273, LR = 5.00e-04

预训练:   0%|          | 0/12 [00:00<?, ?it/s]
预训练:  42%|████▏     | 5/12 [00:00<00:00, 49.61it/s]
预训练: 100%|██████████| 12/12 [00:00<00:00, 70.71it/s]
  [损失分解] Pred: 0.000306, Latent: 0.000097, Consistency: 0.000084
Epoch 346/500: Train Loss = 0.000486, Val Loss = 0.000278, LR = 5.00e-04

预训练:   0%|          | 0/12 [00:00<?, ?it/s]
预训练:  25%|██▌       | 3/12 [00:00<00:00, 27.85it/s]
预训练: 100%|██████████| 12/12 [00:00<00:00, 60.18it/s]
  [损失分解] Pred: 0.000306, Latent: 0.000097, Consistency: 0.000084
Epoch 347/500: Train Loss = 0.000488, Val Loss = 0.000275, LR = 5.00e-04

预训练:   0%|          | 0/12 [00:00<?, ?it/s]
预训练:  50%|█████     | 6/12 [00:00<00:00, 56.89it/s]
预训练: 100%|██████████| 12/12 [00:00<00:00, 69.79it/s]
  [损失分解] Pred: 0.000308, Latent: 0.000097, Consistency: 0.000084
Epoch 348/500: Train Loss = 0.000489, Val Loss = 0.000274, LR = 5.00e-04

预训练:   0%|          | 0/12 [00:00<?, ?it/s]
预训练:  50%|█████     | 6/12 [00:00<00:00, 54.59it/s]
预训练: 100%|██████████| 12/12 [00:00<00:00, 67.35it/s]
  [损失分解] Pred: 0.000309, Latent: 0.000098, Consistency: 0.000085
Epoch 349/500: Train Loss = 0.000492, Val Loss = 0.000277, LR = 5.00e-04

预训练:   0%|          | 0/12 [00:00<?, ?it/s]
预训练:  50%|█████     | 6/12 [00:00<00:00, 58.70it/s]
预训练: 100%|██████████| 12/12 [00:00<00:00, 71.51it/s]
  [损失分解] Pred: 0.000308, Latent: 0.000097, Consistency: 0.000084
Epoch 350/500: Train Loss = 0.000490, Val Loss = 0.000282, LR = 5.00e-04

预训练:   0%|          | 0/12 [00:00<?, ?it/s]
预训练:  25%|██▌       | 3/12 [00:00<00:00, 27.87it/s]
预训练: 100%|██████████| 12/12 [00:00<00:00, 57.89it/s]
  [损失分解] Pred: 0.000306, Latent: 0.000097, Consistency: 0.000084
Epoch 351/500: Train Loss = 0.000487, Val Loss = 0.000278, LR = 5.00e-04

预训练:   0%|          | 0/12 [00:00<?, ?it/s]
预训练:  42%|████▏     | 5/12 [00:00<00:00, 49.43it/s]
预训练: 100%|██████████| 12/12 [00:00<00:00, 69.37it/s]
  [损失分解] Pred: 0.000308, Latent: 0.000097, Consistency: 0.000084
Epoch 352/500: Train Loss = 0.000490, Val Loss = 0.000278, LR = 5.00e-04

预训练:   0%|          | 0/12 [00:00<?, ?it/s]
预训练:  42%|████▏     | 5/12 [00:00<00:00, 49.88it/s]
预训练: 100%|██████████| 12/12 [00:00<00:00, 69.05it/s]
  [损失分解] Pred: 0.000308, Latent: 0.000097, Consistency: 0.000084
Epoch 353/500: Train Loss = 0.000489, Val Loss = 0.000274, LR = 5.00e-04

预训练:   0%|          | 0/12 [00:00<?, ?it/s]
预训练:  42%|████▏     | 5/12 [00:00<00:00, 49.62it/s]
预训练: 100%|██████████| 12/12 [00:00<00:00, 67.24it/s]
  [损失分解] Pred: 0.000308, Latent: 0.000097, Consistency: 0.000084
  >>> 学习率降低: 5.00e-04 -> 2.50e-04
Epoch 354/500: Train Loss = 0.000489, Val Loss = 0.000280, LR = 2.50e-04

预训练:   0%|          | 0/12 [00:00<?, ?it/s]
预训练:  42%|████▏     | 5/12 [00:00<00:00, 45.74it/s]
预训练: 100%|██████████| 12/12 [00:00<00:00, 61.58it/s]
  [损失分解] Pred: 0.000303, Latent: 0.000096, Consistency: 0.000083
Epoch 355/500: Train Loss = 0.000481, Val Loss = 0.000273, LR = 2.50e-04

预训练:   0%|          | 0/12 [00:00<?, ?it/s]
预训练:  42%|████▏     | 5/12 [00:00<00:00, 48.57it/s]
预训练: 100%|██████████| 12/12 [00:00<00:00, 67.06it/s]
  [损失分解] Pred: 0.000303, Latent: 0.000096, Consistency: 0.000083
Epoch 356/500: Train Loss = 0.000483, Val Loss = 0.000271, LR = 2.50e-04

预训练:   0%|          | 0/12 [00:00<?, ?it/s]
预训练:  33%|███▎      | 4/12 [00:00<00:00, 38.58it/s]
预训练: 100%|██████████| 12/12 [00:00<00:00, 58.94it/s]
  [损失分解] Pred: 0.000302, Latent: 0.000095, Consistency: 0.000083
Epoch 357/500: Train Loss = 0.000479, Val Loss = 0.000272, LR = 2.50e-04

预训练:   0%|          | 0/12 [00:00<?, ?it/s]
预训练:  50%|█████     | 6/12 [00:00<00:00, 58.21it/s]
预训练: 100%|██████████| 12/12 [00:00<00:00, 71.54it/s]
  [损失分解] Pred: 0.000303, Latent: 0.000096, Consistency: 0.000083
Epoch 358/500: Train Loss = 0.000482, Val Loss = 0.000270, LR = 2.50e-04

预训练:   0%|          | 0/12 [00:00<?, ?it/s]
预训练:  42%|████▏     | 5/12 [00:00<00:00, 49.04it/s]
预训练: 100%|██████████| 12/12 [00:00<00:00, 66.30it/s]
  [损失分解] Pred: 0.000302, Latent: 0.000095, Consistency: 0.000083
Epoch 359/500: Train Loss = 0.000480, Val Loss = 0.000269, LR = 2.50e-04

预训练:   0%|          | 0/12 [00:00<?, ?it/s]
预训练:  17%|█▋        | 2/12 [00:00<00:00, 19.83it/s]
预训练:  75%|███████▌  | 9/12 [00:00<00:00, 42.00it/s]
预训练: 100%|██████████| 12/12 [00:00<00:00, 41.92it/s]
  [损失分解] Pred: 0.000302, Latent: 0.000095, Consistency: 0.000083
Epoch 360/500: Train Loss = 0.000480, Val Loss = 0.000269, LR = 2.50e-04

预训练:   0%|          | 0/12 [00:00<?, ?it/s]
预训练:  25%|██▌       | 3/12 [00:00<00:00, 27.86it/s]
预训练:  83%|████████▎ | 10/12 [00:00<00:00, 48.44it/s]
预训练: 100%|██████████| 12/12 [00:00<00:00, 48.93it/s]
  [损失分解] Pred: 0.000302, Latent: 0.000096, Consistency: 0.000083
Epoch 361/500: Train Loss = 0.000481, Val Loss = 0.000271, LR = 2.50e-04

预训练:   0%|          | 0/12 [00:00<?, ?it/s]
预训练:  25%|██▌       | 3/12 [00:00<00:00, 25.89it/s]
预训练:  83%|████████▎ | 10/12 [00:00<00:00, 47.03it/s]
预训练: 100%|██████████| 12/12 [00:00<00:00, 47.12it/s]
  [损失分解] Pred: 0.000303, Latent: 0.000096, Consistency: 0.000083
Epoch 362/500: Train Loss = 0.000481, Val Loss = 0.000271, LR = 2.50e-04

预训练:   0%|          | 0/12 [00:00<?, ?it/s]
预训练:  25%|██▌       | 3/12 [00:00<00:00, 28.17it/s]
预训练:  58%|█████▊    | 7/12 [00:00<00:00, 32.48it/s]
预训练: 100%|██████████| 12/12 [00:00<00:00, 39.43it/s]
  [损失分解] Pred: 0.000303, Latent: 0.000096, Consistency: 0.000083
Epoch 363/500: Train Loss = 0.000481, Val Loss = 0.000272, LR = 2.50e-04

预训练:   0%|          | 0/12 [00:00<?, ?it/s]
预训练:  25%|██▌       | 3/12 [00:00<00:00, 27.26it/s]
预训练:  67%|██████▋   | 8/12 [00:00<00:00, 35.03it/s]
预训练: 100%|██████████| 12/12 [00:00<00:00, 40.51it/s]
  [损失分解] Pred: 0.000304, Latent: 0.000096, Consistency: 0.000083
Epoch 364/500: Train Loss = 0.000483, Val Loss = 0.000272, LR = 2.50e-04

预训练:   0%|          | 0/12 [00:00<?, ?it/s]
预训练:  25%|██▌       | 3/12 [00:00<00:00, 26.57it/s]
预训练:  75%|███████▌  | 9/12 [00:00<00:00, 41.03it/s]
预训练: 100%|██████████| 12/12 [00:00<00:00, 41.45it/s]
  [损失分解] Pred: 0.000302, Latent: 0.000096, Consistency: 0.000083
Epoch 365/500: Train Loss = 0.000481, Val Loss = 0.000270, LR = 2.50e-04

预训练:   0%|          | 0/12 [00:00<?, ?it/s]
预训练:  25%|██▌       | 3/12 [00:00<00:00, 25.33it/s]
预训练:  83%|████████▎ | 10/12 [00:00<00:00, 45.70it/s]
预训练: 100%|██████████| 12/12 [00:00<00:00, 46.30it/s]
  [损失分解] Pred: 0.000301, Latent: 0.000095, Consistency: 0.000083
Epoch 366/500: Train Loss = 0.000479, Val Loss = 0.000270, LR = 2.50e-04

预训练:   0%|          | 0/12 [00:00<?, ?it/s]
预训练:  25%|██▌       | 3/12 [00:00<00:00, 29.55it/s]
预训练:  75%|███████▌  | 9/12 [00:00<00:00, 44.98it/s]
预训练: 100%|██████████| 12/12 [00:00<00:00, 47.19it/s]
  [损失分解] Pred: 0.000301, Latent: 0.000095, Consistency: 0.000082
Epoch 367/500: Train Loss = 0.000478, Val Loss = 0.000271, LR = 2.50e-04

预训练:   0%|          | 0/12 [00:00<?, ?it/s]
预训练:  25%|██▌       | 3/12 [00:00<00:00, 25.99it/s]
预训练:  75%|███████▌  | 9/12 [00:00<00:00, 42.95it/s]
预训练: 100%|██████████| 12/12 [00:00<00:00, 45.31it/s]
  [损失分解] Pred: 0.000303, Latent: 0.000096, Consistency: 0.000083
Epoch 368/500: Train Loss = 0.000482, Val Loss = 0.000269, LR = 2.50e-04

预训练:   0%|          | 0/12 [00:00<?, ?it/s]
预训练:  17%|█▋        | 2/12 [00:00<00:00, 18.78it/s]
预训练:  42%|████▏     | 5/12 [00:00<00:00, 25.16it/s]
预训练:  83%|████████▎ | 10/12 [00:00<00:00, 33.83it/s]
预训练: 100%|██████████| 12/12 [00:00<00:00, 32.65it/s]
  [损失分解] Pred: 0.000304, Latent: 0.000096, Consistency: 0.000083
Epoch 369/500: Train Loss = 0.000482, Val Loss = 0.000272, LR = 2.50e-04

预训练:   0%|          | 0/12 [00:00<?, ?it/s]
预训练:  17%|█▋        | 2/12 [00:00<00:00, 17.25it/s]
预训练:  67%|██████▋   | 8/12 [00:00<00:00, 38.44it/s]
预训练: 100%|██████████| 12/12 [00:00<00:00, 37.96it/s]
  [损失分解] Pred: 0.000304, Latent: 0.000096, Consistency: 0.000083
Epoch 370/500: Train Loss = 0.000482, Val Loss = 0.000271, LR = 2.50e-04

预训练:   0%|          | 0/12 [00:00<?, ?it/s]
预训练:  25%|██▌       | 3/12 [00:00<00:00, 26.82it/s]
预训练:  67%|██████▋   | 8/12 [00:00<00:00, 38.57it/s]
预训练: 100%|██████████| 12/12 [00:00<00:00, 43.21it/s]
  [损失分解] Pred: 0.000305, Latent: 0.000096, Consistency: 0.000083
  >>> 学习率降低: 2.50e-04 -> 1.25e-04
Epoch 371/500: Train Loss = 0.000484, Val Loss = 0.000270, LR = 1.25e-04

预训练:   0%|          | 0/12 [00:00<?, ?it/s]
预训练:  25%|██▌       | 3/12 [00:00<00:00, 25.16it/s]
预训练:  75%|███████▌  | 9/12 [00:00<00:00, 43.32it/s]
预训练: 100%|██████████| 12/12 [00:00<00:00, 44.22it/s]
  [损失分解] Pred: 0.000298, Latent: 0.000094, Consistency: 0.000082
Epoch 372/500: Train Loss = 0.000474, Val Loss = 0.000269, LR = 1.25e-04

预训练:   0%|          | 0/12 [00:00<?, ?it/s]
预训练:  25%|██▌       | 3/12 [00:00<00:00, 26.27it/s]
预训练:  67%|██████▋   | 8/12 [00:00<00:00, 37.76it/s]
预训练: 100%|██████████| 12/12 [00:00<00:00, 42.99it/s]
  [损失分解] Pred: 0.000299, Latent: 0.000095, Consistency: 0.000082
Epoch 373/500: Train Loss = 0.000476, Val Loss = 0.000269, LR = 1.25e-04

预训练:   0%|          | 0/12 [00:00<?, ?it/s]
预训练:   8%|▊         | 1/12 [00:00<00:01,  8.62it/s]
预训练:  50%|█████     | 6/12 [00:00<00:00, 30.95it/s]
预训练: 100%|██████████| 12/12 [00:00<00:00, 39.30it/s]
预训练: 100%|██████████| 12/12 [00:00<00:00, 34.86it/s]
  [损失分解] Pred: 0.000300, Latent: 0.000095, Consistency: 0.000082
Epoch 374/500: Train Loss = 0.000477, Val Loss = 0.000269, LR = 1.25e-04

预训练:   0%|          | 0/12 [00:00<?, ?it/s]
预训练:  17%|█▋        | 2/12 [00:00<00:00, 18.72it/s]
预训练:  58%|█████▊    | 7/12 [00:00<00:00, 35.53it/s]
预训练: 100%|██████████| 12/12 [00:00<00:00, 41.46it/s]
  [损失分解] Pred: 0.000300, Latent: 0.000095, Consistency: 0.000082
Epoch 375/500: Train Loss = 0.000477, Val Loss = 0.000269, LR = 1.25e-04

预训练:   0%|          | 0/12 [00:00<?, ?it/s]
预训练:  17%|█▋        | 2/12 [00:00<00:00, 17.24it/s]
预训练:  58%|█████▊    | 7/12 [00:00<00:00, 32.58it/s]
预训练: 100%|██████████| 12/12 [00:00<00:00, 36.33it/s]
  [损失分解] Pred: 0.000300, Latent: 0.000095, Consistency: 0.000082
Epoch 376/500: Train Loss = 0.000477, Val Loss = 0.000269, LR = 1.25e-04

预训练:   0%|          | 0/12 [00:00<?, ?it/s]
预训练:  33%|███▎      | 4/12 [00:00<00:00, 31.10it/s]
预训练:  83%|████████▎ | 10/12 [00:00<00:00, 41.97it/s]
预训练: 100%|██████████| 12/12 [00:00<00:00, 41.96it/s]
  [损失分解] Pred: 0.000300, Latent: 0.000095, Consistency: 0.000082
Epoch 377/500: Train Loss = 0.000477, Val Loss = 0.000268, LR = 1.25e-04

预训练:   0%|          | 0/12 [00:00<?, ?it/s]
预训练:  17%|█▋        | 2/12 [00:00<00:00, 14.01it/s]
预训练:  58%|█████▊    | 7/12 [00:00<00:00, 29.35it/s]
预训练: 100%|██████████| 12/12 [00:00<00:00, 35.09it/s]
  [损失分解] Pred: 0.000300, Latent: 0.000095, Consistency: 0.000082
Epoch 378/500: Train Loss = 0.000478, Val Loss = 0.000269, LR = 1.25e-04

预训练:   0%|          | 0/12 [00:00<?, ?it/s]
预训练:  25%|██▌       | 3/12 [00:00<00:00, 24.72it/s]
预训练:  75%|███████▌  | 9/12 [00:00<00:00, 41.39it/s]
预训练: 100%|██████████| 12/12 [00:00<00:00, 41.87it/s]
  [损失分解] Pred: 0.000301, Latent: 0.000095, Consistency: 0.000083
Epoch 379/500: Train Loss = 0.000478, Val Loss = 0.000269, LR = 1.25e-04

预训练:   0%|          | 0/12 [00:00<?, ?it/s]
预训练:  25%|██▌       | 3/12 [00:00<00:00, 28.38it/s]
预训练:  75%|███████▌  | 9/12 [00:00<00:00, 43.74it/s]
预训练: 100%|██████████| 12/12 [00:00<00:00, 45.37it/s]
  [损失分解] Pred: 0.000300, Latent: 0.000095, Consistency: 0.000082
Epoch 380/500: Train Loss = 0.000476, Val Loss = 0.000269, LR = 1.25e-04

预训练:   0%|          | 0/12 [00:00<?, ?it/s]
预训练:  25%|██▌       | 3/12 [00:00<00:00, 25.54it/s]
预训练:  67%|██████▋   | 8/12 [00:00<00:00, 34.41it/s]
预训练: 100%|██████████| 12/12 [00:00<00:00, 36.40it/s]
  [损失分解] Pred: 0.000302, Latent: 0.000095, Consistency: 0.000082
Epoch 381/500: Train Loss = 0.000479, Val Loss = 0.000268, LR = 1.25e-04

预训练:   0%|          | 0/12 [00:00<?, ?it/s]
预训练:  17%|█▋        | 2/12 [00:00<00:00, 19.27it/s]
预训练:  58%|█████▊    | 7/12 [00:00<00:00, 35.12it/s]
预训练: 100%|██████████| 12/12 [00:00<00:00, 40.32it/s]
  [损失分解] Pred: 0.000300, Latent: 0.000095, Consistency: 0.000082
Epoch 382/500: Train Loss = 0.000476, Val Loss = 0.000268, LR = 1.25e-04

预训练:   0%|          | 0/12 [00:00<?, ?it/s]
预训练:  25%|██▌       | 3/12 [00:00<00:00, 24.20it/s]
预训练:  75%|███████▌  | 9/12 [00:00<00:00, 41.31it/s]
预训练: 100%|██████████| 12/12 [00:00<00:00, 40.51it/s]
  [损失分解] Pred: 0.000301, Latent: 0.000095, Consistency: 0.000082
Epoch 383/500: Train Loss = 0.000478, Val Loss = 0.000269, LR = 1.25e-04

预训练:   0%|          | 0/12 [00:00<?, ?it/s]
预训练:  25%|██▌       | 3/12 [00:00<00:00, 28.18it/s]
预训练:  75%|███████▌  | 9/12 [00:00<00:00, 43.55it/s]
预训练: 100%|██████████| 12/12 [00:00<00:00, 43.81it/s]
  [损失分解] Pred: 0.000299, Latent: 0.000095, Consistency: 0.000082
Epoch 384/500: Train Loss = 0.000476, Val Loss = 0.000268, LR = 1.25e-04

预训练:   0%|          | 0/12 [00:00<?, ?it/s]
预训练:   8%|▊         | 1/12 [00:00<00:01,  9.99it/s]
预训练:  50%|█████     | 6/12 [00:00<00:00, 29.90it/s]
预训练: 100%|██████████| 12/12 [00:00<00:00, 37.50it/s]
  [损失分解] Pred: 0.000299, Latent: 0.000094, Consistency: 0.000082
Epoch 385/500: Train Loss = 0.000475, Val Loss = 0.000268, LR = 1.25e-04

预训练:   0%|          | 0/12 [00:00<?, ?it/s]
预训练:  17%|█▋        | 2/12 [00:00<00:00, 18.61it/s]
预训练:  58%|█████▊    | 7/12 [00:00<00:00, 35.40it/s]
预训练: 100%|██████████| 12/12 [00:00<00:00, 41.81it/s]
  [损失分解] Pred: 0.000300, Latent: 0.000095, Consistency: 0.000082
Epoch 386/500: Train Loss = 0.000477, Val Loss = 0.000271, LR = 1.25e-04

预训练:   0%|          | 0/12 [00:00<?, ?it/s]
预训练:   8%|▊         | 1/12 [00:00<00:01,  6.76it/s]
预训练:  50%|█████     | 6/12 [00:00<00:00, 25.64it/s]
预训练: 100%|██████████| 12/12 [00:00<00:00, 33.43it/s]
  [损失分解] Pred: 0.000300, Latent: 0.000094, Consistency: 0.000082
Epoch 387/500: Train Loss = 0.000477, Val Loss = 0.000269, LR = 1.25e-04

预训练:   0%|          | 0/12 [00:00<?, ?it/s]
预训练:  17%|█▋        | 2/12 [00:00<00:00, 18.38it/s]
预训练:  75%|███████▌  | 9/12 [00:00<00:00, 42.10it/s]
预训练: 100%|██████████| 12/12 [00:00<00:00, 41.84it/s]
  [损失分解] Pred: 0.000302, Latent: 0.000095, Consistency: 0.000082
Epoch 388/500: Train Loss = 0.000479, Val Loss = 0.000270, LR = 1.25e-04

预训练:   0%|          | 0/12 [00:00<?, ?it/s]
预训练:  25%|██▌       | 3/12 [00:00<00:00, 25.52it/s]
预训练:  75%|███████▌  | 9/12 [00:00<00:00, 42.74it/s]
预训练: 100%|██████████| 12/12 [00:00<00:00, 43.20it/s]
  [损失分解] Pred: 0.000302, Latent: 0.000095, Consistency: 0.000083
Epoch 389/500: Train Loss = 0.000480, Val Loss = 0.000268, LR = 1.25e-04

预训练:   0%|          | 0/12 [00:00<?, ?it/s]
预训练:  17%|█▋        | 2/12 [00:00<00:00, 19.35it/s]
预训练:  58%|█████▊    | 7/12 [00:00<00:00, 35.68it/s]
预训练: 100%|██████████| 12/12 [00:00<00:00, 42.93it/s]
  [损失分解] Pred: 0.000301, Latent: 0.000095, Consistency: 0.000082
Epoch 390/500: Train Loss = 0.000478, Val Loss = 0.000269, LR = 1.25e-04

预训练:   0%|          | 0/12 [00:00<?, ?it/s]
预训练:  17%|█▋        | 2/12 [00:00<00:00, 17.27it/s]
预训练:  58%|█████▊    | 7/12 [00:00<00:00, 32.79it/s]
预训练: 100%|██████████| 12/12 [00:00<00:00, 37.93it/s]
  [损失分解] Pred: 0.000300, Latent: 0.000095, Consistency: 0.000082
Epoch 391/500: Train Loss = 0.000477, Val Loss = 0.000268, LR = 1.25e-04

预训练:   0%|          | 0/12 [00:00<?, ?it/s]
预训练:  25%|██▌       | 3/12 [00:00<00:00, 28.53it/s]
预训练:  67%|██████▋   | 8/12 [00:00<00:00, 39.74it/s]
预训练: 100%|██████████| 12/12 [00:00<00:00, 41.98it/s]
  [损失分解] Pred: 0.000301, Latent: 0.000095, Consistency: 0.000082
Epoch 392/500: Train Loss = 0.000478, Val Loss = 0.000269, LR = 1.25e-04

预训练:   0%|          | 0/12 [00:00<?, ?it/s]
预训练:  17%|█▋        | 2/12 [00:00<00:00, 17.07it/s]
预训练:  58%|█████▊    | 7/12 [00:00<00:00, 33.58it/s]
预训练: 100%|██████████| 12/12 [00:00<00:00, 39.75it/s]
  [损失分解] Pred: 0.000298, Latent: 0.000094, Consistency: 0.000082
Epoch 393/500: Train Loss = 0.000474, Val Loss = 0.000269, LR = 1.25e-04

预训练:   0%|          | 0/12 [00:00<?, ?it/s]
预训练:  17%|█▋        | 2/12 [00:00<00:00, 19.67it/s]
预训练:  67%|██████▋   | 8/12 [00:00<00:00, 42.27it/s]
预训练: 100%|██████████| 12/12 [00:00<00:00, 44.85it/s]
  [损失分解] Pred: 0.000299, Latent: 0.000094, Consistency: 0.000082
Epoch 394/500: Train Loss = 0.000475, Val Loss = 0.000268, LR = 1.25e-04

预训练:   0%|          | 0/12 [00:00<?, ?it/s]
预训练:  17%|█▋        | 2/12 [00:00<00:00, 17.10it/s]
预训练:  75%|███████▌  | 9/12 [00:00<00:00, 42.65it/s]
预训练: 100%|██████████| 12/12 [00:00<00:00, 42.94it/s]
  [损失分解] Pred: 0.000299, Latent: 0.000095, Consistency: 0.000082
  >>> 学习率降低: 1.25e-04 -> 6.25e-05
Epoch 395/500: Train Loss = 0.000476, Val Loss = 0.000269, LR = 6.25e-05

预训练:   0%|          | 0/12 [00:00<?, ?it/s]
预训练:   8%|▊         | 1/12 [00:00<00:01,  7.85it/s]
预训练:  50%|█████     | 6/12 [00:00<00:00, 29.26it/s]
预训练: 100%|██████████| 12/12 [00:00<00:00, 37.85it/s]
  [损失分解] Pred: 0.000299, Latent: 0.000094, Consistency: 0.000082
Epoch 396/500: Train Loss = 0.000475, Val Loss = 0.000267, LR = 6.25e-05

预训练:   0%|          | 0/12 [00:00<?, ?it/s]
预训练:  17%|█▋        | 2/12 [00:00<00:00, 17.07it/s]
预训练:  58%|█████▊    | 7/12 [00:00<00:00, 34.53it/s]
预训练: 100%|██████████| 12/12 [00:00<00:00, 39.25it/s]
  [损失分解] Pred: 0.000298, Latent: 0.000094, Consistency: 0.000082
Epoch 397/500: Train Loss = 0.000474, Val Loss = 0.000268, LR = 6.25e-05

预训练:   0%|          | 0/12 [00:00<?, ?it/s]
预训练:  17%|█▋        | 2/12 [00:00<00:00, 17.85it/s]
预训练:  58%|█████▊    | 7/12 [00:00<00:00, 33.03it/s]
预训练: 100%|██████████| 12/12 [00:00<00:00, 36.66it/s]
  [损失分解] Pred: 0.000299, Latent: 0.000094, Consistency: 0.000082
Epoch 398/500: Train Loss = 0.000475, Val Loss = 0.000268, LR = 6.25e-05

预训练:   0%|          | 0/12 [00:00<?, ?it/s]
预训练:  17%|█▋        | 2/12 [00:00<00:00, 16.50it/s]
预训练:  67%|██████▋   | 8/12 [00:00<00:00, 38.54it/s]
预训练: 100%|██████████| 12/12 [00:00<00:00, 43.21it/s]
  [损失分解] Pred: 0.000298, Latent: 0.000094, Consistency: 0.000082
Epoch 399/500: Train Loss = 0.000474, Val Loss = 0.000268, LR = 6.25e-05

预训练:   0%|          | 0/12 [00:00<?, ?it/s]
预训练:   8%|▊         | 1/12 [00:00<00:01,  8.09it/s]
预训练:  58%|█████▊    | 7/12 [00:00<00:00, 35.65it/s]
预训练: 100%|██████████| 12/12 [00:00<00:00, 38.72it/s]
  [损失分解] Pred: 0.000299, Latent: 0.000094, Consistency: 0.000082
Epoch 400/500: Train Loss = 0.000475, Val Loss = 0.000268, LR = 6.25e-05

预训练:   0%|          | 0/12 [00:00<?, ?it/s]
预训练:  25%|██▌       | 3/12 [00:00<00:00, 28.77it/s]
预训练:  75%|███████▌  | 9/12 [00:00<00:00, 46.02it/s]
预训练: 100%|██████████| 12/12 [00:00<00:00, 48.77it/s]
  [损失分解] Pred: 0.000299, Latent: 0.000094, Consistency: 0.000082
Epoch 401/500: Train Loss = 0.000474, Val Loss = 0.000268, LR = 6.25e-05

预训练:   0%|          | 0/12 [00:00<?, ?it/s]
预训练:  17%|█▋        | 2/12 [00:00<00:00, 15.99it/s]
预训练:  75%|███████▌  | 9/12 [00:00<00:00, 42.06it/s]
预训练: 100%|██████████| 12/12 [00:00<00:00, 41.99it/s]
  [损失分解] Pred: 0.000297, Latent: 0.000094, Consistency: 0.000081
Epoch 402/500: Train Loss = 0.000472, Val Loss = 0.000270, LR = 6.25e-05

预训练:   0%|          | 0/12 [00:00<?, ?it/s]
预训练:  17%|█▋        | 2/12 [00:00<00:00, 19.68it/s]
预训练:  67%|██████▋   | 8/12 [00:00<00:00, 40.27it/s]
预训练: 100%|██████████| 12/12 [00:00<00:00, 44.69it/s]
  [损失分解] Pred: 0.000301, Latent: 0.000095, Consistency: 0.000082
Epoch 403/500: Train Loss = 0.000478, Val Loss = 0.000267, LR = 6.25e-05

预训练:   0%|          | 0/12 [00:00<?, ?it/s]
预训练:  17%|█▋        | 2/12 [00:00<00:00, 16.69it/s]
预训练:  50%|█████     | 6/12 [00:00<00:00, 28.85it/s]
预训练: 100%|██████████| 12/12 [00:00<00:00, 38.12it/s]
  [损失分解] Pred: 0.000298, Latent: 0.000094, Consistency: 0.000081
Epoch 404/500: Train Loss = 0.000473, Val Loss = 0.000267, LR = 6.25e-05

预训练:   0%|          | 0/12 [00:00<?, ?it/s]
预训练:  25%|██▌       | 3/12 [00:00<00:00, 24.96it/s]
预训练:  75%|███████▌  | 9/12 [00:00<00:00, 43.48it/s]
预训练: 100%|██████████| 12/12 [00:00<00:00, 45.37it/s]
  [损失分解] Pred: 0.000298, Latent: 0.000094, Consistency: 0.000082
Epoch 405/500: Train Loss = 0.000474, Val Loss = 0.000268, LR = 6.25e-05

预训练:   0%|          | 0/12 [00:00<?, ?it/s]
预训练:  25%|██▌       | 3/12 [00:00<00:00, 26.39it/s]
预训练:  75%|███████▌  | 9/12 [00:00<00:00, 42.73it/s]
预训练: 100%|██████████| 12/12 [00:00<00:00, 44.21it/s]
  [损失分解] Pred: 0.000299, Latent: 0.000094, Consistency: 0.000082
Epoch 406/500: Train Loss = 0.000475, Val Loss = 0.000267, LR = 6.25e-05

预训练:   0%|          | 0/12 [00:00<?, ?it/s]
预训练:  25%|██▌       | 3/12 [00:00<00:00, 24.33it/s]
预训练:  75%|███████▌  | 9/12 [00:00<00:00, 40.34it/s]
预训练: 100%|██████████| 12/12 [00:00<00:00, 40.59it/s]
  [损失分解] Pred: 0.000299, Latent: 0.000094, Consistency: 0.000082
Epoch 407/500: Train Loss = 0.000475, Val Loss = 0.000268, LR = 6.25e-05

预训练:   0%|          | 0/12 [00:00<?, ?it/s]
预训练:  25%|██▌       | 3/12 [00:00<00:00, 26.61it/s]
预训练:  67%|██████▋   | 8/12 [00:00<00:00, 38.61it/s]
预训练: 100%|██████████| 12/12 [00:00<00:00, 42.04it/s]
  [损失分解] Pred: 0.000300, Latent: 0.000094, Consistency: 0.000082
Epoch 408/500: Train Loss = 0.000476, Val Loss = 0.000268, LR = 6.25e-05

预训练:   0%|          | 0/12 [00:00<?, ?it/s]
预训练:   8%|▊         | 1/12 [00:00<00:01,  8.27it/s]
预训练:  50%|█████     | 6/12 [00:00<00:00, 27.84it/s]
预训练:  92%|█████████▏| 11/12 [00:00<00:00, 35.34it/s]
预训练: 100%|██████████| 12/12 [00:00<00:00, 32.55it/s]
  [损失分解] Pred: 0.000301, Latent: 0.000094, Consistency: 0.000082
Epoch 409/500: Train Loss = 0.000477, Val Loss = 0.000267, LR = 6.25e-05

预训练:   0%|          | 0/12 [00:00<?, ?it/s]
预训练:  17%|█▋        | 2/12 [00:00<00:00, 18.80it/s]
预训练:  58%|█████▊    | 7/12 [00:00<00:00, 36.27it/s]
预训练: 100%|██████████| 12/12 [00:00<00:00, 41.20it/s]
预训练: 100%|██████████| 12/12 [00:00<00:00, 38.10it/s]
  [损失分解] Pred: 0.000298, Latent: 0.000094, Consistency: 0.000082
Epoch 410/500: Train Loss = 0.000474, Val Loss = 0.000267, LR = 6.25e-05

预训练:   0%|          | 0/12 [00:00<?, ?it/s]
预训练:  25%|██▌       | 3/12 [00:00<00:00, 27.35it/s]
预训练:  75%|███████▌  | 9/12 [00:00<00:00, 43.79it/s]
预训练: 100%|██████████| 12/12 [00:00<00:00, 45.27it/s]
  [损失分解] Pred: 0.000298, Latent: 0.000094, Consistency: 0.000081
Epoch 411/500: Train Loss = 0.000474, Val Loss = 0.000267, LR = 6.25e-05

预训练:   0%|          | 0/12 [00:00<?, ?it/s]
预训练:  17%|█▋        | 2/12 [00:00<00:00, 18.59it/s]
预训练:  58%|█████▊    | 7/12 [00:00<00:00, 33.50it/s]
预训练: 100%|██████████| 12/12 [00:00<00:00, 37.28it/s]
  [损失分解] Pred: 0.000300, Latent: 0.000095, Consistency: 0.000082
Epoch 412/500: Train Loss = 0.000476, Val Loss = 0.000267, LR = 6.25e-05

预训练:   0%|          | 0/12 [00:00<?, ?it/s]
预训练:  25%|██▌       | 3/12 [00:00<00:00, 26.73it/s]
预训练:  67%|██████▋   | 8/12 [00:00<00:00, 38.98it/s]
预训练: 100%|██████████| 12/12 [00:00<00:00, 44.15it/s]
  [损失分解] Pred: 0.000298, Latent: 0.000094, Consistency: 0.000082
Epoch 413/500: Train Loss = 0.000474, Val Loss = 0.000268, LR = 6.25e-05

预训练:   0%|          | 0/12 [00:00<?, ?it/s]
预训练:   8%|▊         | 1/12 [00:00<00:01,  7.24it/s]
预训练:  58%|█████▊    | 7/12 [00:00<00:00, 31.71it/s]
预训练: 100%|██████████| 12/12 [00:00<00:00, 36.77it/s]
  [损失分解] Pred: 0.000297, Latent: 0.000094, Consistency: 0.000081
Epoch 414/500: Train Loss = 0.000472, Val Loss = 0.000268, LR = 6.25e-05

预训练:   0%|          | 0/12 [00:00<?, ?it/s]
预训练:  17%|█▋        | 2/12 [00:00<00:00, 18.72it/s]
预训练:  58%|█████▊    | 7/12 [00:00<00:00, 34.86it/s]
预训练: 100%|██████████| 12/12 [00:00<00:00, 41.83it/s]
  [损失分解] Pred: 0.000299, Latent: 0.000094, Consistency: 0.000082
Epoch 415/500: Train Loss = 0.000475, Val Loss = 0.000267, LR = 6.25e-05

预训练:   0%|          | 0/12 [00:00<?, ?it/s]
预训练:   8%|▊         | 1/12 [00:00<00:01,  8.43it/s]
预训练:  50%|█████     | 6/12 [00:00<00:00, 29.10it/s]
预训练: 100%|██████████| 12/12 [00:00<00:00, 37.16it/s]
  [损失分解] Pred: 0.000299, Latent: 0.000094, Consistency: 0.000082
Epoch 416/500: Train Loss = 0.000475, Val Loss = 0.000267, LR = 6.25e-05

预训练:   0%|          | 0/12 [00:00<?, ?it/s]
预训练:  25%|██▌       | 3/12 [00:00<00:00, 25.73it/s]
预训练:  75%|███████▌  | 9/12 [00:00<00:00, 43.58it/s]
预训练: 100%|██████████| 12/12 [00:00<00:00, 43.30it/s]
  [损失分解] Pred: 0.000301, Latent: 0.000095, Consistency: 0.000082
Epoch 417/500: Train Loss = 0.000478, Val Loss = 0.000268, LR = 6.25e-05

预训练:   0%|          | 0/12 [00:00<?, ?it/s]
预训练:  17%|█▋        | 2/12 [00:00<00:00, 19.24it/s]
预训练:  58%|█████▊    | 7/12 [00:00<00:00, 32.83it/s]
预训练: 100%|██████████| 12/12 [00:00<00:00, 38.18it/s]
  [损失分解] Pred: 0.000298, Latent: 0.000094, Consistency: 0.000082
Epoch 418/500: Train Loss = 0.000474, Val Loss = 0.000267, LR = 6.25e-05

预训练:   0%|          | 0/12 [00:00<?, ?it/s]
预训练:  17%|█▋        | 2/12 [00:00<00:00, 17.29it/s]
预训练:  67%|██████▋   | 8/12 [00:00<00:00, 40.11it/s]
预训练: 100%|██████████| 12/12 [00:00<00:00, 44.56it/s]
  [损失分解] Pred: 0.000297, Latent: 0.000094, Consistency: 0.000082
Epoch 419/500: Train Loss = 0.000472, Val Loss = 0.000268, LR = 6.25e-05

预训练:   0%|          | 0/12 [00:00<?, ?it/s]
预训练:  25%|██▌       | 3/12 [00:00<00:00, 24.54it/s]
预训练:  58%|█████▊    | 7/12 [00:00<00:00, 31.40it/s]
预训练: 100%|██████████| 12/12 [00:00<00:00, 37.62it/s]
预训练: 100%|██████████| 12/12 [00:00<00:00, 35.15it/s]
  [损失分解] Pred: 0.000297, Latent: 0.000094, Consistency: 0.000082
Epoch 420/500: Train Loss = 0.000473, Val Loss = 0.000268, LR = 6.25e-05

预训练:   0%|          | 0/12 [00:00<?, ?it/s]
预训练:   8%|▊         | 1/12 [00:00<00:01,  8.50it/s]
预训练:  50%|█████     | 6/12 [00:00<00:00, 28.74it/s]
预训练:  92%|█████████▏| 11/12 [00:00<00:00, 34.50it/s]
预训练: 100%|██████████| 12/12 [00:00<00:00, 32.30it/s]
  [损失分解] Pred: 0.000298, Latent: 0.000094, Consistency: 0.000082
Epoch 421/500: Train Loss = 0.000474, Val Loss = 0.000268, LR = 6.25e-05

预训练:   0%|          | 0/12 [00:00<?, ?it/s]
预训练:   8%|▊         | 1/12 [00:00<00:01,  9.81it/s]
预训练:  42%|████▏     | 5/12 [00:00<00:00, 27.34it/s]
预训练:  92%|█████████▏| 11/12 [00:00<00:00, 39.10it/s]
预训练: 100%|██████████| 12/12 [00:00<00:00, 35.17it/s]
  [损失分解] Pred: 0.000297, Latent: 0.000094, Consistency: 0.000081
Epoch 422/500: Train Loss = 0.000472, Val Loss = 0.000267, LR = 6.25e-05

预训练:   0%|          | 0/12 [00:00<?, ?it/s]
预训练:   8%|▊         | 1/12 [00:00<00:01,  8.54it/s]
预训练:  58%|█████▊    | 7/12 [00:00<00:00, 33.69it/s]
预训练: 100%|██████████| 12/12 [00:00<00:00, 41.32it/s]
  [损失分解] Pred: 0.000297, Latent: 0.000094, Consistency: 0.000082
Epoch 423/500: Train Loss = 0.000473, Val Loss = 0.000267, LR = 6.25e-05

预训练:   0%|          | 0/12 [00:00<?, ?it/s]
预训练:  25%|██▌       | 3/12 [00:00<00:00, 29.57it/s]
预训练:  83%|████████▎ | 10/12 [00:00<00:00, 49.84it/s]
预训练: 100%|██████████| 12/12 [00:00<00:00, 48.67it/s]
  [损失分解] Pred: 0.000299, Latent: 0.000094, Consistency: 0.000082
Epoch 424/500: Train Loss = 0.000475, Val Loss = 0.000267, LR = 6.25e-05

预训练:   0%|          | 0/12 [00:00<?, ?it/s]
预训练:  25%|██▌       | 3/12 [00:00<00:00, 25.97it/s]
预训练:  75%|███████▌  | 9/12 [00:00<00:00, 40.97it/s]
预训练: 100%|██████████| 12/12 [00:00<00:00, 41.30it/s]
  [损失分解] Pred: 0.000299, Latent: 0.000094, Consistency: 0.000082
Epoch 425/500: Train Loss = 0.000475, Val Loss = 0.000267, LR = 6.25e-05

预训练:   0%|          | 0/12 [00:00<?, ?it/s]
预训练:  17%|█▋        | 2/12 [00:00<00:00, 19.78it/s]
预训练:  67%|██████▋   | 8/12 [00:00<00:00, 40.39it/s]
预训练: 100%|██████████| 12/12 [00:00<00:00, 46.30it/s]
  [损失分解] Pred: 0.000297, Latent: 0.000094, Consistency: 0.000081
Epoch 426/500: Train Loss = 0.000472, Val Loss = 0.000267, LR = 6.25e-05

预训练:   0%|          | 0/12 [00:00<?, ?it/s]
预训练:  17%|█▋        | 2/12 [00:00<00:00, 15.32it/s]
预训练:  83%|████████▎ | 10/12 [00:00<00:00, 46.94it/s]
预训练: 100%|██████████| 12/12 [00:00<00:00, 46.27it/s]
  [损失分解] Pred: 0.000296, Latent: 0.000093, Consistency: 0.000081
Epoch 427/500: Train Loss = 0.000471, Val Loss = 0.000267, LR = 6.25e-05

预训练:   0%|          | 0/12 [00:00<?, ?it/s]
预训练:  33%|███▎      | 4/12 [00:00<00:00, 39.30it/s]
预训练: 100%|██████████| 12/12 [00:00<00:00, 61.74it/s]
  [损失分解] Pred: 0.000298, Latent: 0.000094, Consistency: 0.000082
Epoch 428/500: Train Loss = 0.000474, Val Loss = 0.000267, LR = 6.25e-05

预训练:   0%|          | 0/12 [00:00<?, ?it/s]
预训练:  25%|██▌       | 3/12 [00:00<00:00, 26.73it/s]
预训练:  92%|█████████▏| 11/12 [00:00<00:00, 55.05it/s]
预训练: 100%|██████████| 12/12 [00:00<00:00, 52.47it/s]
  [损失分解] Pred: 0.000297, Latent: 0.000094, Consistency: 0.000081
Epoch 429/500: Train Loss = 0.000473, Val Loss = 0.000268, LR = 6.25e-05

预训练:   0%|          | 0/12 [00:00<?, ?it/s]
预训练:  25%|██▌       | 3/12 [00:00<00:00, 27.41it/s]
预训练:  83%|████████▎ | 10/12 [00:00<00:00, 49.95it/s]
预训练: 100%|██████████| 12/12 [00:00<00:00, 49.30it/s]
  [损失分解] Pred: 0.000298, Latent: 0.000094, Consistency: 0.000081
Epoch 430/500: Train Loss = 0.000473, Val Loss = 0.000267, LR = 6.25e-05

预训练:   0%|          | 0/12 [00:00<?, ?it/s]
预训练:  33%|███▎      | 4/12 [00:00<00:00, 34.62it/s]
预训练: 100%|██████████| 12/12 [00:00<00:00, 59.41it/s]
预训练: 100%|██████████| 12/12 [00:00<00:00, 55.44it/s]
  [损失分解] Pred: 0.000299, Latent: 0.000094, Consistency: 0.000082
Epoch 431/500: Train Loss = 0.000475, Val Loss = 0.000267, LR = 6.25e-05

预训练:   0%|          | 0/12 [00:00<?, ?it/s]
预训练:  17%|█▋        | 2/12 [00:00<00:00, 17.29it/s]
预训练:  75%|███████▌  | 9/12 [00:00<00:00, 45.29it/s]
预训练: 100%|██████████| 12/12 [00:00<00:00, 48.10it/s]
  [损失分解] Pred: 0.000297, Latent: 0.000094, Consistency: 0.000081
Epoch 432/500: Train Loss = 0.000472, Val Loss = 0.000267, LR = 6.25e-05

预训练:   0%|          | 0/12 [00:00<?, ?it/s]
预训练:  33%|███▎      | 4/12 [00:00<00:00, 37.95it/s]
预训练:  92%|█████████▏| 11/12 [00:00<00:00, 55.85it/s]
预训练: 100%|██████████| 12/12 [00:00<00:00, 54.63it/s]
  [损失分解] Pred: 0.000300, Latent: 0.000094, Consistency: 0.000082
  >>> 学习率降低: 6.25e-05 -> 3.13e-05
Epoch 433/500: Train Loss = 0.000477, Val Loss = 0.000267, LR = 3.13e-05

预训练:   0%|          | 0/12 [00:00<?, ?it/s]
预训练:   8%|▊         | 1/12 [00:00<00:01,  9.98it/s]
预训练:  50%|█████     | 6/12 [00:00<00:00, 32.14it/s]
预训练: 100%|██████████| 12/12 [00:00<00:00, 43.64it/s]
预训练: 100%|██████████| 12/12 [00:00<00:00, 38.44it/s]
  [损失分解] Pred: 0.000297, Latent: 0.000094, Consistency: 0.000081
Epoch 434/500: Train Loss = 0.000472, Val Loss = 0.000267, LR = 3.13e-05

预训练:   0%|          | 0/12 [00:00<?, ?it/s]
预训练:  25%|██▌       | 3/12 [00:00<00:00, 26.22it/s]
预训练:  83%|████████▎ | 10/12 [00:00<00:00, 48.87it/s]
预训练: 100%|██████████| 12/12 [00:00<00:00, 49.11it/s]
  [损失分解] Pred: 0.000298, Latent: 0.000094, Consistency: 0.000081
Epoch 435/500: Train Loss = 0.000473, Val Loss = 0.000267, LR = 3.13e-05

预训练:   0%|          | 0/12 [00:00<?, ?it/s]
预训练:  17%|█▋        | 2/12 [00:00<00:00, 17.34it/s]
预训练: 100%|██████████| 12/12 [00:00<00:00, 61.62it/s]
预训练: 100%|██████████| 12/12 [00:00<00:00, 54.64it/s]
  [损失分解] Pred: 0.000298, Latent: 0.000094, Consistency: 0.000082
Epoch 436/500: Train Loss = 0.000473, Val Loss = 0.000266, LR = 3.13e-05

预训练:   0%|          | 0/12 [00:00<?, ?it/s]
预训练:  33%|███▎      | 4/12 [00:00<00:00, 36.31it/s]
预训练: 100%|██████████| 12/12 [00:00<00:00, 57.77it/s]
  [损失分解] Pred: 0.000299, Latent: 0.000094, Consistency: 0.000082
Epoch 437/500: Train Loss = 0.000474, Val Loss = 0.000266, LR = 3.13e-05

预训练:   0%|          | 0/12 [00:00<?, ?it/s]
预训练:  25%|██▌       | 3/12 [00:00<00:00, 26.34it/s]
预训练:  92%|█████████▏| 11/12 [00:00<00:00, 53.79it/s]
预训练: 100%|██████████| 12/12 [00:00<00:00, 51.12it/s]
  [损失分解] Pred: 0.000297, Latent: 0.000094, Consistency: 0.000081
Epoch 438/500: Train Loss = 0.000472, Val Loss = 0.000267, LR = 3.13e-05

预训练:   0%|          | 0/12 [00:00<?, ?it/s]
预训练:  25%|██▌       | 3/12 [00:00<00:00, 26.82it/s]
预训练: 100%|██████████| 12/12 [00:00<00:00, 57.99it/s]
  [损失分解] Pred: 0.000299, Latent: 0.000094, Consistency: 0.000082
Epoch 439/500: Train Loss = 0.000474, Val Loss = 0.000267, LR = 3.13e-05

预训练:   0%|          | 0/12 [00:00<?, ?it/s]
预训练:  33%|███▎      | 4/12 [00:00<00:00, 32.64it/s]
预训练:  92%|█████████▏| 11/12 [00:00<00:00, 51.71it/s]
预训练: 100%|██████████| 12/12 [00:00<00:00, 51.04it/s]
  [损失分解] Pred: 0.000298, Latent: 0.000094, Consistency: 0.000082
Epoch 440/500: Train Loss = 0.000473, Val Loss = 0.000267, LR = 3.13e-05

预训练:   0%|          | 0/12 [00:00<?, ?it/s]
预训练:  33%|███▎      | 4/12 [00:00<00:00, 36.21it/s]
预训练: 100%|██████████| 12/12 [00:00<00:00, 58.81it/s]
  [损失分解] Pred: 0.000298, Latent: 0.000094, Consistency: 0.000082
Epoch 441/500: Train Loss = 0.000474, Val Loss = 0.000267, LR = 3.13e-05

预训练:   0%|          | 0/12 [00:00<?, ?it/s]
预训练:  33%|███▎      | 4/12 [00:00<00:00, 39.34it/s]
预训练:  92%|█████████▏| 11/12 [00:00<00:00, 56.00it/s]
预训练: 100%|██████████| 12/12 [00:00<00:00, 54.74it/s]
  [损失分解] Pred: 0.000298, Latent: 0.000094, Consistency: 0.000082
Epoch 442/500: Train Loss = 0.000473, Val Loss = 0.000267, LR = 3.13e-05

预训练:   0%|          | 0/12 [00:00<?, ?it/s]
预训练:  33%|███▎      | 4/12 [00:00<00:00, 34.18it/s]
预训练: 100%|██████████| 12/12 [00:00<00:00, 59.17it/s]
预训练: 100%|██████████| 12/12 [00:00<00:00, 55.14it/s]
  [损失分解] Pred: 0.000298, Latent: 0.000094, Consistency: 0.000081
Epoch 443/500: Train Loss = 0.000473, Val Loss = 0.000267, LR = 3.13e-05

预训练:   0%|          | 0/12 [00:00<?, ?it/s]
预训练:  33%|███▎      | 4/12 [00:00<00:00, 36.28it/s]
预训练:  83%|████████▎ | 10/12 [00:00<00:00, 49.48it/s]
预训练: 100%|██████████| 12/12 [00:00<00:00, 50.64it/s]
  [损失分解] Pred: 0.000299, Latent: 0.000094, Consistency: 0.000082
Epoch 444/500: Train Loss = 0.000475, Val Loss = 0.000267, LR = 3.13e-05

预训练:   0%|          | 0/12 [00:00<?, ?it/s]
预训练:  17%|█▋        | 2/12 [00:00<00:00, 18.51it/s]
预训练:  83%|████████▎ | 10/12 [00:00<00:00, 51.20it/s]
预训练: 100%|██████████| 12/12 [00:00<00:00, 50.16it/s]
  [损失分解] Pred: 0.000300, Latent: 0.000094, Consistency: 0.000082
Epoch 445/500: Train Loss = 0.000476, Val Loss = 0.000267, LR = 3.13e-05

预训练:   0%|          | 0/12 [00:00<?, ?it/s]
预训练:  42%|████▏     | 5/12 [00:00<00:00, 42.67it/s]
预训练: 100%|██████████| 12/12 [00:00<00:00, 55.92it/s]
预训练: 100%|██████████| 12/12 [00:00<00:00, 53.83it/s]
  [损失分解] Pred: 0.000297, Latent: 0.000094, Consistency: 0.000081
Epoch 446/500: Train Loss = 0.000472, Val Loss = 0.000267, LR = 3.13e-05

预训练:   0%|          | 0/12 [00:00<?, ?it/s]
预训练:  33%|███▎      | 4/12 [00:00<00:00, 38.21it/s]
预训练:  92%|█████████▏| 11/12 [00:00<00:00, 53.56it/s]
预训练: 100%|██████████| 12/12 [00:00<00:00, 52.43it/s]
  [损失分解] Pred: 0.000300, Latent: 0.000094, Consistency: 0.000082
  >>> 学习率降低: 3.13e-05 -> 1.56e-05
Epoch 447/500: Train Loss = 0.000476, Val Loss = 0.000266, LR = 1.56e-05

预训练:   0%|          | 0/12 [00:00<?, ?it/s]
预训练:  25%|██▌       | 3/12 [00:00<00:00, 29.27it/s]
预训练:  92%|█████████▏| 11/12 [00:00<00:00, 56.58it/s]
预训练: 100%|██████████| 12/12 [00:00<00:00, 53.54it/s]
  [损失分解] Pred: 0.000298, Latent: 0.000093, Consistency: 0.000081
Epoch 448/500: Train Loss = 0.000473, Val Loss = 0.000267, LR = 1.56e-05

预训练:   0%|          | 0/12 [00:00<?, ?it/s]
预训练:   8%|▊         | 1/12 [00:00<00:01,  8.87it/s]
预训练:  58%|█████▊    | 7/12 [00:00<00:00, 37.37it/s]
预训练: 100%|██████████| 12/12 [00:00<00:00, 45.56it/s]
  [损失分解] Pred: 0.000298, Latent: 0.000094, Consistency: 0.000081
Epoch 449/500: Train Loss = 0.000473, Val Loss = 0.000267, LR = 1.56e-05

预训练:   0%|          | 0/12 [00:00<?, ?it/s]
预训练:  33%|███▎      | 4/12 [00:00<00:00, 34.68it/s]
预训练:  92%|█████████▏| 11/12 [00:00<00:00, 52.92it/s]
预训练: 100%|██████████| 12/12 [00:00<00:00, 52.12it/s]
  [损失分解] Pred: 0.000298, Latent: 0.000094, Consistency: 0.000081
Epoch 450/500: Train Loss = 0.000473, Val Loss = 0.000266, LR = 1.56e-05

预训练:   0%|          | 0/12 [00:00<?, ?it/s]
预训练:  25%|██▌       | 3/12 [00:00<00:00, 26.78it/s]
预训练:  92%|█████████▏| 11/12 [00:00<00:00, 56.37it/s]
预训练: 100%|██████████| 12/12 [00:00<00:00, 53.44it/s]
  [损失分解] Pred: 0.000298, Latent: 0.000094, Consistency: 0.000081
Epoch 451/500: Train Loss = 0.000473, Val Loss = 0.000267, LR = 1.56e-05

预训练:   0%|          | 0/12 [00:00<?, ?it/s]
预训练:  25%|██▌       | 3/12 [00:00<00:00, 29.97it/s]
预训练:  83%|████████▎ | 10/12 [00:00<00:00, 51.90it/s]
预训练: 100%|██████████| 12/12 [00:00<00:00, 51.48it/s]
  [损失分解] Pred: 0.000298, Latent: 0.000094, Consistency: 0.000081
Epoch 452/500: Train Loss = 0.000473, Val Loss = 0.000267, LR = 1.56e-05

预训练:   0%|          | 0/12 [00:00<?, ?it/s]
预训练:  33%|███▎      | 4/12 [00:00<00:00, 34.35it/s]
预训练:  83%|████████▎ | 10/12 [00:00<00:00, 47.67it/s]
预训练: 100%|██████████| 12/12 [00:00<00:00, 48.65it/s]
  [损失分解] Pred: 0.000296, Latent: 0.000093, Consistency: 0.000081
Epoch 453/500: Train Loss = 0.000470, Val Loss = 0.000267, LR = 1.56e-05

预训练:   0%|          | 0/12 [00:00<?, ?it/s]
预训练:  33%|███▎      | 4/12 [00:00<00:00, 35.75it/s]
预训练:  92%|█████████▏| 11/12 [00:00<00:00, 53.66it/s]
预训练: 100%|██████████| 12/12 [00:00<00:00, 52.37it/s]
  [损失分解] Pred: 0.000298, Latent: 0.000094, Consistency: 0.000081
Epoch 454/500: Train Loss = 0.000473, Val Loss = 0.000267, LR = 1.56e-05

预训练:   0%|          | 0/12 [00:00<?, ?it/s]
预训练:  33%|███▎      | 4/12 [00:00<00:00, 37.24it/s]
预训练: 100%|██████████| 12/12 [00:00<00:00, 57.92it/s]
预训练: 100%|██████████| 12/12 [00:00<00:00, 54.87it/s]
  [损失分解] Pred: 0.000297, Latent: 0.000094, Consistency: 0.000081
Epoch 455/500: Train Loss = 0.000473, Val Loss = 0.000266, LR = 1.56e-05

预训练:   0%|          | 0/12 [00:00<?, ?it/s]
预训练:  25%|██▌       | 3/12 [00:00<00:00, 28.49it/s]
预训练: 100%|██████████| 12/12 [00:00<00:00, 60.40it/s]
预训练: 100%|██████████| 12/12 [00:00<00:00, 55.72it/s]
  [损失分解] Pred: 0.000297, Latent: 0.000094, Consistency: 0.000081
Epoch 456/500: Train Loss = 0.000471, Val Loss = 0.000267, LR = 1.56e-05
早停触发（patience=100）
  >>> 回载最佳检查点 pretrain_best.pth (val_loss=0.000271)
预训练完成，最佳验证损失: 0.000271

============================================================
阶段2：最终EDMD优化Koopman矩阵
============================================================
固定编码器，重新计算最优Koopman矩阵...
步骤1：编码所有训练数据...

编码数据:   0%|          | 0/12 [00:00<?, ?it/s]
编码数据:   8%|▊         | 1/12 [00:06<01:11,  6.54s/it]
编码数据: 100%|██████████| 12/12 [00:06<00:00,  1.83it/s]
  编码完成：23758 个样本
  潜在维度：10
  控制维度：2

步骤2：计算EDMD闭式解...
  Koopman矩阵A: (10, 10)
  控制矩阵B: (10, 2)
  谱半径（SVD前）: 1.0005

步骤3：SVD后处理...
  跳过SVD限制

步骤4：更新模型...
  Koopman矩阵已更新

步骤5：验证EDMD性能...
  训练集预测RMSE: 0.016071

EDMD训练完成！

============================================================
Evaluating model
============================================================
One-step test RMSE: 0.015712

Saving model and results...
  Normalisation parameters saved

Model saved:
  Path: D:\Project\code-projectv2\results\platform2\Models\patchtst_koopman\model_20260623_221946.pth
  Spectral radius: 1.0005
  Timestamp: 2026-06-23 22:19:46
  Normalisation parameters saved

Model saved:
  Path: D:\Project\code-projectv2\results\platform2\Models\patchtst_koopman\model_best.pth
  Spectral radius: 1.0005
  Timestamp: 2026-06-23 22:19:46
Trajectory length: 500 steps (predicting 492)
  RMSE: 2.589828
  MAE:  2.184861
Plot saved: D:\Project\code-projectv2\results\platform2\Models\patchtst_koopman\auto_test\test_prediction.png

Results saved: D:\Project\code-projectv2\results\platform2\Models\patchtst_koopman\results_20260623_221948.json

============================================================
Training complete
============================================================
  Model:      D:\Project\code-projectv2\results\platform2\Models\patchtst_koopman\model_20260623_221946.pth
  Test plot:  D:\Project\code-projectv2\results\platform2\Models\patchtst_koopman\auto_test\test_prediction.png
  Rollout RMSE: 2.589828
  Rollout MAE:  2.184861

============================================================
Exit code: 0
Finished: 2026-06-23T22:19:48.591545
